dataset,weight_mode,label_mode,stl_setting,perturb_setting,noise_scale,mask_p,warp_ratio,metric,value
electricity,pretrained,phase8,na,n0.01_m0.03_w1.5,0.01,0.03,1.5,LCS_clean,-0.03533760830760002
electricity,pretrained,phase8,na,n0.01_m0.03_w1.5,0.01,0.03,1.5,LCS_noise,-0.03479534015059471
electricity,pretrained,phase8,na,n0.01_m0.03_w1.5,0.01,0.03,1.5,LCS_mask,-0.03497611731290817
electricity,pretrained,phase8,na,n0.01_m0.03_w1.5,0.01,0.03,1.5,LCS_warp,-0.041552722454071045
electricity,pretrained,phase8,na,n0.01_m0.03_w1.5,0.01,0.03,1.5,TSI_noise,0.9999008774757385
electricity,pretrained,phase8,na,n0.01_m0.03_w1.5,0.01,0.03,1.5,TSI_mask,0.9999092817306519
electricity,pretrained,phase8,na,n0.01_m0.03_w1.5,0.01,0.03,1.5,TSI_warp,0.9921237826347351
electricity,pretrained,phase8,na,n0.01_m0.03_w1.5,0.01,0.03,1.5,GSP_noise,-0.0005422681570053101
electricity,pretrained,phase8,na,n0.01_m0.03_w1.5,0.01,0.03,1.5,GSP_mask,-0.00036149099469184875
electricity,pretrained,phase8,na,n0.01_m0.03_w1.5,0.01,0.03,1.5,GSP_warp,0.0062151141464710236
electricity,pretrained,stl,p24_k4,n0.01_m0.03_w1.5,0.01,0.03,1.5,LCS_clean,0.0010033687576651573
electricity,pretrained,stl,p24_k4,n0.01_m0.03_w1.5,0.01,0.03,1.5,LCS_noise,0.002768297679722309
electricity,pretrained,stl,p24_k4,n0.01_m0.03_w1.5,0.01,0.03,1.5,LCS_mask,0.000778478104621172
electricity,pretrained,stl,p24_k4,n0.01_m0.03_w1.5,0.01,0.03,1.5,LCS_warp,-0.002774530090391636
electricity,pretrained,stl,p24_k4,n0.01_m0.03_w1.5,0.01,0.03,1.5,TSI_noise,0.9999008774757385
electricity,pretrained,stl,p24_k4,n0.01_m0.03_w1.5,0.01,0.03,1.5,TSI_mask,0.9999092817306519
electricity,pretrained,stl,p24_k4,n0.01_m0.03_w1.5,0.01,0.03,1.5,TSI_warp,0.9921237826347351
electricity,pretrained,stl,p24_k4,n0.01_m0.03_w1.5,0.01,0.03,1.5,GSP_noise,-0.0017649289220571518
electricity,pretrained,stl,p24_k4,n0.01_m0.03_w1.5,0.01,0.03,1.5,GSP_mask,0.00022489065304398537
electricity,pretrained,stl,p24_k4,n0.01_m0.03_w1.5,0.01,0.03,1.5,GSP_warp,0.003777898848056793
electricity,pretrained,stl,p24_k8,n0.01_m0.03_w1.5,0.01,0.03,1.5,LCS_clean,-0.01524264644831419
electricity,pretrained,stl,p24_k8,n0.01_m0.03_w1.5,0.01,0.03,1.5,LCS_noise,-0.013046087697148323
electricity,pretrained,stl,p24_k8,n0.01_m0.03_w1.5,0.01,0.03,1.5,LCS_mask,-0.014847725629806519
electricity,pretrained,stl,p24_k8,n0.01_m0.03_w1.5,0.01,0.03,1.5,LCS_warp,-0.01771073415875435
electricity,pretrained,stl,p24_k8,n0.01_m0.03_w1.5,0.01,0.03,1.5,TSI_noise,0.9999008774757385
electricity,pretrained,stl,p24_k8,n0.01_m0.03_w1.5,0.01,0.03,1.5,TSI_mask,0.9999092817306519
electricity,pretrained,stl,p24_k8,n0.01_m0.03_w1.5,0.01,0.03,1.5,TSI_warp,0.9921237826347351
electricity,pretrained,stl,p24_k8,n0.01_m0.03_w1.5,0.01,0.03,1.5,GSP_noise,-0.002196558751165867
electricity,pretrained,stl,p24_k8,n0.01_m0.03_w1.5,0.01,0.03,1.5,GSP_mask,-0.00039492081850767136
electricity,pretrained,stl,p24_k8,n0.01_m0.03_w1.5,0.01,0.03,1.5,GSP_warp,0.002468087710440159
electricity,pretrained,stl,p24_k12,n0.01_m0.03_w1.5,0.01,0.03,1.5,LCS_clean,-0.03769192844629288
electricity,pretrained,stl,p24_k12,n0.01_m0.03_w1.5,0.01,0.03,1.5,LCS_noise,-0.03623627498745918
electricity,pretrained,stl,p24_k12,n0.01_m0.03_w1.5,0.01,0.03,1.5,LCS_mask,-0.03630988299846649
electricity,pretrained,stl,p24_k12,n0.01_m0.03_w1.5,0.01,0.03,1.5,LCS_warp,-0.0558752566576004
electricity,pretrained,stl,p24_k12,n0.01_m0.03_w1.5,0.01,0.03,1.5,TSI_noise,0.9999008774757385
electricity,pretrained,stl,p24_k12,n0.01_m0.03_w1.5,0.01,0.03,1.5,TSI_mask,0.9999092817306519
electricity,pretrained,stl,p24_k12,n0.01_m0.03_w1.5,0.01,0.03,1.5,TSI_warp,0.9921237826347351
electricity,pretrained,stl,p24_k12,n0.01_m0.03_w1.5,0.01,0.03,1.5,GSP_noise,-0.0014556534588336945
electricity,pretrained,stl,p24_k12,n0.01_m0.03_w1.5,0.01,0.03,1.5,GSP_mask,-0.0013820454478263855
electricity,pretrained,stl,p24_k12,n0.01_m0.03_w1.5,0.01,0.03,1.5,GSP_warp,0.018183328211307526
electricity,pretrained,stl,p48_k4,n0.01_m0.03_w1.5,0.01,0.03,1.5,LCS_clean,-0.02065553329885006
electricity,pretrained,stl,p48_k4,n0.01_m0.03_w1.5,0.01,0.03,1.5,LCS_noise,-0.018685413524508476
electricity,pretrained,stl,p48_k4,n0.01_m0.03_w1.5,0.01,0.03,1.5,LCS_mask,-0.019764799624681473
electricity,pretrained,stl,p48_k4,n0.01_m0.03_w1.5,0.01,0.03,1.5,LCS_warp,-0.017384804785251617
electricity,pretrained,stl,p48_k4,n0.01_m0.03_w1.5,0.01,0.03,1.5,TSI_noise,0.9999008774757385
electricity,pretrained,stl,p48_k4,n0.01_m0.03_w1.5,0.01,0.03,1.5,TSI_mask,0.9999092817306519
electricity,pretrained,stl,p48_k4,n0.01_m0.03_w1.5,0.01,0.03,1.5,TSI_warp,0.9921237826347351
electricity,pretrained,stl,p48_k4,n0.01_m0.03_w1.5,0.01,0.03,1.5,GSP_noise,-0.0019701197743415833
electricity,pretrained,stl,p48_k4,n0.01_m0.03_w1.5,0.01,0.03,1.5,GSP_mask,-0.0008907336741685867
electricity,pretrained,stl,p48_k4,n0.01_m0.03_w1.5,0.01,0.03,1.5,GSP_warp,-0.003270728513598442
electricity,pretrained,stl,p48_k8,n0.01_m0.03_w1.5,0.01,0.03,1.5,LCS_clean,-0.038437195122241974
electricity,pretrained,stl,p48_k8,n0.01_m0.03_w1.5,0.01,0.03,1.5,LCS_noise,-0.03749089688062668
electricity,pretrained,stl,p48_k8,n0.01_m0.03_w1.5,0.01,0.03,1.5,LCS_mask,-0.036421336233615875
electricity,pretrained,stl,p48_k8,n0.01_m0.03_w1.5,0.01,0.03,1.5,LCS_warp,-0.030015775933861732
electricity,pretrained,stl,p48_k8,n0.01_m0.03_w1.5,0.01,0.03,1.5,TSI_noise,0.9999008774757385
electricity,pretrained,stl,p48_k8,n0.01_m0.03_w1.5,0.01,0.03,1.5,TSI_mask,0.9999092817306519
electricity,pretrained,stl,p48_k8,n0.01_m0.03_w1.5,0.01,0.03,1.5,TSI_warp,0.9921237826347351
electricity,pretrained,stl,p48_k8,n0.01_m0.03_w1.5,0.01,0.03,1.5,GSP_noise,-0.0009462982416152954
electricity,pretrained,stl,p48_k8,n0.01_m0.03_w1.5,0.01,0.03,1.5,GSP_mask,-0.0020158588886260986
electricity,pretrained,stl,p48_k8,n0.01_m0.03_w1.5,0.01,0.03,1.5,GSP_warp,-0.008421419188380241
electricity,pretrained,stl,p48_k12,n0.01_m0.03_w1.5,0.01,0.03,1.5,LCS_clean,-0.03637457638978958
electricity,pretrained,stl,p48_k12,n0.01_m0.03_w1.5,0.01,0.03,1.5,LCS_noise,-0.036868833005428314
electricity,pretrained,stl,p48_k12,n0.01_m0.03_w1.5,0.01,0.03,1.5,LCS_mask,-0.03583758324384689
electricity,pretrained,stl,p48_k12,n0.01_m0.03_w1.5,0.01,0.03,1.5,LCS_warp,-0.03919704258441925
electricity,pretrained,stl,p48_k12,n0.01_m0.03_w1.5,0.01,0.03,1.5,TSI_noise,0.9999008774757385
electricity,pretrained,stl,p48_k12,n0.01_m0.03_w1.5,0.01,0.03,1.5,TSI_mask,0.9999092817306519
electricity,pretrained,stl,p48_k12,n0.01_m0.03_w1.5,0.01,0.03,1.5,TSI_warp,0.9921237826347351
electricity,pretrained,stl,p48_k12,n0.01_m0.03_w1.5,0.01,0.03,1.5,GSP_noise,0.0004942566156387329
electricity,pretrained,stl,p48_k12,n0.01_m0.03_w1.5,0.01,0.03,1.5,GSP_mask,-0.000536993145942688
electricity,pretrained,stl,p48_k12,n0.01_m0.03_w1.5,0.01,0.03,1.5,GSP_warp,0.002822466194629669
electricity,pretrained,stl,p96_k4,n0.01_m0.03_w1.5,0.01,0.03,1.5,LCS_clean,-0.024937734007835388
electricity,pretrained,stl,p96_k4,n0.01_m0.03_w1.5,0.01,0.03,1.5,LCS_noise,-0.02333923801779747
electricity,pretrained,stl,p96_k4,n0.01_m0.03_w1.5,0.01,0.03,1.5,LCS_mask,-0.024568360298871994
electricity,pretrained,stl,p96_k4,n0.01_m0.03_w1.5,0.01,0.03,1.5,LCS_warp,-0.030577434226870537
electricity,pretrained,stl,p96_k4,n0.01_m0.03_w1.5,0.01,0.03,1.5,TSI_noise,0.9999008774757385
electricity,pretrained,stl,p96_k4,n0.01_m0.03_w1.5,0.01,0.03,1.5,TSI_mask,0.9999092817306519
electricity,pretrained,stl,p96_k4,n0.01_m0.03_w1.5,0.01,0.03,1.5,TSI_warp,0.9921237826347351
electricity,pretrained,stl,p96_k4,n0.01_m0.03_w1.5,0.01,0.03,1.5,GSP_noise,-0.001598495990037918
electricity,pretrained,stl,p96_k4,n0.01_m0.03_w1.5,0.01,0.03,1.5,GSP_mask,-0.00036937370896339417
electricity,pretrained,stl,p96_k4,n0.01_m0.03_w1.5,0.01,0.03,1.5,GSP_warp,0.005639700219035149
electricity,pretrained,stl,p96_k8,n0.01_m0.03_w1.5,0.01,0.03,1.5,LCS_clean,-0.05526850000023842
electricity,pretrained,stl,p96_k8,n0.01_m0.03_w1.5,0.01,0.03,1.5,LCS_noise,-0.05367041379213333
electricity,pretrained,stl,p96_k8,n0.01_m0.03_w1.5,0.01,0.03,1.5,LCS_mask,-0.05535613372921944
electricity,pretrained,stl,p96_k8,n0.01_m0.03_w1.5,0.01,0.03,1.5,LCS_warp,-0.05709049105644226
electricity,pretrained,stl,p96_k8,n0.01_m0.03_w1.5,0.01,0.03,1.5,TSI_noise,0.9999008774757385
electricity,pretrained,stl,p96_k8,n0.01_m0.03_w1.5,0.01,0.03,1.5,TSI_mask,0.9999092817306519
electricity,pretrained,stl,p96_k8,n0.01_m0.03_w1.5,0.01,0.03,1.5,TSI_warp,0.9921237826347351
electricity,pretrained,stl,p96_k8,n0.01_m0.03_w1.5,0.01,0.03,1.5,GSP_noise,-0.0015980862081050873
electricity,pretrained,stl,p96_k8,n0.01_m0.03_w1.5,0.01,0.03,1.5,GSP_mask,8.763372898101807e-05
electricity,pretrained,stl,p96_k8,n0.01_m0.03_w1.5,0.01,0.03,1.5,GSP_warp,0.0018219910562038422
electricity,pretrained,stl,p96_k12,n0.01_m0.03_w1.5,0.01,0.03,1.5,LCS_clean,-0.059412844479084015
electricity,pretrained,stl,p96_k12,n0.01_m0.03_w1.5,0.01,0.03,1.5,LCS_noise,-0.06082697957754135
electricity,pretrained,stl,p96_k12,n0.01_m0.03_w1.5,0.01,0.03,1.5,LCS_mask,-0.058697961270809174
electricity,pretrained,stl,p96_k12,n0.01_m0.03_w1.5,0.01,0.03,1.5,LCS_warp,-0.06957200914621353
electricity,pretrained,stl,p96_k12,n0.01_m0.03_w1.5,0.01,0.03,1.5,TSI_noise,0.9999008774757385
electricity,pretrained,stl,p96_k12,n0.01_m0.03_w1.5,0.01,0.03,1.5,TSI_mask,0.9999092817306519
electricity,pretrained,stl,p96_k12,n0.01_m0.03_w1.5,0.01,0.03,1.5,TSI_warp,0.9921237826347351
electricity,pretrained,stl,p96_k12,n0.01_m0.03_w1.5,0.01,0.03,1.5,GSP_noise,0.0014141350984573364
electricity,pretrained,stl,p96_k12,n0.01_m0.03_w1.5,0.01,0.03,1.5,GSP_mask,-0.0007148832082748413
electricity,pretrained,stl,p96_k12,n0.01_m0.03_w1.5,0.01,0.03,1.5,GSP_warp,0.010159164667129517
electricity,pretrained,phase8,na,n0.01_m0.03_w2,0.01,0.03,2.0,LCS_clean,-0.03533760830760002
electricity,pretrained,phase8,na,n0.01_m0.03_w2,0.01,0.03,2.0,LCS_noise,-0.03508797660470009
electricity,pretrained,phase8,na,n0.01_m0.03_w2,0.01,0.03,2.0,LCS_mask,-0.037380650639534
electricity,pretrained,phase8,na,n0.01_m0.03_w2,0.01,0.03,2.0,LCS_warp,-0.03489167243242264
electricity,pretrained,phase8,na,n0.01_m0.03_w2,0.01,0.03,2.0,TSI_noise,0.9998944401741028
electricity,pretrained,phase8,na,n0.01_m0.03_w2,0.01,0.03,2.0,TSI_mask,0.9998969435691833
electricity,pretrained,phase8,na,n0.01_m0.03_w2,0.01,0.03,2.0,TSI_warp,0.9896152019500732
electricity,pretrained,phase8,na,n0.01_m0.03_w2,0.01,0.03,2.0,GSP_noise,-0.00024963170289993286
electricity,pretrained,phase8,na,n0.01_m0.03_w2,0.01,0.03,2.0,GSP_mask,0.0020430423319339752
electricity,pretrained,phase8,na,n0.01_m0.03_w2,0.01,0.03,2.0,GSP_warp,-0.0004459358751773834
electricity,pretrained,stl,p24_k4,n0.01_m0.03_w2,0.01,0.03,2.0,LCS_clean,0.0010033687576651573
electricity,pretrained,stl,p24_k4,n0.01_m0.03_w2,0.01,0.03,2.0,LCS_noise,0.003328560618683696
electricity,pretrained,stl,p24_k4,n0.01_m0.03_w2,0.01,0.03,2.0,LCS_mask,-0.00047278194688260555
electricity,pretrained,stl,p24_k4,n0.01_m0.03_w2,0.01,0.03,2.0,LCS_warp,-0.005838486365973949
electricity,pretrained,stl,p24_k4,n0.01_m0.03_w2,0.01,0.03,2.0,TSI_noise,0.9998944401741028
electricity,pretrained,stl,p24_k4,n0.01_m0.03_w2,0.01,0.03,2.0,TSI_mask,0.9998969435691833
electricity,pretrained,stl,p24_k4,n0.01_m0.03_w2,0.01,0.03,2.0,TSI_warp,0.9896152019500732
electricity,pretrained,stl,p24_k4,n0.01_m0.03_w2,0.01,0.03,2.0,GSP_noise,-0.0023251918610185385
electricity,pretrained,stl,p24_k4,n0.01_m0.03_w2,0.01,0.03,2.0,GSP_mask,0.0014761507045477629
electricity,pretrained,stl,p24_k4,n0.01_m0.03_w2,0.01,0.03,2.0,GSP_warp,0.006841855123639107
electricity,pretrained,stl,p24_k8,n0.01_m0.03_w2,0.01,0.03,2.0,LCS_clean,-0.01524264644831419
electricity,pretrained,stl,p24_k8,n0.01_m0.03_w2,0.01,0.03,2.0,LCS_noise,-0.012936053797602654
electricity,pretrained,stl,p24_k8,n0.01_m0.03_w2,0.01,0.03,2.0,LCS_mask,-0.016228873282670975
electricity,pretrained,stl,p24_k8,n0.01_m0.03_w2,0.01,0.03,2.0,LCS_warp,-0.024833444505929947
electricity,pretrained,stl,p24_k8,n0.01_m0.03_w2,0.01,0.03,2.0,TSI_noise,0.9998944401741028
electricity,pretrained,stl,p24_k8,n0.01_m0.03_w2,0.01,0.03,2.0,TSI_mask,0.9998969435691833
electricity,pretrained,stl,p24_k8,n0.01_m0.03_w2,0.01,0.03,2.0,TSI_warp,0.9896152019500732
electricity,pretrained,stl,p24_k8,n0.01_m0.03_w2,0.01,0.03,2.0,GSP_noise,-0.0023065926507115364
electricity,pretrained,stl,p24_k8,n0.01_m0.03_w2,0.01,0.03,2.0,GSP_mask,0.0009862268343567848
electricity,pretrained,stl,p24_k8,n0.01_m0.03_w2,0.01,0.03,2.0,GSP_warp,0.009590798057615757
electricity,pretrained,stl,p24_k12,n0.01_m0.03_w2,0.01,0.03,2.0,LCS_clean,-0.03769192844629288
electricity,pretrained,stl,p24_k12,n0.01_m0.03_w2,0.01,0.03,2.0,LCS_noise,-0.034748490899801254
electricity,pretrained,stl,p24_k12,n0.01_m0.03_w2,0.01,0.03,2.0,LCS_mask,-0.03780636936426163
electricity,pretrained,stl,p24_k12,n0.01_m0.03_w2,0.01,0.03,2.0,LCS_warp,-0.055257365107536316
electricity,pretrained,stl,p24_k12,n0.01_m0.03_w2,0.01,0.03,2.0,TSI_noise,0.9998944401741028
electricity,pretrained,stl,p24_k12,n0.01_m0.03_w2,0.01,0.03,2.0,TSI_mask,0.9998969435691833
electricity,pretrained,stl,p24_k12,n0.01_m0.03_w2,0.01,0.03,2.0,TSI_warp,0.9896152019500732
electricity,pretrained,stl,p24_k12,n0.01_m0.03_w2,0.01,0.03,2.0,GSP_noise,-0.002943437546491623
electricity,pretrained,stl,p24_k12,n0.01_m0.03_w2,0.01,0.03,2.0,GSP_mask,0.00011444091796875
electricity,pretrained,stl,p24_k12,n0.01_m0.03_w2,0.01,0.03,2.0,GSP_warp,0.01756543666124344
electricity,pretrained,stl,p48_k4,n0.01_m0.03_w2,0.01,0.03,2.0,LCS_clean,-0.02065553329885006
electricity,pretrained,stl,p48_k4,n0.01_m0.03_w2,0.01,0.03,2.0,LCS_noise,-0.0192255862057209
electricity,pretrained,stl,p48_k4,n0.01_m0.03_w2,0.01,0.03,2.0,LCS_mask,-0.020365025848150253
electricity,pretrained,stl,p48_k4,n0.01_m0.03_w2,0.01,0.03,2.0,LCS_warp,-0.018588460981845856
electricity,pretrained,stl,p48_k4,n0.01_m0.03_w2,0.01,0.03,2.0,TSI_noise,0.9998944401741028
electricity,pretrained,stl,p48_k4,n0.01_m0.03_w2,0.01,0.03,2.0,TSI_mask,0.9998969435691833
electricity,pretrained,stl,p48_k4,n0.01_m0.03_w2,0.01,0.03,2.0,TSI_warp,0.9896152019500732
electricity,pretrained,stl,p48_k4,n0.01_m0.03_w2,0.01,0.03,2.0,GSP_noise,-0.001429947093129158
electricity,pretrained,stl,p48_k4,n0.01_m0.03_w2,0.01,0.03,2.0,GSP_mask,-0.0002905074506998062
electricity,pretrained,stl,p48_k4,n0.01_m0.03_w2,0.01,0.03,2.0,GSP_warp,-0.002067072317004204
electricity,pretrained,stl,p48_k8,n0.01_m0.03_w2,0.01,0.03,2.0,LCS_clean,-0.038437195122241974
electricity,pretrained,stl,p48_k8,n0.01_m0.03_w2,0.01,0.03,2.0,LCS_noise,-0.03723612427711487
electricity,pretrained,stl,p48_k8,n0.01_m0.03_w2,0.01,0.03,2.0,LCS_mask,-0.03785594925284386
electricity,pretrained,stl,p48_k8,n0.01_m0.03_w2,0.01,0.03,2.0,LCS_warp,-0.058870360255241394
electricity,pretrained,stl,p48_k8,n0.01_m0.03_w2,0.01,0.03,2.0,TSI_noise,0.9998944401741028
electricity,pretrained,stl,p48_k8,n0.01_m0.03_w2,0.01,0.03,2.0,TSI_mask,0.9998969435691833
electricity,pretrained,stl,p48_k8,n0.01_m0.03_w2,0.01,0.03,2.0,TSI_warp,0.9896152019500732
electricity,pretrained,stl,p48_k8,n0.01_m0.03_w2,0.01,0.03,2.0,GSP_noise,-0.0012010708451271057
electricity,pretrained,stl,p48_k8,n0.01_m0.03_w2,0.01,0.03,2.0,GSP_mask,-0.0005812458693981171
electricity,pretrained,stl,p48_k8,n0.01_m0.03_w2,0.01,0.03,2.0,GSP_warp,0.02043316513299942
electricity,pretrained,stl,p48_k12,n0.01_m0.03_w2,0.01,0.03,2.0,LCS_clean,-0.03637457638978958
electricity,pretrained,stl,p48_k12,n0.01_m0.03_w2,0.01,0.03,2.0,LCS_noise,-0.03700512647628784
electricity,pretrained,stl,p48_k12,n0.01_m0.03_w2,0.01,0.03,2.0,LCS_mask,-0.03659095615148544
electricity,pretrained,stl,p48_k12,n0.01_m0.03_w2,0.01,0.03,2.0,LCS_warp,-0.05329076200723648
electricity,pretrained,stl,p48_k12,n0.01_m0.03_w2,0.01,0.03,2.0,TSI_noise,0.9998944401741028
electricity,pretrained,stl,p48_k12,n0.01_m0.03_w2,0.01,0.03,2.0,TSI_mask,0.9998969435691833
electricity,pretrained,stl,p48_k12,n0.01_m0.03_w2,0.01,0.03,2.0,TSI_warp,0.9896152019500732
electricity,pretrained,stl,p48_k12,n0.01_m0.03_w2,0.01,0.03,2.0,GSP_noise,0.0006305500864982605
electricity,pretrained,stl,p48_k12,n0.01_m0.03_w2,0.01,0.03,2.0,GSP_mask,0.00021637976169586182
electricity,pretrained,stl,p48_k12,n0.01_m0.03_w2,0.01,0.03,2.0,GSP_warp,0.0169161856174469
electricity,pretrained,stl,p96_k4,n0.01_m0.03_w2,0.01,0.03,2.0,LCS_clean,-0.024937734007835388
electricity,pretrained,stl,p96_k4,n0.01_m0.03_w2,0.01,0.03,2.0,LCS_noise,-0.022534726187586784
electricity,pretrained,stl,p96_k4,n0.01_m0.03_w2,0.01,0.03,2.0,LCS_mask,-0.02471129037439823
electricity,pretrained,stl,p96_k4,n0.01_m0.03_w2,0.01,0.03,2.0,LCS_warp,-0.029980456456542015
electricity,pretrained,stl,p96_k4,n0.01_m0.03_w2,0.01,0.03,2.0,TSI_noise,0.9998944401741028
electricity,pretrained,stl,p96_k4,n0.01_m0.03_w2,0.01,0.03,2.0,TSI_mask,0.9998969435691833
electricity,pretrained,stl,p96_k4,n0.01_m0.03_w2,0.01,0.03,2.0,TSI_warp,0.9896152019500732
electricity,pretrained,stl,p96_k4,n0.01_m0.03_w2,0.01,0.03,2.0,GSP_noise,-0.002403007820248604
electricity,pretrained,stl,p96_k4,n0.01_m0.03_w2,0.01,0.03,2.0,GSP_mask,-0.00022644363343715668
electricity,pretrained,stl,p96_k4,n0.01_m0.03_w2,0.01,0.03,2.0,GSP_warp,0.005042722448706627
electricity,pretrained,stl,p96_k8,n0.01_m0.03_w2,0.01,0.03,2.0,LCS_clean,-0.05526850000023842
electricity,pretrained,stl,p96_k8,n0.01_m0.03_w2,0.01,0.03,2.0,LCS_noise,-0.05246537923812866
electricity,pretrained,stl,p96_k8,n0.01_m0.03_w2,0.01,0.03,2.0,LCS_mask,-0.05631260201334953
electricity,pretrained,stl,p96_k8,n0.01_m0.03_w2,0.01,0.03,2.0,LCS_warp,-0.046280812472105026
electricity,pretrained,stl,p96_k8,n0.01_m0.03_w2,0.01,0.03,2.0,TSI_noise,0.9998944401741028
electricity,pretrained,stl,p96_k8,n0.01_m0.03_w2,0.01,0.03,2.0,TSI_mask,0.9998969435691833
electricity,pretrained,stl,p96_k8,n0.01_m0.03_w2,0.01,0.03,2.0,TSI_warp,0.9896152019500732
electricity,pretrained,stl,p96_k8,n0.01_m0.03_w2,0.01,0.03,2.0,GSP_noise,-0.0028031207621097565
electricity,pretrained,stl,p96_k8,n0.01_m0.03_w2,0.01,0.03,2.0,GSP_mask,0.0010441020131111145
electricity,pretrained,stl,p96_k8,n0.01_m0.03_w2,0.01,0.03,2.0,GSP_warp,-0.008987687528133392
electricity,pretrained,stl,p96_k12,n0.01_m0.03_w2,0.01,0.03,2.0,LCS_clean,-0.059412844479084015
electricity,pretrained,stl,p96_k12,n0.01_m0.03_w2,0.01,0.03,2.0,LCS_noise,-0.06117286533117294
electricity,pretrained,stl,p96_k12,n0.01_m0.03_w2,0.01,0.03,2.0,LCS_mask,-0.05827955901622772
electricity,pretrained,stl,p96_k12,n0.01_m0.03_w2,0.01,0.03,2.0,LCS_warp,-0.08254347741603851
electricity,pretrained,stl,p96_k12,n0.01_m0.03_w2,0.01,0.03,2.0,TSI_noise,0.9998944401741028
electricity,pretrained,stl,p96_k12,n0.01_m0.03_w2,0.01,0.03,2.0,TSI_mask,0.9998969435691833
electricity,pretrained,stl,p96_k12,n0.01_m0.03_w2,0.01,0.03,2.0,TSI_warp,0.9896152019500732
electricity,pretrained,stl,p96_k12,n0.01_m0.03_w2,0.01,0.03,2.0,GSP_noise,0.0017600208520889282
electricity,pretrained,stl,p96_k12,n0.01_m0.03_w2,0.01,0.03,2.0,GSP_mask,-0.0011332854628562927
electricity,pretrained,stl,p96_k12,n0.01_m0.03_w2,0.01,0.03,2.0,GSP_warp,0.0231306329369545
electricity,pretrained,phase8,na,n0.01_m0.03_w3,0.01,0.03,3.0,LCS_clean,-0.03533760830760002
electricity,pretrained,phase8,na,n0.01_m0.03_w3,0.01,0.03,3.0,LCS_noise,-0.03508511930704117
electricity,pretrained,phase8,na,n0.01_m0.03_w3,0.01,0.03,3.0,LCS_mask,-0.036289848387241364
electricity,pretrained,phase8,na,n0.01_m0.03_w3,0.01,0.03,3.0,LCS_warp,-0.0465126670897007
electricity,pretrained,phase8,na,n0.01_m0.03_w3,0.01,0.03,3.0,TSI_noise,0.9998995065689087
electricity,pretrained,phase8,na,n0.01_m0.03_w3,0.01,0.03,3.0,TSI_mask,0.9999039173126221
electricity,pretrained,phase8,na,n0.01_m0.03_w3,0.01,0.03,3.0,TSI_warp,0.9883602261543274
electricity,pretrained,phase8,na,n0.01_m0.03_w3,0.01,0.03,3.0,GSP_noise,-0.00025248900055885315
electricity,pretrained,phase8,na,n0.01_m0.03_w3,0.01,0.03,3.0,GSP_mask,0.0009522400796413422
electricity,pretrained,phase8,na,n0.01_m0.03_w3,0.01,0.03,3.0,GSP_warp,0.011175058782100677
electricity,pretrained,stl,p24_k4,n0.01_m0.03_w3,0.01,0.03,3.0,LCS_clean,0.0010033687576651573
electricity,pretrained,stl,p24_k4,n0.01_m0.03_w3,0.01,0.03,3.0,LCS_noise,0.0024339896626770496
electricity,pretrained,stl,p24_k4,n0.01_m0.03_w3,0.01,0.03,3.0,LCS_mask,0.00031553255394101143
electricity,pretrained,stl,p24_k4,n0.01_m0.03_w3,0.01,0.03,3.0,LCS_warp,-0.006461893208324909
electricity,pretrained,stl,p24_k4,n0.01_m0.03_w3,0.01,0.03,3.0,TSI_noise,0.9998995065689087
electricity,pretrained,stl,p24_k4,n0.01_m0.03_w3,0.01,0.03,3.0,TSI_mask,0.9999039173126221
electricity,pretrained,stl,p24_k4,n0.01_m0.03_w3,0.01,0.03,3.0,TSI_warp,0.9883602261543274
electricity,pretrained,stl,p24_k4,n0.01_m0.03_w3,0.01,0.03,3.0,GSP_noise,-0.0014306209050118923
electricity,pretrained,stl,p24_k4,n0.01_m0.03_w3,0.01,0.03,3.0,GSP_mask,0.0006878362037241459
electricity,pretrained,stl,p24_k4,n0.01_m0.03_w3,0.01,0.03,3.0,GSP_warp,0.0074652619659900665
electricity,pretrained,stl,p24_k8,n0.01_m0.03_w3,0.01,0.03,3.0,LCS_clean,-0.01524264644831419
electricity,pretrained,stl,p24_k8,n0.01_m0.03_w3,0.01,0.03,3.0,LCS_noise,-0.013819495216012001
electricity,pretrained,stl,p24_k8,n0.01_m0.03_w3,0.01,0.03,3.0,LCS_mask,-0.015518824569880962
electricity,pretrained,stl,p24_k8,n0.01_m0.03_w3,0.01,0.03,3.0,LCS_warp,-0.02780172973871231
electricity,pretrained,stl,p24_k8,n0.01_m0.03_w3,0.01,0.03,3.0,TSI_noise,0.9998995065689087
electricity,pretrained,stl,p24_k8,n0.01_m0.03_w3,0.01,0.03,3.0,TSI_mask,0.9999039173126221
electricity,pretrained,stl,p24_k8,n0.01_m0.03_w3,0.01,0.03,3.0,TSI_warp,0.9883602261543274
electricity,pretrained,stl,p24_k8,n0.01_m0.03_w3,0.01,0.03,3.0,GSP_noise,-0.0014231512323021889
electricity,pretrained,stl,p24_k8,n0.01_m0.03_w3,0.01,0.03,3.0,GSP_mask,0.00027617812156677246
electricity,pretrained,stl,p24_k8,n0.01_m0.03_w3,0.01,0.03,3.0,GSP_warp,0.012559083290398121
electricity,pretrained,stl,p24_k12,n0.01_m0.03_w3,0.01,0.03,3.0,LCS_clean,-0.03769192844629288
electricity,pretrained,stl,p24_k12,n0.01_m0.03_w3,0.01,0.03,3.0,LCS_noise,-0.03374691307544708
electricity,pretrained,stl,p24_k12,n0.01_m0.03_w3,0.01,0.03,3.0,LCS_mask,-0.036503441631793976
electricity,pretrained,stl,p24_k12,n0.01_m0.03_w3,0.01,0.03,3.0,LCS_warp,-0.09458547085523605
electricity,pretrained,stl,p24_k12,n0.01_m0.03_w3,0.01,0.03,3.0,TSI_noise,0.9998995065689087
electricity,pretrained,stl,p24_k12,n0.01_m0.03_w3,0.01,0.03,3.0,TSI_mask,0.9999039173126221
electricity,pretrained,stl,p24_k12,n0.01_m0.03_w3,0.01,0.03,3.0,TSI_warp,0.9883602261543274
electricity,pretrained,stl,p24_k12,n0.01_m0.03_w3,0.01,0.03,3.0,GSP_noise,-0.003945015370845795
electricity,pretrained,stl,p24_k12,n0.01_m0.03_w3,0.01,0.03,3.0,GSP_mask,-0.0011884868144989014
electricity,pretrained,stl,p24_k12,n0.01_m0.03_w3,0.01,0.03,3.0,GSP_warp,0.056893542408943176
electricity,pretrained,stl,p48_k4,n0.01_m0.03_w3,0.01,0.03,3.0,LCS_clean,-0.02065553329885006
electricity,pretrained,stl,p48_k4,n0.01_m0.03_w3,0.01,0.03,3.0,LCS_noise,-0.01905529387295246
electricity,pretrained,stl,p48_k4,n0.01_m0.03_w3,0.01,0.03,3.0,LCS_mask,-0.020251397043466568
electricity,pretrained,stl,p48_k4,n0.01_m0.03_w3,0.01,0.03,3.0,LCS_warp,-0.013848763890564442
electricity,pretrained,stl,p48_k4,n0.01_m0.03_w3,0.01,0.03,3.0,TSI_noise,0.9998995065689087
electricity,pretrained,stl,p48_k4,n0.01_m0.03_w3,0.01,0.03,3.0,TSI_mask,0.9999039173126221
electricity,pretrained,stl,p48_k4,n0.01_m0.03_w3,0.01,0.03,3.0,TSI_warp,0.9883602261543274
electricity,pretrained,stl,p48_k4,n0.01_m0.03_w3,0.01,0.03,3.0,GSP_noise,-0.0016002394258975983
electricity,pretrained,stl,p48_k4,n0.01_m0.03_w3,0.01,0.03,3.0,GSP_mask,-0.0004041362553834915
electricity,pretrained,stl,p48_k4,n0.01_m0.03_w3,0.01,0.03,3.0,GSP_warp,-0.006806769408285618
electricity,pretrained,stl,p48_k8,n0.01_m0.03_w3,0.01,0.03,3.0,LCS_clean,-0.038437195122241974
electricity,pretrained,stl,p48_k8,n0.01_m0.03_w3,0.01,0.03,3.0,LCS_noise,-0.03757816553115845
electricity,pretrained,stl,p48_k8,n0.01_m0.03_w3,0.01,0.03,3.0,LCS_mask,-0.0384753942489624
electricity,pretrained,stl,p48_k8,n0.01_m0.03_w3,0.01,0.03,3.0,LCS_warp,-0.05768723413348198
electricity,pretrained,stl,p48_k8,n0.01_m0.03_w3,0.01,0.03,3.0,TSI_noise,0.9998995065689087
electricity,pretrained,stl,p48_k8,n0.01_m0.03_w3,0.01,0.03,3.0,TSI_mask,0.9999039173126221
electricity,pretrained,stl,p48_k8,n0.01_m0.03_w3,0.01,0.03,3.0,TSI_warp,0.9883602261543274
electricity,pretrained,stl,p48_k8,n0.01_m0.03_w3,0.01,0.03,3.0,GSP_noise,-0.0008590295910835266
electricity,pretrained,stl,p48_k8,n0.01_m0.03_w3,0.01,0.03,3.0,GSP_mask,3.819912672042847e-05
electricity,pretrained,stl,p48_k8,n0.01_m0.03_w3,0.01,0.03,3.0,GSP_warp,0.019250039011240005
electricity,pretrained,stl,p48_k12,n0.01_m0.03_w3,0.01,0.03,3.0,LCS_clean,-0.03637457638978958
electricity,pretrained,stl,p48_k12,n0.01_m0.03_w3,0.01,0.03,3.0,LCS_noise,-0.03742428123950958
electricity,pretrained,stl,p48_k12,n0.01_m0.03_w3,0.01,0.03,3.0,LCS_mask,-0.03566576540470123
electricity,pretrained,stl,p48_k12,n0.01_m0.03_w3,0.01,0.03,3.0,LCS_warp,-0.06004416197538376
electricity,pretrained,stl,p48_k12,n0.01_m0.03_w3,0.01,0.03,3.0,TSI_noise,0.9998995065689087
electricity,pretrained,stl,p48_k12,n0.01_m0.03_w3,0.01,0.03,3.0,TSI_mask,0.9999039173126221
electricity,pretrained,stl,p48_k12,n0.01_m0.03_w3,0.01,0.03,3.0,TSI_warp,0.9883602261543274
electricity,pretrained,stl,p48_k12,n0.01_m0.03_w3,0.01,0.03,3.0,GSP_noise,0.0010497048497200012
electricity,pretrained,stl,p48_k12,n0.01_m0.03_w3,0.01,0.03,3.0,GSP_mask,-0.0007088109850883484
electricity,pretrained,stl,p48_k12,n0.01_m0.03_w3,0.01,0.03,3.0,GSP_warp,0.023669585585594177
electricity,pretrained,stl,p96_k4,n0.01_m0.03_w3,0.01,0.03,3.0,LCS_clean,-0.024937734007835388
electricity,pretrained,stl,p96_k4,n0.01_m0.03_w3,0.01,0.03,3.0,LCS_noise,-0.023813091218471527
electricity,pretrained,stl,p96_k4,n0.01_m0.03_w3,0.01,0.03,3.0,LCS_mask,-0.02576170116662979
electricity,pretrained,stl,p96_k4,n0.01_m0.03_w3,0.01,0.03,3.0,LCS_warp,-0.02280694618821144
electricity,pretrained,stl,p96_k4,n0.01_m0.03_w3,0.01,0.03,3.0,TSI_noise,0.9998995065689087
electricity,pretrained,stl,p96_k4,n0.01_m0.03_w3,0.01,0.03,3.0,TSI_mask,0.9999039173126221
electricity,pretrained,stl,p96_k4,n0.01_m0.03_w3,0.01,0.03,3.0,TSI_warp,0.9883602261543274
electricity,pretrained,stl,p96_k4,n0.01_m0.03_w3,0.01,0.03,3.0,GSP_noise,-0.001124642789363861
electricity,pretrained,stl,p96_k4,n0.01_m0.03_w3,0.01,0.03,3.0,GSP_mask,0.0008239671587944031
electricity,pretrained,stl,p96_k4,n0.01_m0.03_w3,0.01,0.03,3.0,GSP_warp,-0.002130787819623947
electricity,pretrained,stl,p96_k8,n0.01_m0.03_w3,0.01,0.03,3.0,LCS_clean,-0.05526850000023842
electricity,pretrained,stl,p96_k8,n0.01_m0.03_w3,0.01,0.03,3.0,LCS_noise,-0.05301672965288162
electricity,pretrained,stl,p96_k8,n0.01_m0.03_w3,0.01,0.03,3.0,LCS_mask,-0.05647427588701248
electricity,pretrained,stl,p96_k8,n0.01_m0.03_w3,0.01,0.03,3.0,LCS_warp,-0.04407890886068344
electricity,pretrained,stl,p96_k8,n0.01_m0.03_w3,0.01,0.03,3.0,TSI_noise,0.9998995065689087
electricity,pretrained,stl,p96_k8,n0.01_m0.03_w3,0.01,0.03,3.0,TSI_mask,0.9999039173126221
electricity,pretrained,stl,p96_k8,n0.01_m0.03_w3,0.01,0.03,3.0,TSI_warp,0.9883602261543274
electricity,pretrained,stl,p96_k8,n0.01_m0.03_w3,0.01,0.03,3.0,GSP_noise,-0.0022517703473567963
electricity,pretrained,stl,p96_k8,n0.01_m0.03_w3,0.01,0.03,3.0,GSP_mask,0.0012057758867740631
electricity,pretrained,stl,p96_k8,n0.01_m0.03_w3,0.01,0.03,3.0,GSP_warp,-0.011189591139554977
electricity,pretrained,stl,p96_k12,n0.01_m0.03_w3,0.01,0.03,3.0,LCS_clean,-0.059412844479084015
electricity,pretrained,stl,p96_k12,n0.01_m0.03_w3,0.01,0.03,3.0,LCS_noise,-0.06080470234155655
electricity,pretrained,stl,p96_k12,n0.01_m0.03_w3,0.01,0.03,3.0,LCS_mask,-0.059753406792879105
electricity,pretrained,stl,p96_k12,n0.01_m0.03_w3,0.01,0.03,3.0,LCS_warp,-0.08610168099403381
electricity,pretrained,stl,p96_k12,n0.01_m0.03_w3,0.01,0.03,3.0,TSI_noise,0.9998995065689087
electricity,pretrained,stl,p96_k12,n0.01_m0.03_w3,0.01,0.03,3.0,TSI_mask,0.9999039173126221
electricity,pretrained,stl,p96_k12,n0.01_m0.03_w3,0.01,0.03,3.0,TSI_warp,0.9883602261543274
electricity,pretrained,stl,p96_k12,n0.01_m0.03_w3,0.01,0.03,3.0,GSP_noise,0.0013918578624725342
electricity,pretrained,stl,p96_k12,n0.01_m0.03_w3,0.01,0.03,3.0,GSP_mask,0.0003405623137950897
electricity,pretrained,stl,p96_k12,n0.01_m0.03_w3,0.01,0.03,3.0,GSP_warp,0.0266888365149498
electricity,pretrained,phase8,na,n0.01_m0.05_w1.5,0.01,0.05,1.5,LCS_clean,-0.03533760830760002
electricity,pretrained,phase8,na,n0.01_m0.05_w1.5,0.01,0.05,1.5,LCS_noise,-0.03538944199681282
electricity,pretrained,phase8,na,n0.01_m0.05_w1.5,0.01,0.05,1.5,LCS_mask,-0.0348585769534111
electricity,pretrained,phase8,na,n0.01_m0.05_w1.5,0.01,0.05,1.5,LCS_warp,-0.03775760531425476
electricity,pretrained,phase8,na,n0.01_m0.05_w1.5,0.01,0.05,1.5,TSI_noise,0.9999061822891235
electricity,pretrained,phase8,na,n0.01_m0.05_w1.5,0.01,0.05,1.5,TSI_mask,0.999853253364563
electricity,pretrained,phase8,na,n0.01_m0.05_w1.5,0.01,0.05,1.5,TSI_warp,0.9920275211334229
electricity,pretrained,phase8,na,n0.01_m0.05_w1.5,0.01,0.05,1.5,GSP_noise,5.183368921279907e-05
electricity,pretrained,phase8,na,n0.01_m0.05_w1.5,0.01,0.05,1.5,GSP_mask,-0.00047903135418891907
electricity,pretrained,phase8,na,n0.01_m0.05_w1.5,0.01,0.05,1.5,GSP_warp,0.0024199970066547394
electricity,pretrained,stl,p24_k4,n0.01_m0.05_w1.5,0.01,0.05,1.5,LCS_clean,0.0010033687576651573
electricity,pretrained,stl,p24_k4,n0.01_m0.05_w1.5,0.01,0.05,1.5,LCS_noise,0.0027271669823676348
electricity,pretrained,stl,p24_k4,n0.01_m0.05_w1.5,0.01,0.05,1.5,LCS_mask,0.0008856672793626785
electricity,pretrained,stl,p24_k4,n0.01_m0.05_w1.5,0.01,0.05,1.5,LCS_warp,-0.004929376766085625
electricity,pretrained,stl,p24_k4,n0.01_m0.05_w1.5,0.01,0.05,1.5,TSI_noise,0.9999061822891235
electricity,pretrained,stl,p24_k4,n0.01_m0.05_w1.5,0.01,0.05,1.5,TSI_mask,0.999853253364563
electricity,pretrained,stl,p24_k4,n0.01_m0.05_w1.5,0.01,0.05,1.5,TSI_warp,0.9920275211334229
electricity,pretrained,stl,p24_k4,n0.01_m0.05_w1.5,0.01,0.05,1.5,GSP_noise,-0.0017237982247024775
electricity,pretrained,stl,p24_k4,n0.01_m0.05_w1.5,0.01,0.05,1.5,GSP_mask,0.00011770147830247879
electricity,pretrained,stl,p24_k4,n0.01_m0.05_w1.5,0.01,0.05,1.5,GSP_warp,0.005932745523750782
electricity,pretrained,stl,p24_k8,n0.01_m0.05_w1.5,0.01,0.05,1.5,LCS_clean,-0.01524264644831419
electricity,pretrained,stl,p24_k8,n0.01_m0.05_w1.5,0.01,0.05,1.5,LCS_noise,-0.01360397320240736
electricity,pretrained,stl,p24_k8,n0.01_m0.05_w1.5,0.01,0.05,1.5,LCS_mask,-0.014593008905649185
electricity,pretrained,stl,p24_k8,n0.01_m0.05_w1.5,0.01,0.05,1.5,LCS_warp,-0.01920703798532486
electricity,pretrained,stl,p24_k8,n0.01_m0.05_w1.5,0.01,0.05,1.5,TSI_noise,0.9999061822891235
electricity,pretrained,stl,p24_k8,n0.01_m0.05_w1.5,0.01,0.05,1.5,TSI_mask,0.999853253364563
electricity,pretrained,stl,p24_k8,n0.01_m0.05_w1.5,0.01,0.05,1.5,TSI_warp,0.9920275211334229
electricity,pretrained,stl,p24_k8,n0.01_m0.05_w1.5,0.01,0.05,1.5,GSP_noise,-0.0016386732459068298
electricity,pretrained,stl,p24_k8,n0.01_m0.05_w1.5,0.01,0.05,1.5,GSP_mask,-0.0006496375426650047
electricity,pretrained,stl,p24_k8,n0.01_m0.05_w1.5,0.01,0.05,1.5,GSP_warp,0.00396439153701067
electricity,pretrained,stl,p24_k12,n0.01_m0.05_w1.5,0.01,0.05,1.5,LCS_clean,-0.03769192844629288
electricity,pretrained,stl,p24_k12,n0.01_m0.05_w1.5,0.01,0.05,1.5,LCS_noise,-0.03451482206583023
electricity,pretrained,stl,p24_k12,n0.01_m0.05_w1.5,0.01,0.05,1.5,LCS_mask,-0.037203848361968994
electricity,pretrained,stl,p24_k12,n0.01_m0.05_w1.5,0.01,0.05,1.5,LCS_warp,-0.0409085676074028
electricity,pretrained,stl,p24_k12,n0.01_m0.05_w1.5,0.01,0.05,1.5,TSI_noise,0.9999061822891235
electricity,pretrained,stl,p24_k12,n0.01_m0.05_w1.5,0.01,0.05,1.5,TSI_mask,0.999853253364563
electricity,pretrained,stl,p24_k12,n0.01_m0.05_w1.5,0.01,0.05,1.5,TSI_warp,0.9920275211334229
electricity,pretrained,stl,p24_k12,n0.01_m0.05_w1.5,0.01,0.05,1.5,GSP_noise,-0.0031771063804626465
electricity,pretrained,stl,p24_k12,n0.01_m0.05_w1.5,0.01,0.05,1.5,GSP_mask,-0.00048808008432388306
electricity,pretrained,stl,p24_k12,n0.01_m0.05_w1.5,0.01,0.05,1.5,GSP_warp,0.0032166391611099243
electricity,pretrained,stl,p48_k4,n0.01_m0.05_w1.5,0.01,0.05,1.5,LCS_clean,-0.02065553329885006
electricity,pretrained,stl,p48_k4,n0.01_m0.05_w1.5,0.01,0.05,1.5,LCS_noise,-0.01954737678170204
electricity,pretrained,stl,p48_k4,n0.01_m0.05_w1.5,0.01,0.05,1.5,LCS_mask,-0.020561372861266136
electricity,pretrained,stl,p48_k4,n0.01_m0.05_w1.5,0.01,0.05,1.5,LCS_warp,-0.02003042958676815
electricity,pretrained,stl,p48_k4,n0.01_m0.05_w1.5,0.01,0.05,1.5,TSI_noise,0.9999061822891235
electricity,pretrained,stl,p48_k4,n0.01_m0.05_w1.5,0.01,0.05,1.5,TSI_mask,0.999853253364563
electricity,pretrained,stl,p48_k4,n0.01_m0.05_w1.5,0.01,0.05,1.5,TSI_warp,0.9920275211334229
electricity,pretrained,stl,p48_k4,n0.01_m0.05_w1.5,0.01,0.05,1.5,GSP_noise,-0.0011081565171480179
electricity,pretrained,stl,p48_k4,n0.01_m0.05_w1.5,0.01,0.05,1.5,GSP_mask,-9.416043758392334e-05
electricity,pretrained,stl,p48_k4,n0.01_m0.05_w1.5,0.01,0.05,1.5,GSP_warp,-0.0006251037120819092
electricity,pretrained,stl,p48_k8,n0.01_m0.05_w1.5,0.01,0.05,1.5,LCS_clean,-0.038437195122241974
electricity,pretrained,stl,p48_k8,n0.01_m0.05_w1.5,0.01,0.05,1.5,LCS_noise,-0.03731389716267586
electricity,pretrained,stl,p48_k8,n0.01_m0.05_w1.5,0.01,0.05,1.5,LCS_mask,-0.0383850559592247
electricity,pretrained,stl,p48_k8,n0.01_m0.05_w1.5,0.01,0.05,1.5,LCS_warp,-0.04589519649744034
electricity,pretrained,stl,p48_k8,n0.01_m0.05_w1.5,0.01,0.05,1.5,TSI_noise,0.9999061822891235
electricity,pretrained,stl,p48_k8,n0.01_m0.05_w1.5,0.01,0.05,1.5,TSI_mask,0.999853253364563
electricity,pretrained,stl,p48_k8,n0.01_m0.05_w1.5,0.01,0.05,1.5,TSI_warp,0.9920275211334229
electricity,pretrained,stl,p48_k8,n0.01_m0.05_w1.5,0.01,0.05,1.5,GSP_noise,-0.0011232979595661163
electricity,pretrained,stl,p48_k8,n0.01_m0.05_w1.5,0.01,0.05,1.5,GSP_mask,-5.213916301727295e-05
electricity,pretrained,stl,p48_k8,n0.01_m0.05_w1.5,0.01,0.05,1.5,GSP_warp,0.007458001375198364
electricity,pretrained,stl,p48_k12,n0.01_m0.05_w1.5,0.01,0.05,1.5,LCS_clean,-0.03637457638978958
electricity,pretrained,stl,p48_k12,n0.01_m0.05_w1.5,0.01,0.05,1.5,LCS_noise,-0.036254048347473145
electricity,pretrained,stl,p48_k12,n0.01_m0.05_w1.5,0.01,0.05,1.5,LCS_mask,-0.03647560998797417
electricity,pretrained,stl,p48_k12,n0.01_m0.05_w1.5,0.01,0.05,1.5,LCS_warp,-0.0536622479557991
electricity,pretrained,stl,p48_k12,n0.01_m0.05_w1.5,0.01,0.05,1.5,TSI_noise,0.9999061822891235
electricity,pretrained,stl,p48_k12,n0.01_m0.05_w1.5,0.01,0.05,1.5,TSI_mask,0.999853253364563
electricity,pretrained,stl,p48_k12,n0.01_m0.05_w1.5,0.01,0.05,1.5,TSI_warp,0.9920275211334229
electricity,pretrained,stl,p48_k12,n0.01_m0.05_w1.5,0.01,0.05,1.5,GSP_noise,-0.00012052804231643677
electricity,pretrained,stl,p48_k12,n0.01_m0.05_w1.5,0.01,0.05,1.5,GSP_mask,0.00010103359818458557
electricity,pretrained,stl,p48_k12,n0.01_m0.05_w1.5,0.01,0.05,1.5,GSP_warp,0.01728767156600952
electricity,pretrained,stl,p96_k4,n0.01_m0.05_w1.5,0.01,0.05,1.5,LCS_clean,-0.024937734007835388
electricity,pretrained,stl,p96_k4,n0.01_m0.05_w1.5,0.01,0.05,1.5,LCS_noise,-0.023121051490306854
electricity,pretrained,stl,p96_k4,n0.01_m0.05_w1.5,0.01,0.05,1.5,LCS_mask,-0.024586006999015808
electricity,pretrained,stl,p96_k4,n0.01_m0.05_w1.5,0.01,0.05,1.5,LCS_warp,-0.028108030557632446
electricity,pretrained,stl,p96_k4,n0.01_m0.05_w1.5,0.01,0.05,1.5,TSI_noise,0.9999061822891235
electricity,pretrained,stl,p96_k4,n0.01_m0.05_w1.5,0.01,0.05,1.5,TSI_mask,0.999853253364563
electricity,pretrained,stl,p96_k4,n0.01_m0.05_w1.5,0.01,0.05,1.5,TSI_warp,0.9920275211334229
electricity,pretrained,stl,p96_k4,n0.01_m0.05_w1.5,0.01,0.05,1.5,GSP_noise,-0.001816682517528534
electricity,pretrained,stl,p96_k4,n0.01_m0.05_w1.5,0.01,0.05,1.5,GSP_mask,-0.0003517270088195801
electricity,pretrained,stl,p96_k4,n0.01_m0.05_w1.5,0.01,0.05,1.5,GSP_warp,0.003170296549797058
electricity,pretrained,stl,p96_k8,n0.01_m0.05_w1.5,0.01,0.05,1.5,LCS_clean,-0.05526850000023842
electricity,pretrained,stl,p96_k8,n0.01_m0.05_w1.5,0.01,0.05,1.5,LCS_noise,-0.05294085294008255
electricity,pretrained,stl,p96_k8,n0.01_m0.05_w1.5,0.01,0.05,1.5,LCS_mask,-0.05394995957612991
electricity,pretrained,stl,p96_k8,n0.01_m0.05_w1.5,0.01,0.05,1.5,LCS_warp,-0.054028868675231934
electricity,pretrained,stl,p96_k8,n0.01_m0.05_w1.5,0.01,0.05,1.5,TSI_noise,0.9999061822891235
electricity,pretrained,stl,p96_k8,n0.01_m0.05_w1.5,0.01,0.05,1.5,TSI_mask,0.999853253364563
electricity,pretrained,stl,p96_k8,n0.01_m0.05_w1.5,0.01,0.05,1.5,TSI_warp,0.9920275211334229
electricity,pretrained,stl,p96_k8,n0.01_m0.05_w1.5,0.01,0.05,1.5,GSP_noise,-0.0023276470601558685
electricity,pretrained,stl,p96_k8,n0.01_m0.05_w1.5,0.01,0.05,1.5,GSP_mask,-0.0013185404241085052
electricity,pretrained,stl,p96_k8,n0.01_m0.05_w1.5,0.01,0.05,1.5,GSP_warp,-0.001239631325006485
electricity,pretrained,stl,p96_k12,n0.01_m0.05_w1.5,0.01,0.05,1.5,LCS_clean,-0.059412844479084015
electricity,pretrained,stl,p96_k12,n0.01_m0.05_w1.5,0.01,0.05,1.5,LCS_noise,-0.06164197996258736
electricity,pretrained,stl,p96_k12,n0.01_m0.05_w1.5,0.01,0.05,1.5,LCS_mask,-0.0588681623339653
electricity,pretrained,stl,p96_k12,n0.01_m0.05_w1.5,0.01,0.05,1.5,LCS_warp,-0.06918561458587646
electricity,pretrained,stl,p96_k12,n0.01_m0.05_w1.5,0.01,0.05,1.5,TSI_noise,0.9999061822891235
electricity,pretrained,stl,p96_k12,n0.01_m0.05_w1.5,0.01,0.05,1.5,TSI_mask,0.999853253364563
electricity,pretrained,stl,p96_k12,n0.01_m0.05_w1.5,0.01,0.05,1.5,TSI_warp,0.9920275211334229
electricity,pretrained,stl,p96_k12,n0.01_m0.05_w1.5,0.01,0.05,1.5,GSP_noise,0.0022291354835033417
electricity,pretrained,stl,p96_k12,n0.01_m0.05_w1.5,0.01,0.05,1.5,GSP_mask,-0.0005446821451187134
electricity,pretrained,stl,p96_k12,n0.01_m0.05_w1.5,0.01,0.05,1.5,GSP_warp,0.00977277010679245
electricity,pretrained,phase8,na,n0.01_m0.05_w2,0.01,0.05,2.0,LCS_clean,-0.03533760830760002
electricity,pretrained,phase8,na,n0.01_m0.05_w2,0.01,0.05,2.0,LCS_noise,-0.035134002566337585
electricity,pretrained,phase8,na,n0.01_m0.05_w2,0.01,0.05,2.0,LCS_mask,-0.03495468571782112
electricity,pretrained,phase8,na,n0.01_m0.05_w2,0.01,0.05,2.0,LCS_warp,-0.04556615650653839
electricity,pretrained,phase8,na,n0.01_m0.05_w2,0.01,0.05,2.0,TSI_noise,0.99989253282547
electricity,pretrained,phase8,na,n0.01_m0.05_w2,0.01,0.05,2.0,TSI_mask,0.9998225569725037
electricity,pretrained,phase8,na,n0.01_m0.05_w2,0.01,0.05,2.0,TSI_warp,0.9895210266113281
electricity,pretrained,phase8,na,n0.01_m0.05_w2,0.01,0.05,2.0,GSP_noise,-0.0002036057412624359
electricity,pretrained,phase8,na,n0.01_m0.05_w2,0.01,0.05,2.0,GSP_mask,-0.00038292258977890015
electricity,pretrained,phase8,na,n0.01_m0.05_w2,0.01,0.05,2.0,GSP_warp,0.01022854819893837
electricity,pretrained,stl,p24_k4,n0.01_m0.05_w2,0.01,0.05,2.0,LCS_clean,0.0010033687576651573
electricity,pretrained,stl,p24_k4,n0.01_m0.05_w2,0.01,0.05,2.0,LCS_noise,0.0033283764496445656
electricity,pretrained,stl,p24_k4,n0.01_m0.05_w2,0.01,0.05,2.0,LCS_mask,0.002084734383970499
electricity,pretrained,stl,p24_k4,n0.01_m0.05_w2,0.01,0.05,2.0,LCS_warp,-0.005716640502214432
electricity,pretrained,stl,p24_k4,n0.01_m0.05_w2,0.01,0.05,2.0,TSI_noise,0.99989253282547
electricity,pretrained,stl,p24_k4,n0.01_m0.05_w2,0.01,0.05,2.0,TSI_mask,0.9998225569725037
electricity,pretrained,stl,p24_k4,n0.01_m0.05_w2,0.01,0.05,2.0,TSI_warp,0.9895210266113281
electricity,pretrained,stl,p24_k4,n0.01_m0.05_w2,0.01,0.05,2.0,GSP_noise,-0.0023250076919794083
electricity,pretrained,stl,p24_k4,n0.01_m0.05_w2,0.01,0.05,2.0,GSP_mask,-0.0010813656263053417
electricity,pretrained,stl,p24_k4,n0.01_m0.05_w2,0.01,0.05,2.0,GSP_warp,0.006720009259879589
electricity,pretrained,stl,p24_k8,n0.01_m0.05_w2,0.01,0.05,2.0,LCS_clean,-0.01524264644831419
electricity,pretrained,stl,p24_k8,n0.01_m0.05_w2,0.01,0.05,2.0,LCS_noise,-0.012864949181675911
electricity,pretrained,stl,p24_k8,n0.01_m0.05_w2,0.01,0.05,2.0,LCS_mask,-0.013964144513010979
electricity,pretrained,stl,p24_k8,n0.01_m0.05_w2,0.01,0.05,2.0,LCS_warp,-0.01669103093445301
electricity,pretrained,stl,p24_k8,n0.01_m0.05_w2,0.01,0.05,2.0,TSI_noise,0.99989253282547
electricity,pretrained,stl,p24_k8,n0.01_m0.05_w2,0.01,0.05,2.0,TSI_mask,0.9998225569725037
electricity,pretrained,stl,p24_k8,n0.01_m0.05_w2,0.01,0.05,2.0,TSI_warp,0.9895210266113281
electricity,pretrained,stl,p24_k8,n0.01_m0.05_w2,0.01,0.05,2.0,GSP_noise,-0.002377697266638279
electricity,pretrained,stl,p24_k8,n0.01_m0.05_w2,0.01,0.05,2.0,GSP_mask,-0.0012785019353032112
electricity,pretrained,stl,p24_k8,n0.01_m0.05_w2,0.01,0.05,2.0,GSP_warp,0.0014483844861388206
electricity,pretrained,stl,p24_k12,n0.01_m0.05_w2,0.01,0.05,2.0,LCS_clean,-0.03769192844629288
electricity,pretrained,stl,p24_k12,n0.01_m0.05_w2,0.01,0.05,2.0,LCS_noise,-0.036406777799129486
electricity,pretrained,stl,p24_k12,n0.01_m0.05_w2,0.01,0.05,2.0,LCS_mask,-0.036465711891651154
electricity,pretrained,stl,p24_k12,n0.01_m0.05_w2,0.01,0.05,2.0,LCS_warp,-0.06277784705162048
electricity,pretrained,stl,p24_k12,n0.01_m0.05_w2,0.01,0.05,2.0,TSI_noise,0.99989253282547
electricity,pretrained,stl,p24_k12,n0.01_m0.05_w2,0.01,0.05,2.0,TSI_mask,0.9998225569725037
electricity,pretrained,stl,p24_k12,n0.01_m0.05_w2,0.01,0.05,2.0,TSI_warp,0.9895210266113281
electricity,pretrained,stl,p24_k12,n0.01_m0.05_w2,0.01,0.05,2.0,GSP_noise,-0.0012851506471633911
electricity,pretrained,stl,p24_k12,n0.01_m0.05_w2,0.01,0.05,2.0,GSP_mask,-0.0012262165546417236
electricity,pretrained,stl,p24_k12,n0.01_m0.05_w2,0.01,0.05,2.0,GSP_warp,0.025085918605327606
electricity,pretrained,stl,p48_k4,n0.01_m0.05_w2,0.01,0.05,2.0,LCS_clean,-0.02065553329885006
electricity,pretrained,stl,p48_k4,n0.01_m0.05_w2,0.01,0.05,2.0,LCS_noise,-0.01931859739124775
electricity,pretrained,stl,p48_k4,n0.01_m0.05_w2,0.01,0.05,2.0,LCS_mask,-0.01966245286166668
electricity,pretrained,stl,p48_k4,n0.01_m0.05_w2,0.01,0.05,2.0,LCS_warp,-0.019332431256771088
electricity,pretrained,stl,p48_k4,n0.01_m0.05_w2,0.01,0.05,2.0,TSI_noise,0.99989253282547
electricity,pretrained,stl,p48_k4,n0.01_m0.05_w2,0.01,0.05,2.0,TSI_mask,0.9998225569725037
electricity,pretrained,stl,p48_k4,n0.01_m0.05_w2,0.01,0.05,2.0,TSI_warp,0.9895210266113281
electricity,pretrained,stl,p48_k4,n0.01_m0.05_w2,0.01,0.05,2.0,GSP_noise,-0.0013369359076023102
electricity,pretrained,stl,p48_k4,n0.01_m0.05_w2,0.01,0.05,2.0,GSP_mask,-0.0009930804371833801
electricity,pretrained,stl,p48_k4,n0.01_m0.05_w2,0.01,0.05,2.0,GSP_warp,-0.0013231020420789719
electricity,pretrained,stl,p48_k8,n0.01_m0.05_w2,0.01,0.05,2.0,LCS_clean,-0.038437195122241974
electricity,pretrained,stl,p48_k8,n0.01_m0.05_w2,0.01,0.05,2.0,LCS_noise,-0.036936476826667786
electricity,pretrained,stl,p48_k8,n0.01_m0.05_w2,0.01,0.05,2.0,LCS_mask,-0.03723910450935364
electricity,pretrained,stl,p48_k8,n0.01_m0.05_w2,0.01,0.05,2.0,LCS_warp,-0.06548559665679932
electricity,pretrained,stl,p48_k8,n0.01_m0.05_w2,0.01,0.05,2.0,TSI_noise,0.99989253282547
electricity,pretrained,stl,p48_k8,n0.01_m0.05_w2,0.01,0.05,2.0,TSI_mask,0.9998225569725037
electricity,pretrained,stl,p48_k8,n0.01_m0.05_w2,0.01,0.05,2.0,TSI_warp,0.9895210266113281
electricity,pretrained,stl,p48_k8,n0.01_m0.05_w2,0.01,0.05,2.0,GSP_noise,-0.0015007182955741882
electricity,pretrained,stl,p48_k8,n0.01_m0.05_w2,0.01,0.05,2.0,GSP_mask,-0.0011980906128883362
electricity,pretrained,stl,p48_k8,n0.01_m0.05_w2,0.01,0.05,2.0,GSP_warp,0.027048401534557343
electricity,pretrained,stl,p48_k12,n0.01_m0.05_w2,0.01,0.05,2.0,LCS_clean,-0.03637457638978958
electricity,pretrained,stl,p48_k12,n0.01_m0.05_w2,0.01,0.05,2.0,LCS_noise,-0.03689591959118843
electricity,pretrained,stl,p48_k12,n0.01_m0.05_w2,0.01,0.05,2.0,LCS_mask,-0.038069792091846466
electricity,pretrained,stl,p48_k12,n0.01_m0.05_w2,0.01,0.05,2.0,LCS_warp,-0.05923958867788315
electricity,pretrained,stl,p48_k12,n0.01_m0.05_w2,0.01,0.05,2.0,TSI_noise,0.99989253282547
electricity,pretrained,stl,p48_k12,n0.01_m0.05_w2,0.01,0.05,2.0,TSI_mask,0.9998225569725037
electricity,pretrained,stl,p48_k12,n0.01_m0.05_w2,0.01,0.05,2.0,TSI_warp,0.9895210266113281
electricity,pretrained,stl,p48_k12,n0.01_m0.05_w2,0.01,0.05,2.0,GSP_noise,0.0005213432013988495
electricity,pretrained,stl,p48_k12,n0.01_m0.05_w2,0.01,0.05,2.0,GSP_mask,0.0016952157020568848
electricity,pretrained,stl,p48_k12,n0.01_m0.05_w2,0.01,0.05,2.0,GSP_warp,0.022865012288093567
electricity,pretrained,stl,p96_k4,n0.01_m0.05_w2,0.01,0.05,2.0,LCS_clean,-0.024937734007835388
electricity,pretrained,stl,p96_k4,n0.01_m0.05_w2,0.01,0.05,2.0,LCS_noise,-0.023702403530478477
electricity,pretrained,stl,p96_k4,n0.01_m0.05_w2,0.01,0.05,2.0,LCS_mask,-0.02660183608531952
electricity,pretrained,stl,p96_k4,n0.01_m0.05_w2,0.01,0.05,2.0,LCS_warp,-0.03710997849702835
electricity,pretrained,stl,p96_k4,n0.01_m0.05_w2,0.01,0.05,2.0,TSI_noise,0.99989253282547
electricity,pretrained,stl,p96_k4,n0.01_m0.05_w2,0.01,0.05,2.0,TSI_mask,0.9998225569725037
electricity,pretrained,stl,p96_k4,n0.01_m0.05_w2,0.01,0.05,2.0,TSI_warp,0.9895210266113281
electricity,pretrained,stl,p96_k4,n0.01_m0.05_w2,0.01,0.05,2.0,GSP_noise,-0.0012353304773569107
electricity,pretrained,stl,p96_k4,n0.01_m0.05_w2,0.01,0.05,2.0,GSP_mask,0.0016641020774841309
electricity,pretrained,stl,p96_k4,n0.01_m0.05_w2,0.01,0.05,2.0,GSP_warp,0.012172244489192963
electricity,pretrained,stl,p96_k8,n0.01_m0.05_w2,0.01,0.05,2.0,LCS_clean,-0.05526850000023842
electricity,pretrained,stl,p96_k8,n0.01_m0.05_w2,0.01,0.05,2.0,LCS_noise,-0.053950533270835876
electricity,pretrained,stl,p96_k8,n0.01_m0.05_w2,0.01,0.05,2.0,LCS_mask,-0.057433098554611206
electricity,pretrained,stl,p96_k8,n0.01_m0.05_w2,0.01,0.05,2.0,LCS_warp,-0.05730188637971878
electricity,pretrained,stl,p96_k8,n0.01_m0.05_w2,0.01,0.05,2.0,TSI_noise,0.99989253282547
electricity,pretrained,stl,p96_k8,n0.01_m0.05_w2,0.01,0.05,2.0,TSI_mask,0.9998225569725037
electricity,pretrained,stl,p96_k8,n0.01_m0.05_w2,0.01,0.05,2.0,TSI_warp,0.9895210266113281
electricity,pretrained,stl,p96_k8,n0.01_m0.05_w2,0.01,0.05,2.0,GSP_noise,-0.0013179667294025421
electricity,pretrained,stl,p96_k8,n0.01_m0.05_w2,0.01,0.05,2.0,GSP_mask,0.0021645985543727875
electricity,pretrained,stl,p96_k8,n0.01_m0.05_w2,0.01,0.05,2.0,GSP_warp,0.002033386379480362
electricity,pretrained,stl,p96_k12,n0.01_m0.05_w2,0.01,0.05,2.0,LCS_clean,-0.059412844479084015
electricity,pretrained,stl,p96_k12,n0.01_m0.05_w2,0.01,0.05,2.0,LCS_noise,-0.06162233650684357
electricity,pretrained,stl,p96_k12,n0.01_m0.05_w2,0.01,0.05,2.0,LCS_mask,-0.061366014182567596
electricity,pretrained,stl,p96_k12,n0.01_m0.05_w2,0.01,0.05,2.0,LCS_warp,-0.11366520076990128
electricity,pretrained,stl,p96_k12,n0.01_m0.05_w2,0.01,0.05,2.0,TSI_noise,0.99989253282547
electricity,pretrained,stl,p96_k12,n0.01_m0.05_w2,0.01,0.05,2.0,TSI_mask,0.9998225569725037
electricity,pretrained,stl,p96_k12,n0.01_m0.05_w2,0.01,0.05,2.0,TSI_warp,0.9895210266113281
electricity,pretrained,stl,p96_k12,n0.01_m0.05_w2,0.01,0.05,2.0,GSP_noise,0.002209492027759552
electricity,pretrained,stl,p96_k12,n0.01_m0.05_w2,0.01,0.05,2.0,GSP_mask,0.0019531697034835815
electricity,pretrained,stl,p96_k12,n0.01_m0.05_w2,0.01,0.05,2.0,GSP_warp,0.05425235629081726
electricity,pretrained,phase8,na,n0.01_m0.05_w3,0.01,0.05,3.0,LCS_clean,-0.03533760830760002
electricity,pretrained,phase8,na,n0.01_m0.05_w3,0.01,0.05,3.0,LCS_noise,-0.03570551052689552
electricity,pretrained,phase8,na,n0.01_m0.05_w3,0.01,0.05,3.0,LCS_mask,-0.03689207136631012
electricity,pretrained,phase8,na,n0.01_m0.05_w3,0.01,0.05,3.0,LCS_warp,-0.03957777097821236
electricity,pretrained,phase8,na,n0.01_m0.05_w3,0.01,0.05,3.0,TSI_noise,0.9998990893363953
electricity,pretrained,phase8,na,n0.01_m0.05_w3,0.01,0.05,3.0,TSI_mask,0.9997844696044922
electricity,pretrained,phase8,na,n0.01_m0.05_w3,0.01,0.05,3.0,TSI_warp,0.9882093667984009
electricity,pretrained,phase8,na,n0.01_m0.05_w3,0.01,0.05,3.0,GSP_noise,0.0003679022192955017
electricity,pretrained,phase8,na,n0.01_m0.05_w3,0.01,0.05,3.0,GSP_mask,0.0015544630587100983
electricity,pretrained,phase8,na,n0.01_m0.05_w3,0.01,0.05,3.0,GSP_warp,0.004240162670612335
electricity,pretrained,stl,p24_k4,n0.01_m0.05_w3,0.01,0.05,3.0,LCS_clean,0.0010033687576651573
electricity,pretrained,stl,p24_k4,n0.01_m0.05_w3,0.01,0.05,3.0,LCS_noise,0.002689557848498225
electricity,pretrained,stl,p24_k4,n0.01_m0.05_w3,0.01,0.05,3.0,LCS_mask,0.0029076067730784416
electricity,pretrained,stl,p24_k4,n0.01_m0.05_w3,0.01,0.05,3.0,LCS_warp,-0.006783238612115383
electricity,pretrained,stl,p24_k4,n0.01_m0.05_w3,0.01,0.05,3.0,TSI_noise,0.9998990893363953
electricity,pretrained,stl,p24_k4,n0.01_m0.05_w3,0.01,0.05,3.0,TSI_mask,0.9997844696044922
electricity,pretrained,stl,p24_k4,n0.01_m0.05_w3,0.01,0.05,3.0,TSI_warp,0.9882093667984009
electricity,pretrained,stl,p24_k4,n0.01_m0.05_w3,0.01,0.05,3.0,GSP_noise,-0.001686189090833068
electricity,pretrained,stl,p24_k4,n0.01_m0.05_w3,0.01,0.05,3.0,GSP_mask,-0.0019042380154132843
electricity,pretrained,stl,p24_k4,n0.01_m0.05_w3,0.01,0.05,3.0,GSP_warp,0.0077866073697805405
electricity,pretrained,stl,p24_k8,n0.01_m0.05_w3,0.01,0.05,3.0,LCS_clean,-0.01524264644831419
electricity,pretrained,stl,p24_k8,n0.01_m0.05_w3,0.01,0.05,3.0,LCS_noise,-0.013625968247652054
electricity,pretrained,stl,p24_k8,n0.01_m0.05_w3,0.01,0.05,3.0,LCS_mask,-0.013252082280814648
electricity,pretrained,stl,p24_k8,n0.01_m0.05_w3,0.01,0.05,3.0,LCS_warp,-0.02974432334303856
electricity,pretrained,stl,p24_k8,n0.01_m0.05_w3,0.01,0.05,3.0,TSI_noise,0.9998990893363953
electricity,pretrained,stl,p24_k8,n0.01_m0.05_w3,0.01,0.05,3.0,TSI_mask,0.9997844696044922
electricity,pretrained,stl,p24_k8,n0.01_m0.05_w3,0.01,0.05,3.0,TSI_warp,0.9882093667984009
electricity,pretrained,stl,p24_k8,n0.01_m0.05_w3,0.01,0.05,3.0,GSP_noise,-0.001616678200662136
electricity,pretrained,stl,p24_k8,n0.01_m0.05_w3,0.01,0.05,3.0,GSP_mask,-0.0019905641674995422
electricity,pretrained,stl,p24_k8,n0.01_m0.05_w3,0.01,0.05,3.0,GSP_warp,0.014501676894724369
electricity,pretrained,stl,p24_k12,n0.01_m0.05_w3,0.01,0.05,3.0,LCS_clean,-0.03769192844629288
electricity,pretrained,stl,p24_k12,n0.01_m0.05_w3,0.01,0.05,3.0,LCS_noise,-0.03405174985527992
electricity,pretrained,stl,p24_k12,n0.01_m0.05_w3,0.01,0.05,3.0,LCS_mask,-0.038932815194129944
electricity,pretrained,stl,p24_k12,n0.01_m0.05_w3,0.01,0.05,3.0,LCS_warp,-0.09026306867599487
electricity,pretrained,stl,p24_k12,n0.01_m0.05_w3,0.01,0.05,3.0,TSI_noise,0.9998990893363953
electricity,pretrained,stl,p24_k12,n0.01_m0.05_w3,0.01,0.05,3.0,TSI_mask,0.9997844696044922
electricity,pretrained,stl,p24_k12,n0.01_m0.05_w3,0.01,0.05,3.0,TSI_warp,0.9882093667984009
electricity,pretrained,stl,p24_k12,n0.01_m0.05_w3,0.01,0.05,3.0,GSP_noise,-0.0036401785910129547
electricity,pretrained,stl,p24_k12,n0.01_m0.05_w3,0.01,0.05,3.0,GSP_mask,0.0012408867478370667
electricity,pretrained,stl,p24_k12,n0.01_m0.05_w3,0.01,0.05,3.0,GSP_warp,0.052571140229701996
electricity,pretrained,stl,p48_k4,n0.01_m0.05_w3,0.01,0.05,3.0,LCS_clean,-0.02065553329885006
electricity,pretrained,stl,p48_k4,n0.01_m0.05_w3,0.01,0.05,3.0,LCS_noise,-0.01943626068532467
electricity,pretrained,stl,p48_k4,n0.01_m0.05_w3,0.01,0.05,3.0,LCS_mask,-0.018811246380209923
electricity,pretrained,stl,p48_k4,n0.01_m0.05_w3,0.01,0.05,3.0,LCS_warp,-0.014130929484963417
electricity,pretrained,stl,p48_k4,n0.01_m0.05_w3,0.01,0.05,3.0,TSI_noise,0.9998990893363953
electricity,pretrained,stl,p48_k4,n0.01_m0.05_w3,0.01,0.05,3.0,TSI_mask,0.9997844696044922
electricity,pretrained,stl,p48_k4,n0.01_m0.05_w3,0.01,0.05,3.0,TSI_warp,0.9882093667984009
electricity,pretrained,stl,p48_k4,n0.01_m0.05_w3,0.01,0.05,3.0,GSP_noise,-0.0012192726135253906
electricity,pretrained,stl,p48_k4,n0.01_m0.05_w3,0.01,0.05,3.0,GSP_mask,-0.0018442869186401367
electricity,pretrained,stl,p48_k4,n0.01_m0.05_w3,0.01,0.05,3.0,GSP_warp,-0.0065246038138866425
electricity,pretrained,stl,p48_k8,n0.01_m0.05_w3,0.01,0.05,3.0,LCS_clean,-0.038437195122241974
electricity,pretrained,stl,p48_k8,n0.01_m0.05_w3,0.01,0.05,3.0,LCS_noise,-0.03721843659877777
electricity,pretrained,stl,p48_k8,n0.01_m0.05_w3,0.01,0.05,3.0,LCS_mask,-0.037059396505355835
electricity,pretrained,stl,p48_k8,n0.01_m0.05_w3,0.01,0.05,3.0,LCS_warp,-0.04970712214708328
electricity,pretrained,stl,p48_k8,n0.01_m0.05_w3,0.01,0.05,3.0,TSI_noise,0.9998990893363953
electricity,pretrained,stl,p48_k8,n0.01_m0.05_w3,0.01,0.05,3.0,TSI_mask,0.9997844696044922
electricity,pretrained,stl,p48_k8,n0.01_m0.05_w3,0.01,0.05,3.0,TSI_warp,0.9882093667984009
electricity,pretrained,stl,p48_k8,n0.01_m0.05_w3,0.01,0.05,3.0,GSP_noise,-0.0012187585234642029
electricity,pretrained,stl,p48_k8,n0.01_m0.05_w3,0.01,0.05,3.0,GSP_mask,-0.001377798616886139
electricity,pretrained,stl,p48_k8,n0.01_m0.05_w3,0.01,0.05,3.0,GSP_warp,0.011269927024841309
electricity,pretrained,stl,p48_k12,n0.01_m0.05_w3,0.01,0.05,3.0,LCS_clean,-0.03637457638978958
electricity,pretrained,stl,p48_k12,n0.01_m0.05_w3,0.01,0.05,3.0,LCS_noise,-0.037460386753082275
electricity,pretrained,stl,p48_k12,n0.01_m0.05_w3,0.01,0.05,3.0,LCS_mask,-0.03654307872056961
electricity,pretrained,stl,p48_k12,n0.01_m0.05_w3,0.01,0.05,3.0,LCS_warp,-0.056639377027750015
electricity,pretrained,stl,p48_k12,n0.01_m0.05_w3,0.01,0.05,3.0,TSI_noise,0.9998990893363953
electricity,pretrained,stl,p48_k12,n0.01_m0.05_w3,0.01,0.05,3.0,TSI_mask,0.9997844696044922
electricity,pretrained,stl,p48_k12,n0.01_m0.05_w3,0.01,0.05,3.0,TSI_warp,0.9882093667984009
electricity,pretrained,stl,p48_k12,n0.01_m0.05_w3,0.01,0.05,3.0,GSP_noise,0.001085810363292694
electricity,pretrained,stl,p48_k12,n0.01_m0.05_w3,0.01,0.05,3.0,GSP_mask,0.0001685023307800293
electricity,pretrained,stl,p48_k12,n0.01_m0.05_w3,0.01,0.05,3.0,GSP_warp,0.020264800637960434
electricity,pretrained,stl,p96_k4,n0.01_m0.05_w3,0.01,0.05,3.0,LCS_clean,-0.024937734007835388
electricity,pretrained,stl,p96_k4,n0.01_m0.05_w3,0.01,0.05,3.0,LCS_noise,-0.023254696279764175
electricity,pretrained,stl,p96_k4,n0.01_m0.05_w3,0.01,0.05,3.0,LCS_mask,-0.023046452552080154
electricity,pretrained,stl,p96_k4,n0.01_m0.05_w3,0.01,0.05,3.0,LCS_warp,-0.026883600279688835
electricity,pretrained,stl,p96_k4,n0.01_m0.05_w3,0.01,0.05,3.0,TSI_noise,0.9998990893363953
electricity,pretrained,stl,p96_k4,n0.01_m0.05_w3,0.01,0.05,3.0,TSI_mask,0.9997844696044922
electricity,pretrained,stl,p96_k4,n0.01_m0.05_w3,0.01,0.05,3.0,TSI_warp,0.9882093667984009
electricity,pretrained,stl,p96_k4,n0.01_m0.05_w3,0.01,0.05,3.0,GSP_noise,-0.0016830377280712128
electricity,pretrained,stl,p96_k4,n0.01_m0.05_w3,0.01,0.05,3.0,GSP_mask,-0.0018912814557552338
electricity,pretrained,stl,p96_k4,n0.01_m0.05_w3,0.01,0.05,3.0,GSP_warp,0.001945866271853447
electricity,pretrained,stl,p96_k8,n0.01_m0.05_w3,0.01,0.05,3.0,LCS_clean,-0.05526850000023842
electricity,pretrained,stl,p96_k8,n0.01_m0.05_w3,0.01,0.05,3.0,LCS_noise,-0.05337989330291748
electricity,pretrained,stl,p96_k8,n0.01_m0.05_w3,0.01,0.05,3.0,LCS_mask,-0.05368374288082123
electricity,pretrained,stl,p96_k8,n0.01_m0.05_w3,0.01,0.05,3.0,LCS_warp,-0.05343114957213402
electricity,pretrained,stl,p96_k8,n0.01_m0.05_w3,0.01,0.05,3.0,TSI_noise,0.9998990893363953
electricity,pretrained,stl,p96_k8,n0.01_m0.05_w3,0.01,0.05,3.0,TSI_mask,0.9997844696044922
electricity,pretrained,stl,p96_k8,n0.01_m0.05_w3,0.01,0.05,3.0,TSI_warp,0.9882093667984009
electricity,pretrained,stl,p96_k8,n0.01_m0.05_w3,0.01,0.05,3.0,GSP_noise,-0.0018886066973209381
electricity,pretrained,stl,p96_k8,n0.01_m0.05_w3,0.01,0.05,3.0,GSP_mask,-0.0015847571194171906
electricity,pretrained,stl,p96_k8,n0.01_m0.05_w3,0.01,0.05,3.0,GSP_warp,-0.0018373504281044006
electricity,pretrained,stl,p96_k12,n0.01_m0.05_w3,0.01,0.05,3.0,LCS_clean,-0.059412844479084015
electricity,pretrained,stl,p96_k12,n0.01_m0.05_w3,0.01,0.05,3.0,LCS_noise,-0.06304221600294113
electricity,pretrained,stl,p96_k12,n0.01_m0.05_w3,0.01,0.05,3.0,LCS_mask,-0.054954785853624344
electricity,pretrained,stl,p96_k12,n0.01_m0.05_w3,0.01,0.05,3.0,LCS_warp,-0.10788740962743759
electricity,pretrained,stl,p96_k12,n0.01_m0.05_w3,0.01,0.05,3.0,TSI_noise,0.9998990893363953
electricity,pretrained,stl,p96_k12,n0.01_m0.05_w3,0.01,0.05,3.0,TSI_mask,0.9997844696044922
electricity,pretrained,stl,p96_k12,n0.01_m0.05_w3,0.01,0.05,3.0,TSI_warp,0.9882093667984009
electricity,pretrained,stl,p96_k12,n0.01_m0.05_w3,0.01,0.05,3.0,GSP_noise,0.0036293715238571167
electricity,pretrained,stl,p96_k12,n0.01_m0.05_w3,0.01,0.05,3.0,GSP_mask,-0.004458058625459671
electricity,pretrained,stl,p96_k12,n0.01_m0.05_w3,0.01,0.05,3.0,GSP_warp,0.04847456514835358
electricity,pretrained,phase8,na,n0.01_m0.1_w1.5,0.01,0.1,1.5,LCS_clean,-0.03533760830760002
electricity,pretrained,phase8,na,n0.01_m0.1_w1.5,0.01,0.1,1.5,LCS_noise,-0.03640834987163544
electricity,pretrained,phase8,na,n0.01_m0.1_w1.5,0.01,0.1,1.5,LCS_mask,-0.03607536479830742
electricity,pretrained,phase8,na,n0.01_m0.1_w1.5,0.01,0.1,1.5,LCS_warp,-0.04251200705766678
electricity,pretrained,phase8,na,n0.01_m0.1_w1.5,0.01,0.1,1.5,TSI_noise,0.9999043345451355
electricity,pretrained,phase8,na,n0.01_m0.1_w1.5,0.01,0.1,1.5,TSI_mask,0.9996815323829651
electricity,pretrained,phase8,na,n0.01_m0.1_w1.5,0.01,0.1,1.5,TSI_warp,0.991910457611084
electricity,pretrained,phase8,na,n0.01_m0.1_w1.5,0.01,0.1,1.5,GSP_noise,0.0010707415640354156
electricity,pretrained,phase8,na,n0.01_m0.1_w1.5,0.01,0.1,1.5,GSP_mask,0.0007377564907073975
electricity,pretrained,phase8,na,n0.01_m0.1_w1.5,0.01,0.1,1.5,GSP_warp,0.007174398750066757
electricity,pretrained,stl,p24_k4,n0.01_m0.1_w1.5,0.01,0.1,1.5,LCS_clean,0.0010033687576651573
electricity,pretrained,stl,p24_k4,n0.01_m0.1_w1.5,0.01,0.1,1.5,LCS_noise,0.0028024206403642893
electricity,pretrained,stl,p24_k4,n0.01_m0.1_w1.5,0.01,0.1,1.5,LCS_mask,0.0008803822565823793
electricity,pretrained,stl,p24_k4,n0.01_m0.1_w1.5,0.01,0.1,1.5,LCS_warp,-0.002833082340657711
electricity,pretrained,stl,p24_k4,n0.01_m0.1_w1.5,0.01,0.1,1.5,TSI_noise,0.9999043345451355
electricity,pretrained,stl,p24_k4,n0.01_m0.1_w1.5,0.01,0.1,1.5,TSI_mask,0.9996815323829651
electricity,pretrained,stl,p24_k4,n0.01_m0.1_w1.5,0.01,0.1,1.5,TSI_warp,0.991910457611084
electricity,pretrained,stl,p24_k4,n0.01_m0.1_w1.5,0.01,0.1,1.5,GSP_noise,-0.001799051882699132
electricity,pretrained,stl,p24_k4,n0.01_m0.1_w1.5,0.01,0.1,1.5,GSP_mask,0.00012298650108277798
electricity,pretrained,stl,p24_k4,n0.01_m0.1_w1.5,0.01,0.1,1.5,GSP_warp,0.0038364510983228683
electricity,pretrained,stl,p24_k8,n0.01_m0.1_w1.5,0.01,0.1,1.5,LCS_clean,-0.01524264644831419
electricity,pretrained,stl,p24_k8,n0.01_m0.1_w1.5,0.01,0.1,1.5,LCS_noise,-0.013696156442165375
electricity,pretrained,stl,p24_k8,n0.01_m0.1_w1.5,0.01,0.1,1.5,LCS_mask,-0.015295369550585747
electricity,pretrained,stl,p24_k8,n0.01_m0.1_w1.5,0.01,0.1,1.5,LCS_warp,-0.019087282940745354
electricity,pretrained,stl,p24_k8,n0.01_m0.1_w1.5,0.01,0.1,1.5,TSI_noise,0.9999043345451355
electricity,pretrained,stl,p24_k8,n0.01_m0.1_w1.5,0.01,0.1,1.5,TSI_mask,0.9996815323829651
electricity,pretrained,stl,p24_k8,n0.01_m0.1_w1.5,0.01,0.1,1.5,TSI_warp,0.991910457611084
electricity,pretrained,stl,p24_k8,n0.01_m0.1_w1.5,0.01,0.1,1.5,GSP_noise,-0.0015464900061488152
electricity,pretrained,stl,p24_k8,n0.01_m0.1_w1.5,0.01,0.1,1.5,GSP_mask,5.2723102271556854e-05
electricity,pretrained,stl,p24_k8,n0.01_m0.1_w1.5,0.01,0.1,1.5,GSP_warp,0.003844636492431164
electricity,pretrained,stl,p24_k12,n0.01_m0.1_w1.5,0.01,0.1,1.5,LCS_clean,-0.03769192844629288
electricity,pretrained,stl,p24_k12,n0.01_m0.1_w1.5,0.01,0.1,1.5,LCS_noise,-0.03648325055837631
electricity,pretrained,stl,p24_k12,n0.01_m0.1_w1.5,0.01,0.1,1.5,LCS_mask,-0.044171787798404694
electricity,pretrained,stl,p24_k12,n0.01_m0.1_w1.5,0.01,0.1,1.5,LCS_warp,-0.04461539164185524
electricity,pretrained,stl,p24_k12,n0.01_m0.1_w1.5,0.01,0.1,1.5,TSI_noise,0.9999043345451355
electricity,pretrained,stl,p24_k12,n0.01_m0.1_w1.5,0.01,0.1,1.5,TSI_mask,0.9996815323829651
electricity,pretrained,stl,p24_k12,n0.01_m0.1_w1.5,0.01,0.1,1.5,TSI_warp,0.991910457611084
electricity,pretrained,stl,p24_k12,n0.01_m0.1_w1.5,0.01,0.1,1.5,GSP_noise,-0.001208677887916565
electricity,pretrained,stl,p24_k12,n0.01_m0.1_w1.5,0.01,0.1,1.5,GSP_mask,0.006479859352111816
electricity,pretrained,stl,p24_k12,n0.01_m0.1_w1.5,0.01,0.1,1.5,GSP_warp,0.006923463195562363
electricity,pretrained,stl,p48_k4,n0.01_m0.1_w1.5,0.01,0.1,1.5,LCS_clean,-0.02065553329885006
electricity,pretrained,stl,p48_k4,n0.01_m0.1_w1.5,0.01,0.1,1.5,LCS_noise,-0.019519658759236336
electricity,pretrained,stl,p48_k4,n0.01_m0.1_w1.5,0.01,0.1,1.5,LCS_mask,-0.019056037068367004
electricity,pretrained,stl,p48_k4,n0.01_m0.1_w1.5,0.01,0.1,1.5,LCS_warp,-0.02107146941125393
electricity,pretrained,stl,p48_k4,n0.01_m0.1_w1.5,0.01,0.1,1.5,TSI_noise,0.9999043345451355
electricity,pretrained,stl,p48_k4,n0.01_m0.1_w1.5,0.01,0.1,1.5,TSI_mask,0.9996815323829651
electricity,pretrained,stl,p48_k4,n0.01_m0.1_w1.5,0.01,0.1,1.5,TSI_warp,0.991910457611084
electricity,pretrained,stl,p48_k4,n0.01_m0.1_w1.5,0.01,0.1,1.5,GSP_noise,-0.0011358745396137238
electricity,pretrained,stl,p48_k4,n0.01_m0.1_w1.5,0.01,0.1,1.5,GSP_mask,-0.0015994962304830551
electricity,pretrained,stl,p48_k4,n0.01_m0.1_w1.5,0.01,0.1,1.5,GSP_warp,0.00041593611240386963
electricity,pretrained,stl,p48_k8,n0.01_m0.1_w1.5,0.01,0.1,1.5,LCS_clean,-0.038437195122241974
electricity,pretrained,stl,p48_k8,n0.01_m0.1_w1.5,0.01,0.1,1.5,LCS_noise,-0.03714793920516968
electricity,pretrained,stl,p48_k8,n0.01_m0.1_w1.5,0.01,0.1,1.5,LCS_mask,-0.03939790278673172
electricity,pretrained,stl,p48_k8,n0.01_m0.1_w1.5,0.01,0.1,1.5,LCS_warp,-0.042354293167591095
electricity,pretrained,stl,p48_k8,n0.01_m0.1_w1.5,0.01,0.1,1.5,TSI_noise,0.9999043345451355
electricity,pretrained,stl,p48_k8,n0.01_m0.1_w1.5,0.01,0.1,1.5,TSI_mask,0.9996815323829651
electricity,pretrained,stl,p48_k8,n0.01_m0.1_w1.5,0.01,0.1,1.5,TSI_warp,0.991910457611084
electricity,pretrained,stl,p48_k8,n0.01_m0.1_w1.5,0.01,0.1,1.5,GSP_noise,-0.0012892559170722961
electricity,pretrained,stl,p48_k8,n0.01_m0.1_w1.5,0.01,0.1,1.5,GSP_mask,0.0009607076644897461
electricity,pretrained,stl,p48_k8,n0.01_m0.1_w1.5,0.01,0.1,1.5,GSP_warp,0.003917098045349121
electricity,pretrained,stl,p48_k12,n0.01_m0.1_w1.5,0.01,0.1,1.5,LCS_clean,-0.03637457638978958
electricity,pretrained,stl,p48_k12,n0.01_m0.1_w1.5,0.01,0.1,1.5,LCS_noise,-0.03675904497504234
electricity,pretrained,stl,p48_k12,n0.01_m0.1_w1.5,0.01,0.1,1.5,LCS_mask,-0.03833448886871338
electricity,pretrained,stl,p48_k12,n0.01_m0.1_w1.5,0.01,0.1,1.5,LCS_warp,-0.037447571754455566
electricity,pretrained,stl,p48_k12,n0.01_m0.1_w1.5,0.01,0.1,1.5,TSI_noise,0.9999043345451355
electricity,pretrained,stl,p48_k12,n0.01_m0.1_w1.5,0.01,0.1,1.5,TSI_mask,0.9996815323829651
electricity,pretrained,stl,p48_k12,n0.01_m0.1_w1.5,0.01,0.1,1.5,TSI_warp,0.991910457611084
electricity,pretrained,stl,p48_k12,n0.01_m0.1_w1.5,0.01,0.1,1.5,GSP_noise,0.00038446858525276184
electricity,pretrained,stl,p48_k12,n0.01_m0.1_w1.5,0.01,0.1,1.5,GSP_mask,0.0019599124789237976
electricity,pretrained,stl,p48_k12,n0.01_m0.1_w1.5,0.01,0.1,1.5,GSP_warp,0.001072995364665985
electricity,pretrained,stl,p96_k4,n0.01_m0.1_w1.5,0.01,0.1,1.5,LCS_clean,-0.024937734007835388
electricity,pretrained,stl,p96_k4,n0.01_m0.1_w1.5,0.01,0.1,1.5,LCS_noise,-0.02379666641354561
electricity,pretrained,stl,p96_k4,n0.01_m0.1_w1.5,0.01,0.1,1.5,LCS_mask,-0.023816999047994614
electricity,pretrained,stl,p96_k4,n0.01_m0.1_w1.5,0.01,0.1,1.5,LCS_warp,-0.02397574484348297
electricity,pretrained,stl,p96_k4,n0.01_m0.1_w1.5,0.01,0.1,1.5,TSI_noise,0.9999043345451355
electricity,pretrained,stl,p96_k4,n0.01_m0.1_w1.5,0.01,0.1,1.5,TSI_mask,0.9996815323829651
electricity,pretrained,stl,p96_k4,n0.01_m0.1_w1.5,0.01,0.1,1.5,TSI_warp,0.991910457611084
electricity,pretrained,stl,p96_k4,n0.01_m0.1_w1.5,0.01,0.1,1.5,GSP_noise,-0.0011410675942897797
electricity,pretrained,stl,p96_k4,n0.01_m0.1_w1.5,0.01,0.1,1.5,GSP_mask,-0.0011207349598407745
electricity,pretrained,stl,p96_k4,n0.01_m0.1_w1.5,0.01,0.1,1.5,GSP_warp,-0.000961989164352417
electricity,pretrained,stl,p96_k8,n0.01_m0.1_w1.5,0.01,0.1,1.5,LCS_clean,-0.05526850000023842
electricity,pretrained,stl,p96_k8,n0.01_m0.1_w1.5,0.01,0.1,1.5,LCS_noise,-0.05437495931982994
electricity,pretrained,stl,p96_k8,n0.01_m0.1_w1.5,0.01,0.1,1.5,LCS_mask,-0.05646209418773651
electricity,pretrained,stl,p96_k8,n0.01_m0.1_w1.5,0.01,0.1,1.5,LCS_warp,-0.056844860315322876
electricity,pretrained,stl,p96_k8,n0.01_m0.1_w1.5,0.01,0.1,1.5,TSI_noise,0.9999043345451355
electricity,pretrained,stl,p96_k8,n0.01_m0.1_w1.5,0.01,0.1,1.5,TSI_mask,0.9996815323829651
electricity,pretrained,stl,p96_k8,n0.01_m0.1_w1.5,0.01,0.1,1.5,TSI_warp,0.991910457611084
electricity,pretrained,stl,p96_k8,n0.01_m0.1_w1.5,0.01,0.1,1.5,GSP_noise,-0.0008935406804084778
electricity,pretrained,stl,p96_k8,n0.01_m0.1_w1.5,0.01,0.1,1.5,GSP_mask,0.0011935941874980927
electricity,pretrained,stl,p96_k8,n0.01_m0.1_w1.5,0.01,0.1,1.5,GSP_warp,0.0015763603150844574
electricity,pretrained,stl,p96_k12,n0.01_m0.1_w1.5,0.01,0.1,1.5,LCS_clean,-0.059412844479084015
electricity,pretrained,stl,p96_k12,n0.01_m0.1_w1.5,0.01,0.1,1.5,LCS_noise,-0.06109870970249176
electricity,pretrained,stl,p96_k12,n0.01_m0.1_w1.5,0.01,0.1,1.5,LCS_mask,-0.06193152815103531
electricity,pretrained,stl,p96_k12,n0.01_m0.1_w1.5,0.01,0.1,1.5,LCS_warp,-0.0718282163143158
electricity,pretrained,stl,p96_k12,n0.01_m0.1_w1.5,0.01,0.1,1.5,TSI_noise,0.9999043345451355
electricity,pretrained,stl,p96_k12,n0.01_m0.1_w1.5,0.01,0.1,1.5,TSI_mask,0.9996815323829651
electricity,pretrained,stl,p96_k12,n0.01_m0.1_w1.5,0.01,0.1,1.5,TSI_warp,0.991910457611084
electricity,pretrained,stl,p96_k12,n0.01_m0.1_w1.5,0.01,0.1,1.5,GSP_noise,0.0016858652234077454
electricity,pretrained,stl,p96_k12,n0.01_m0.1_w1.5,0.01,0.1,1.5,GSP_mask,0.002518683671951294
electricity,pretrained,stl,p96_k12,n0.01_m0.1_w1.5,0.01,0.1,1.5,GSP_warp,0.012415371835231781
electricity,pretrained,phase8,na,n0.01_m0.1_w2,0.01,0.1,2.0,LCS_clean,-0.03533760830760002
electricity,pretrained,phase8,na,n0.01_m0.1_w2,0.01,0.1,2.0,LCS_noise,-0.037102170288562775
electricity,pretrained,phase8,na,n0.01_m0.1_w2,0.01,0.1,2.0,LCS_mask,-0.03216254338622093
electricity,pretrained,phase8,na,n0.01_m0.1_w2,0.01,0.1,2.0,LCS_warp,-0.04628261923789978
electricity,pretrained,phase8,na,n0.01_m0.1_w2,0.01,0.1,2.0,TSI_noise,0.9998974204063416
electricity,pretrained,phase8,na,n0.01_m0.1_w2,0.01,0.1,2.0,TSI_mask,0.9996779561042786
electricity,pretrained,phase8,na,n0.01_m0.1_w2,0.01,0.1,2.0,TSI_warp,0.9895915985107422
electricity,pretrained,phase8,na,n0.01_m0.1_w2,0.01,0.1,2.0,GSP_noise,0.0017645619809627533
electricity,pretrained,phase8,na,n0.01_m0.1_w2,0.01,0.1,2.0,GSP_mask,-0.0031750649213790894
electricity,pretrained,phase8,na,n0.01_m0.1_w2,0.01,0.1,2.0,GSP_warp,0.010945010930299759
electricity,pretrained,stl,p24_k4,n0.01_m0.1_w2,0.01,0.1,2.0,LCS_clean,0.0010033687576651573
electricity,pretrained,stl,p24_k4,n0.01_m0.1_w2,0.01,0.1,2.0,LCS_noise,0.0028274226933717728
electricity,pretrained,stl,p24_k4,n0.01_m0.1_w2,0.01,0.1,2.0,LCS_mask,0.0018422170542180538
electricity,pretrained,stl,p24_k4,n0.01_m0.1_w2,0.01,0.1,2.0,LCS_warp,-0.003764441469684243
electricity,pretrained,stl,p24_k4,n0.01_m0.1_w2,0.01,0.1,2.0,TSI_noise,0.9998974204063416
electricity,pretrained,stl,p24_k4,n0.01_m0.1_w2,0.01,0.1,2.0,TSI_mask,0.9996779561042786
electricity,pretrained,stl,p24_k4,n0.01_m0.1_w2,0.01,0.1,2.0,TSI_warp,0.9895915985107422
electricity,pretrained,stl,p24_k4,n0.01_m0.1_w2,0.01,0.1,2.0,GSP_noise,-0.0018240539357066154
electricity,pretrained,stl,p24_k4,n0.01_m0.1_w2,0.01,0.1,2.0,GSP_mask,-0.0008388482965528965
electricity,pretrained,stl,p24_k4,n0.01_m0.1_w2,0.01,0.1,2.0,GSP_warp,0.0047678102273494005
electricity,pretrained,stl,p24_k8,n0.01_m0.1_w2,0.01,0.1,2.0,LCS_clean,-0.01524264644831419
electricity,pretrained,stl,p24_k8,n0.01_m0.1_w2,0.01,0.1,2.0,LCS_noise,-0.01308570709079504
electricity,pretrained,stl,p24_k8,n0.01_m0.1_w2,0.01,0.1,2.0,LCS_mask,-0.013761200942099094
electricity,pretrained,stl,p24_k8,n0.01_m0.1_w2,0.01,0.1,2.0,LCS_warp,-0.03539219871163368
electricity,pretrained,stl,p24_k8,n0.01_m0.1_w2,0.01,0.1,2.0,TSI_noise,0.9998974204063416
electricity,pretrained,stl,p24_k8,n0.01_m0.1_w2,0.01,0.1,2.0,TSI_mask,0.9996779561042786
electricity,pretrained,stl,p24_k8,n0.01_m0.1_w2,0.01,0.1,2.0,TSI_warp,0.9895915985107422
electricity,pretrained,stl,p24_k8,n0.01_m0.1_w2,0.01,0.1,2.0,GSP_noise,-0.0021569393575191498
electricity,pretrained,stl,p24_k8,n0.01_m0.1_w2,0.01,0.1,2.0,GSP_mask,-0.0014814455062150955
electricity,pretrained,stl,p24_k8,n0.01_m0.1_w2,0.01,0.1,2.0,GSP_warp,0.020149552263319492
electricity,pretrained,stl,p24_k12,n0.01_m0.1_w2,0.01,0.1,2.0,LCS_clean,-0.03769192844629288
electricity,pretrained,stl,p24_k12,n0.01_m0.1_w2,0.01,0.1,2.0,LCS_noise,-0.03669460862874985
electricity,pretrained,stl,p24_k12,n0.01_m0.1_w2,0.01,0.1,2.0,LCS_mask,-0.04139520972967148
electricity,pretrained,stl,p24_k12,n0.01_m0.1_w2,0.01,0.1,2.0,LCS_warp,-0.08168339729309082
electricity,pretrained,stl,p24_k12,n0.01_m0.1_w2,0.01,0.1,2.0,TSI_noise,0.9998974204063416
electricity,pretrained,stl,p24_k12,n0.01_m0.1_w2,0.01,0.1,2.0,TSI_mask,0.9996779561042786
electricity,pretrained,stl,p24_k12,n0.01_m0.1_w2,0.01,0.1,2.0,TSI_warp,0.9895915985107422
electricity,pretrained,stl,p24_k12,n0.01_m0.1_w2,0.01,0.1,2.0,GSP_noise,-0.0009973198175430298
electricity,pretrained,stl,p24_k12,n0.01_m0.1_w2,0.01,0.1,2.0,GSP_mask,0.003703281283378601
electricity,pretrained,stl,p24_k12,n0.01_m0.1_w2,0.01,0.1,2.0,GSP_warp,0.04399146884679794
electricity,pretrained,stl,p48_k4,n0.01_m0.1_w2,0.01,0.1,2.0,LCS_clean,-0.02065553329885006
electricity,pretrained,stl,p48_k4,n0.01_m0.1_w2,0.01,0.1,2.0,LCS_noise,-0.01947331614792347
electricity,pretrained,stl,p48_k4,n0.01_m0.1_w2,0.01,0.1,2.0,LCS_mask,-0.018295828253030777
electricity,pretrained,stl,p48_k4,n0.01_m0.1_w2,0.01,0.1,2.0,LCS_warp,-0.01632390171289444
electricity,pretrained,stl,p48_k4,n0.01_m0.1_w2,0.01,0.1,2.0,TSI_noise,0.9998974204063416
electricity,pretrained,stl,p48_k4,n0.01_m0.1_w2,0.01,0.1,2.0,TSI_mask,0.9996779561042786
electricity,pretrained,stl,p48_k4,n0.01_m0.1_w2,0.01,0.1,2.0,TSI_warp,0.9895915985107422
electricity,pretrained,stl,p48_k4,n0.01_m0.1_w2,0.01,0.1,2.0,GSP_noise,-0.00118221715092659
electricity,pretrained,stl,p48_k4,n0.01_m0.1_w2,0.01,0.1,2.0,GSP_mask,-0.0023597050458192825
electricity,pretrained,stl,p48_k4,n0.01_m0.1_w2,0.01,0.1,2.0,GSP_warp,-0.00433163158595562
electricity,pretrained,stl,p48_k8,n0.01_m0.1_w2,0.01,0.1,2.0,LCS_clean,-0.038437195122241974
electricity,pretrained,stl,p48_k8,n0.01_m0.1_w2,0.01,0.1,2.0,LCS_noise,-0.03740645945072174
electricity,pretrained,stl,p48_k8,n0.01_m0.1_w2,0.01,0.1,2.0,LCS_mask,-0.03602400794625282
electricity,pretrained,stl,p48_k8,n0.01_m0.1_w2,0.01,0.1,2.0,LCS_warp,-0.05297691375017166
electricity,pretrained,stl,p48_k8,n0.01_m0.1_w2,0.01,0.1,2.0,TSI_noise,0.9998974204063416
electricity,pretrained,stl,p48_k8,n0.01_m0.1_w2,0.01,0.1,2.0,TSI_mask,0.9996779561042786
electricity,pretrained,stl,p48_k8,n0.01_m0.1_w2,0.01,0.1,2.0,TSI_warp,0.9895915985107422
electricity,pretrained,stl,p48_k8,n0.01_m0.1_w2,0.01,0.1,2.0,GSP_noise,-0.0010307356715202332
electricity,pretrained,stl,p48_k8,n0.01_m0.1_w2,0.01,0.1,2.0,GSP_mask,-0.002413187175989151
electricity,pretrained,stl,p48_k8,n0.01_m0.1_w2,0.01,0.1,2.0,GSP_warp,0.014539718627929688
electricity,pretrained,stl,p48_k12,n0.01_m0.1_w2,0.01,0.1,2.0,LCS_clean,-0.03637457638978958
electricity,pretrained,stl,p48_k12,n0.01_m0.1_w2,0.01,0.1,2.0,LCS_noise,-0.03767870366573334
electricity,pretrained,stl,p48_k12,n0.01_m0.1_w2,0.01,0.1,2.0,LCS_mask,-0.03410216420888901
electricity,pretrained,stl,p48_k12,n0.01_m0.1_w2,0.01,0.1,2.0,LCS_warp,-0.05490664765238762
electricity,pretrained,stl,p48_k12,n0.01_m0.1_w2,0.01,0.1,2.0,TSI_noise,0.9998974204063416
electricity,pretrained,stl,p48_k12,n0.01_m0.1_w2,0.01,0.1,2.0,TSI_mask,0.9996779561042786
electricity,pretrained,stl,p48_k12,n0.01_m0.1_w2,0.01,0.1,2.0,TSI_warp,0.9895915985107422
electricity,pretrained,stl,p48_k12,n0.01_m0.1_w2,0.01,0.1,2.0,GSP_noise,0.001304127275943756
electricity,pretrained,stl,p48_k12,n0.01_m0.1_w2,0.01,0.1,2.0,GSP_mask,-0.0022724121809005737
electricity,pretrained,stl,p48_k12,n0.01_m0.1_w2,0.01,0.1,2.0,GSP_warp,0.018532071262598038
electricity,pretrained,stl,p96_k4,n0.01_m0.1_w2,0.01,0.1,2.0,LCS_clean,-0.024937734007835388
electricity,pretrained,stl,p96_k4,n0.01_m0.1_w2,0.01,0.1,2.0,LCS_noise,-0.023054324090480804
electricity,pretrained,stl,p96_k4,n0.01_m0.1_w2,0.01,0.1,2.0,LCS_mask,-0.024978699162602425
electricity,pretrained,stl,p96_k4,n0.01_m0.1_w2,0.01,0.1,2.0,LCS_warp,-0.031188901513814926
electricity,pretrained,stl,p96_k4,n0.01_m0.1_w2,0.01,0.1,2.0,TSI_noise,0.9998974204063416
electricity,pretrained,stl,p96_k4,n0.01_m0.1_w2,0.01,0.1,2.0,TSI_mask,0.9996779561042786
electricity,pretrained,stl,p96_k4,n0.01_m0.1_w2,0.01,0.1,2.0,TSI_warp,0.9895915985107422
electricity,pretrained,stl,p96_k4,n0.01_m0.1_w2,0.01,0.1,2.0,GSP_noise,-0.0018834099173545837
electricity,pretrained,stl,p96_k4,n0.01_m0.1_w2,0.01,0.1,2.0,GSP_mask,4.096515476703644e-05
electricity,pretrained,stl,p96_k4,n0.01_m0.1_w2,0.01,0.1,2.0,GSP_warp,0.006251167505979538
electricity,pretrained,stl,p96_k8,n0.01_m0.1_w2,0.01,0.1,2.0,LCS_clean,-0.05526850000023842
electricity,pretrained,stl,p96_k8,n0.01_m0.1_w2,0.01,0.1,2.0,LCS_noise,-0.05305439233779907
electricity,pretrained,stl,p96_k8,n0.01_m0.1_w2,0.01,0.1,2.0,LCS_mask,-0.05243401974439621
electricity,pretrained,stl,p96_k8,n0.01_m0.1_w2,0.01,0.1,2.0,LCS_warp,-0.04742157459259033
electricity,pretrained,stl,p96_k8,n0.01_m0.1_w2,0.01,0.1,2.0,TSI_noise,0.9998974204063416
electricity,pretrained,stl,p96_k8,n0.01_m0.1_w2,0.01,0.1,2.0,TSI_mask,0.9996779561042786
electricity,pretrained,stl,p96_k8,n0.01_m0.1_w2,0.01,0.1,2.0,TSI_warp,0.9895915985107422
electricity,pretrained,stl,p96_k8,n0.01_m0.1_w2,0.01,0.1,2.0,GSP_noise,-0.0022141076624393463
electricity,pretrained,stl,p96_k8,n0.01_m0.1_w2,0.01,0.1,2.0,GSP_mask,-0.002834480255842209
electricity,pretrained,stl,p96_k8,n0.01_m0.1_w2,0.01,0.1,2.0,GSP_warp,-0.007846925407648087
electricity,pretrained,stl,p96_k12,n0.01_m0.1_w2,0.01,0.1,2.0,LCS_clean,-0.059412844479084015
electricity,pretrained,stl,p96_k12,n0.01_m0.1_w2,0.01,0.1,2.0,LCS_noise,-0.06016569212079048
electricity,pretrained,stl,p96_k12,n0.01_m0.1_w2,0.01,0.1,2.0,LCS_mask,-0.05679614841938019
electricity,pretrained,stl,p96_k12,n0.01_m0.1_w2,0.01,0.1,2.0,LCS_warp,-0.0629744827747345
electricity,pretrained,stl,p96_k12,n0.01_m0.1_w2,0.01,0.1,2.0,TSI_noise,0.9998974204063416
electricity,pretrained,stl,p96_k12,n0.01_m0.1_w2,0.01,0.1,2.0,TSI_mask,0.9996779561042786
electricity,pretrained,stl,p96_k12,n0.01_m0.1_w2,0.01,0.1,2.0,TSI_warp,0.9895915985107422
electricity,pretrained,stl,p96_k12,n0.01_m0.1_w2,0.01,0.1,2.0,GSP_noise,0.0007528476417064667
electricity,pretrained,stl,p96_k12,n0.01_m0.1_w2,0.01,0.1,2.0,GSP_mask,-0.002616696059703827
electricity,pretrained,stl,p96_k12,n0.01_m0.1_w2,0.01,0.1,2.0,GSP_warp,0.003561638295650482
electricity,pretrained,phase8,na,n0.01_m0.1_w3,0.01,0.1,3.0,LCS_clean,-0.03533760830760002
electricity,pretrained,phase8,na,n0.01_m0.1_w3,0.01,0.1,3.0,LCS_noise,-0.03654380887746811
electricity,pretrained,phase8,na,n0.01_m0.1_w3,0.01,0.1,3.0,LCS_mask,-0.04079997539520264
electricity,pretrained,phase8,na,n0.01_m0.1_w3,0.01,0.1,3.0,LCS_warp,-0.032398566603660583
electricity,pretrained,phase8,na,n0.01_m0.1_w3,0.01,0.1,3.0,TSI_noise,0.9998969435691833
electricity,pretrained,phase8,na,n0.01_m0.1_w3,0.01,0.1,3.0,TSI_mask,0.999671459197998
electricity,pretrained,phase8,na,n0.01_m0.1_w3,0.01,0.1,3.0,TSI_warp,0.988120436668396
electricity,pretrained,phase8,na,n0.01_m0.1_w3,0.01,0.1,3.0,GSP_noise,0.0012062005698680878
electricity,pretrained,phase8,na,n0.01_m0.1_w3,0.01,0.1,3.0,GSP_mask,0.005462367087602615
electricity,pretrained,phase8,na,n0.01_m0.1_w3,0.01,0.1,3.0,GSP_warp,-0.002939041703939438
electricity,pretrained,stl,p24_k4,n0.01_m0.1_w3,0.01,0.1,3.0,LCS_clean,0.0010033687576651573
electricity,pretrained,stl,p24_k4,n0.01_m0.1_w3,0.01,0.1,3.0,LCS_noise,0.0031390730291604996
electricity,pretrained,stl,p24_k4,n0.01_m0.1_w3,0.01,0.1,3.0,LCS_mask,0.0010633966885507107
electricity,pretrained,stl,p24_k4,n0.01_m0.1_w3,0.01,0.1,3.0,LCS_warp,-0.006792136467993259
electricity,pretrained,stl,p24_k4,n0.01_m0.1_w3,0.01,0.1,3.0,TSI_noise,0.9998969435691833
electricity,pretrained,stl,p24_k4,n0.01_m0.1_w3,0.01,0.1,3.0,TSI_mask,0.999671459197998
electricity,pretrained,stl,p24_k4,n0.01_m0.1_w3,0.01,0.1,3.0,TSI_warp,0.988120436668396
electricity,pretrained,stl,p24_k4,n0.01_m0.1_w3,0.01,0.1,3.0,GSP_noise,-0.0021357042714953423
electricity,pretrained,stl,p24_k4,n0.01_m0.1_w3,0.01,0.1,3.0,GSP_mask,-6.002793088555336e-05
electricity,pretrained,stl,p24_k4,n0.01_m0.1_w3,0.01,0.1,3.0,GSP_warp,0.007795505225658417
electricity,pretrained,stl,p24_k8,n0.01_m0.1_w3,0.01,0.1,3.0,LCS_clean,-0.01524264644831419
electricity,pretrained,stl,p24_k8,n0.01_m0.1_w3,0.01,0.1,3.0,LCS_noise,-0.01300355140119791
electricity,pretrained,stl,p24_k8,n0.01_m0.1_w3,0.01,0.1,3.0,LCS_mask,-0.015009387396275997
electricity,pretrained,stl,p24_k8,n0.01_m0.1_w3,0.01,0.1,3.0,LCS_warp,-0.03443244844675064
electricity,pretrained,stl,p24_k8,n0.01_m0.1_w3,0.01,0.1,3.0,TSI_noise,0.9998969435691833
electricity,pretrained,stl,p24_k8,n0.01_m0.1_w3,0.01,0.1,3.0,TSI_mask,0.999671459197998
electricity,pretrained,stl,p24_k8,n0.01_m0.1_w3,0.01,0.1,3.0,TSI_warp,0.988120436668396
electricity,pretrained,stl,p24_k8,n0.01_m0.1_w3,0.01,0.1,3.0,GSP_noise,-0.0022390950471162796
electricity,pretrained,stl,p24_k8,n0.01_m0.1_w3,0.01,0.1,3.0,GSP_mask,-0.00023325905203819275
electricity,pretrained,stl,p24_k8,n0.01_m0.1_w3,0.01,0.1,3.0,GSP_warp,0.01918980199843645
electricity,pretrained,stl,p24_k12,n0.01_m0.1_w3,0.01,0.1,3.0,LCS_clean,-0.03769192844629288
electricity,pretrained,stl,p24_k12,n0.01_m0.1_w3,0.01,0.1,3.0,LCS_noise,-0.03511878475546837
electricity,pretrained,stl,p24_k12,n0.01_m0.1_w3,0.01,0.1,3.0,LCS_mask,-0.03932195156812668
electricity,pretrained,stl,p24_k12,n0.01_m0.1_w3,0.01,0.1,3.0,LCS_warp,-0.06165501847863197
electricity,pretrained,stl,p24_k12,n0.01_m0.1_w3,0.01,0.1,3.0,TSI_noise,0.9998969435691833
electricity,pretrained,stl,p24_k12,n0.01_m0.1_w3,0.01,0.1,3.0,TSI_mask,0.999671459197998
electricity,pretrained,stl,p24_k12,n0.01_m0.1_w3,0.01,0.1,3.0,TSI_warp,0.988120436668396
electricity,pretrained,stl,p24_k12,n0.01_m0.1_w3,0.01,0.1,3.0,GSP_noise,-0.0025731436908245087
electricity,pretrained,stl,p24_k12,n0.01_m0.1_w3,0.01,0.1,3.0,GSP_mask,0.0016300231218338013
electricity,pretrained,stl,p24_k12,n0.01_m0.1_w3,0.01,0.1,3.0,GSP_warp,0.023963090032339096
electricity,pretrained,stl,p48_k4,n0.01_m0.1_w3,0.01,0.1,3.0,LCS_clean,-0.02065553329885006
electricity,pretrained,stl,p48_k4,n0.01_m0.1_w3,0.01,0.1,3.0,LCS_noise,-0.019865665584802628
electricity,pretrained,stl,p48_k4,n0.01_m0.1_w3,0.01,0.1,3.0,LCS_mask,-0.01862425170838833
electricity,pretrained,stl,p48_k4,n0.01_m0.1_w3,0.01,0.1,3.0,LCS_warp,-0.01780702732503414
electricity,pretrained,stl,p48_k4,n0.01_m0.1_w3,0.01,0.1,3.0,TSI_noise,0.9998969435691833
electricity,pretrained,stl,p48_k4,n0.01_m0.1_w3,0.01,0.1,3.0,TSI_mask,0.999671459197998
electricity,pretrained,stl,p48_k4,n0.01_m0.1_w3,0.01,0.1,3.0,TSI_warp,0.988120436668396
electricity,pretrained,stl,p48_k4,n0.01_m0.1_w3,0.01,0.1,3.0,GSP_noise,-0.000789867714047432
electricity,pretrained,stl,p48_k4,n0.01_m0.1_w3,0.01,0.1,3.0,GSP_mask,-0.002031281590461731
electricity,pretrained,stl,p48_k4,n0.01_m0.1_w3,0.01,0.1,3.0,GSP_warp,-0.002848505973815918
electricity,pretrained,stl,p48_k8,n0.01_m0.1_w3,0.01,0.1,3.0,LCS_clean,-0.038437195122241974
electricity,pretrained,stl,p48_k8,n0.01_m0.1_w3,0.01,0.1,3.0,LCS_noise,-0.03811823949217796
electricity,pretrained,stl,p48_k8,n0.01_m0.1_w3,0.01,0.1,3.0,LCS_mask,-0.03746727108955383
electricity,pretrained,stl,p48_k8,n0.01_m0.1_w3,0.01,0.1,3.0,LCS_warp,-0.033301904797554016
electricity,pretrained,stl,p48_k8,n0.01_m0.1_w3,0.01,0.1,3.0,TSI_noise,0.9998969435691833
electricity,pretrained,stl,p48_k8,n0.01_m0.1_w3,0.01,0.1,3.0,TSI_mask,0.999671459197998
electricity,pretrained,stl,p48_k8,n0.01_m0.1_w3,0.01,0.1,3.0,TSI_warp,0.988120436668396
electricity,pretrained,stl,p48_k8,n0.01_m0.1_w3,0.01,0.1,3.0,GSP_noise,-0.0003189556300640106
electricity,pretrained,stl,p48_k8,n0.01_m0.1_w3,0.01,0.1,3.0,GSP_mask,-0.0009699240326881409
electricity,pretrained,stl,p48_k8,n0.01_m0.1_w3,0.01,0.1,3.0,GSP_warp,-0.005135290324687958
electricity,pretrained,stl,p48_k12,n0.01_m0.1_w3,0.01,0.1,3.0,LCS_clean,-0.03637457638978958
electricity,pretrained,stl,p48_k12,n0.01_m0.1_w3,0.01,0.1,3.0,LCS_noise,-0.03733363747596741
electricity,pretrained,stl,p48_k12,n0.01_m0.1_w3,0.01,0.1,3.0,LCS_mask,-0.03624361753463745
electricity,pretrained,stl,p48_k12,n0.01_m0.1_w3,0.01,0.1,3.0,LCS_warp,-0.04943835362792015
electricity,pretrained,stl,p48_k12,n0.01_m0.1_w3,0.01,0.1,3.0,TSI_noise,0.9998969435691833
electricity,pretrained,stl,p48_k12,n0.01_m0.1_w3,0.01,0.1,3.0,TSI_mask,0.999671459197998
electricity,pretrained,stl,p48_k12,n0.01_m0.1_w3,0.01,0.1,3.0,TSI_warp,0.988120436668396
electricity,pretrained,stl,p48_k12,n0.01_m0.1_w3,0.01,0.1,3.0,GSP_noise,0.0009590610861778259
electricity,pretrained,stl,p48_k12,n0.01_m0.1_w3,0.01,0.1,3.0,GSP_mask,-0.00013095885515213013
electricity,pretrained,stl,p48_k12,n0.01_m0.1_w3,0.01,0.1,3.0,GSP_warp,0.01306377723813057
electricity,pretrained,stl,p96_k4,n0.01_m0.1_w3,0.01,0.1,3.0,LCS_clean,-0.024937734007835388
electricity,pretrained,stl,p96_k4,n0.01_m0.1_w3,0.01,0.1,3.0,LCS_noise,-0.023655658587813377
electricity,pretrained,stl,p96_k4,n0.01_m0.1_w3,0.01,0.1,3.0,LCS_mask,-0.022705070674419403
electricity,pretrained,stl,p96_k4,n0.01_m0.1_w3,0.01,0.1,3.0,LCS_warp,-0.03707036375999451
electricity,pretrained,stl,p96_k4,n0.01_m0.1_w3,0.01,0.1,3.0,TSI_noise,0.9998969435691833
electricity,pretrained,stl,p96_k4,n0.01_m0.1_w3,0.01,0.1,3.0,TSI_mask,0.999671459197998
electricity,pretrained,stl,p96_k4,n0.01_m0.1_w3,0.01,0.1,3.0,TSI_warp,0.988120436668396
electricity,pretrained,stl,p96_k4,n0.01_m0.1_w3,0.01,0.1,3.0,GSP_noise,-0.0012820754200220108
electricity,pretrained,stl,p96_k4,n0.01_m0.1_w3,0.01,0.1,3.0,GSP_mask,-0.002232663333415985
electricity,pretrained,stl,p96_k4,n0.01_m0.1_w3,0.01,0.1,3.0,GSP_warp,0.012132629752159119
electricity,pretrained,stl,p96_k8,n0.01_m0.1_w3,0.01,0.1,3.0,LCS_clean,-0.05526850000023842
electricity,pretrained,stl,p96_k8,n0.01_m0.1_w3,0.01,0.1,3.0,LCS_noise,-0.053416408598423004
electricity,pretrained,stl,p96_k8,n0.01_m0.1_w3,0.01,0.1,3.0,LCS_mask,-0.054582513868808746
electricity,pretrained,stl,p96_k8,n0.01_m0.1_w3,0.01,0.1,3.0,LCS_warp,-0.05964573845267296
electricity,pretrained,stl,p96_k8,n0.01_m0.1_w3,0.01,0.1,3.0,TSI_noise,0.9998969435691833
electricity,pretrained,stl,p96_k8,n0.01_m0.1_w3,0.01,0.1,3.0,TSI_mask,0.999671459197998
electricity,pretrained,stl,p96_k8,n0.01_m0.1_w3,0.01,0.1,3.0,TSI_warp,0.988120436668396
electricity,pretrained,stl,p96_k8,n0.01_m0.1_w3,0.01,0.1,3.0,GSP_noise,-0.0018520914018154144
electricity,pretrained,stl,p96_k8,n0.01_m0.1_w3,0.01,0.1,3.0,GSP_mask,-0.0006859861314296722
electricity,pretrained,stl,p96_k8,n0.01_m0.1_w3,0.01,0.1,3.0,GSP_warp,0.00437723845243454
electricity,pretrained,stl,p96_k12,n0.01_m0.1_w3,0.01,0.1,3.0,LCS_clean,-0.059412844479084015
electricity,pretrained,stl,p96_k12,n0.01_m0.1_w3,0.01,0.1,3.0,LCS_noise,-0.06270579248666763
electricity,pretrained,stl,p96_k12,n0.01_m0.1_w3,0.01,0.1,3.0,LCS_mask,-0.058749835938215256
electricity,pretrained,stl,p96_k12,n0.01_m0.1_w3,0.01,0.1,3.0,LCS_warp,-0.10052860528230667
electricity,pretrained,stl,p96_k12,n0.01_m0.1_w3,0.01,0.1,3.0,TSI_noise,0.9998969435691833
electricity,pretrained,stl,p96_k12,n0.01_m0.1_w3,0.01,0.1,3.0,TSI_mask,0.999671459197998
electricity,pretrained,stl,p96_k12,n0.01_m0.1_w3,0.01,0.1,3.0,TSI_warp,0.988120436668396
electricity,pretrained,stl,p96_k12,n0.01_m0.1_w3,0.01,0.1,3.0,GSP_noise,0.003292948007583618
electricity,pretrained,stl,p96_k12,n0.01_m0.1_w3,0.01,0.1,3.0,GSP_mask,-0.0006630085408687592
electricity,pretrained,stl,p96_k12,n0.01_m0.1_w3,0.01,0.1,3.0,GSP_warp,0.041115760803222656
electricity,pretrained,phase8,na,n0.02_m0.03_w1.5,0.02,0.03,1.5,LCS_clean,-0.03533760830760002
electricity,pretrained,phase8,na,n0.02_m0.03_w1.5,0.02,0.03,1.5,LCS_noise,-0.0372452512383461
electricity,pretrained,phase8,na,n0.02_m0.03_w1.5,0.02,0.03,1.5,LCS_mask,-0.037160150706768036
electricity,pretrained,phase8,na,n0.02_m0.03_w1.5,0.02,0.03,1.5,LCS_warp,-0.03230596333742142
electricity,pretrained,phase8,na,n0.02_m0.03_w1.5,0.02,0.03,1.5,TSI_noise,0.9997556209564209
electricity,pretrained,phase8,na,n0.02_m0.03_w1.5,0.02,0.03,1.5,TSI_mask,0.9999111890792847
electricity,pretrained,phase8,na,n0.02_m0.03_w1.5,0.02,0.03,1.5,TSI_warp,0.9919664859771729
electricity,pretrained,phase8,na,n0.02_m0.03_w1.5,0.02,0.03,1.5,GSP_noise,0.0019076429307460785
electricity,pretrained,phase8,na,n0.02_m0.03_w1.5,0.02,0.03,1.5,GSP_mask,0.0018225423991680145
electricity,pretrained,phase8,na,n0.02_m0.03_w1.5,0.02,0.03,1.5,GSP_warp,-0.003031644970178604
electricity,pretrained,stl,p24_k4,n0.02_m0.03_w1.5,0.02,0.03,1.5,LCS_clean,0.0010033687576651573
electricity,pretrained,stl,p24_k4,n0.02_m0.03_w1.5,0.02,0.03,1.5,LCS_noise,0.0035552976187318563
electricity,pretrained,stl,p24_k4,n0.02_m0.03_w1.5,0.02,0.03,1.5,LCS_mask,0.0011527477763593197
electricity,pretrained,stl,p24_k4,n0.02_m0.03_w1.5,0.02,0.03,1.5,LCS_warp,-0.00394568033516407
electricity,pretrained,stl,p24_k4,n0.02_m0.03_w1.5,0.02,0.03,1.5,TSI_noise,0.9997556209564209
electricity,pretrained,stl,p24_k4,n0.02_m0.03_w1.5,0.02,0.03,1.5,TSI_mask,0.9999111890792847
electricity,pretrained,stl,p24_k4,n0.02_m0.03_w1.5,0.02,0.03,1.5,TSI_warp,0.9919664859771729
electricity,pretrained,stl,p24_k4,n0.02_m0.03_w1.5,0.02,0.03,1.5,GSP_noise,-0.002551928861066699
electricity,pretrained,stl,p24_k4,n0.02_m0.03_w1.5,0.02,0.03,1.5,GSP_mask,-0.00014937901869416237
electricity,pretrained,stl,p24_k4,n0.02_m0.03_w1.5,0.02,0.03,1.5,GSP_warp,0.0049490490928292274
electricity,pretrained,stl,p24_k8,n0.02_m0.03_w1.5,0.02,0.03,1.5,LCS_clean,-0.01524264644831419
electricity,pretrained,stl,p24_k8,n0.02_m0.03_w1.5,0.02,0.03,1.5,LCS_noise,-0.013375649228692055
electricity,pretrained,stl,p24_k8,n0.02_m0.03_w1.5,0.02,0.03,1.5,LCS_mask,-0.014788348227739334
electricity,pretrained,stl,p24_k8,n0.02_m0.03_w1.5,0.02,0.03,1.5,LCS_warp,-0.01622859761118889
electricity,pretrained,stl,p24_k8,n0.02_m0.03_w1.5,0.02,0.03,1.5,TSI_noise,0.9997556209564209
electricity,pretrained,stl,p24_k8,n0.02_m0.03_w1.5,0.02,0.03,1.5,TSI_mask,0.9999111890792847
electricity,pretrained,stl,p24_k8,n0.02_m0.03_w1.5,0.02,0.03,1.5,TSI_warp,0.9919664859771729
electricity,pretrained,stl,p24_k8,n0.02_m0.03_w1.5,0.02,0.03,1.5,GSP_noise,-0.0018669972196221352
electricity,pretrained,stl,p24_k8,n0.02_m0.03_w1.5,0.02,0.03,1.5,GSP_mask,-0.0004542982205748558
electricity,pretrained,stl,p24_k8,n0.02_m0.03_w1.5,0.02,0.03,1.5,GSP_warp,0.0009859511628746986
electricity,pretrained,stl,p24_k12,n0.02_m0.03_w1.5,0.02,0.03,1.5,LCS_clean,-0.03769192844629288
electricity,pretrained,stl,p24_k12,n0.02_m0.03_w1.5,0.02,0.03,1.5,LCS_noise,-0.03482883423566818
electricity,pretrained,stl,p24_k12,n0.02_m0.03_w1.5,0.02,0.03,1.5,LCS_mask,-0.03690217435359955
electricity,pretrained,stl,p24_k12,n0.02_m0.03_w1.5,0.02,0.03,1.5,LCS_warp,-0.040410786867141724
electricity,pretrained,stl,p24_k12,n0.02_m0.03_w1.5,0.02,0.03,1.5,TSI_noise,0.9997556209564209
electricity,pretrained,stl,p24_k12,n0.02_m0.03_w1.5,0.02,0.03,1.5,TSI_mask,0.9999111890792847
electricity,pretrained,stl,p24_k12,n0.02_m0.03_w1.5,0.02,0.03,1.5,TSI_warp,0.9919664859771729
electricity,pretrained,stl,p24_k12,n0.02_m0.03_w1.5,0.02,0.03,1.5,GSP_noise,-0.002863094210624695
electricity,pretrained,stl,p24_k12,n0.02_m0.03_w1.5,0.02,0.03,1.5,GSP_mask,-0.0007897540926933289
electricity,pretrained,stl,p24_k12,n0.02_m0.03_w1.5,0.02,0.03,1.5,GSP_warp,0.0027188584208488464
electricity,pretrained,stl,p48_k4,n0.02_m0.03_w1.5,0.02,0.03,1.5,LCS_clean,-0.02065553329885006
electricity,pretrained,stl,p48_k4,n0.02_m0.03_w1.5,0.02,0.03,1.5,LCS_noise,-0.01800711639225483
electricity,pretrained,stl,p48_k4,n0.02_m0.03_w1.5,0.02,0.03,1.5,LCS_mask,-0.01970585249364376
electricity,pretrained,stl,p48_k4,n0.02_m0.03_w1.5,0.02,0.03,1.5,LCS_warp,-0.02185383252799511
electricity,pretrained,stl,p48_k4,n0.02_m0.03_w1.5,0.02,0.03,1.5,TSI_noise,0.9997556209564209
electricity,pretrained,stl,p48_k4,n0.02_m0.03_w1.5,0.02,0.03,1.5,TSI_mask,0.9999111890792847
electricity,pretrained,stl,p48_k4,n0.02_m0.03_w1.5,0.02,0.03,1.5,TSI_warp,0.9919664859771729
electricity,pretrained,stl,p48_k4,n0.02_m0.03_w1.5,0.02,0.03,1.5,GSP_noise,-0.00264841690659523
electricity,pretrained,stl,p48_k4,n0.02_m0.03_w1.5,0.02,0.03,1.5,GSP_mask,-0.0009496808052062988
electricity,pretrained,stl,p48_k4,n0.02_m0.03_w1.5,0.02,0.03,1.5,GSP_warp,0.00119829922914505
electricity,pretrained,stl,p48_k8,n0.02_m0.03_w1.5,0.02,0.03,1.5,LCS_clean,-0.038437195122241974
electricity,pretrained,stl,p48_k8,n0.02_m0.03_w1.5,0.02,0.03,1.5,LCS_noise,-0.035009633749723434
electricity,pretrained,stl,p48_k8,n0.02_m0.03_w1.5,0.02,0.03,1.5,LCS_mask,-0.03654680773615837
electricity,pretrained,stl,p48_k8,n0.02_m0.03_w1.5,0.02,0.03,1.5,LCS_warp,-0.03399220481514931
electricity,pretrained,stl,p48_k8,n0.02_m0.03_w1.5,0.02,0.03,1.5,TSI_noise,0.9997556209564209
electricity,pretrained,stl,p48_k8,n0.02_m0.03_w1.5,0.02,0.03,1.5,TSI_mask,0.9999111890792847
electricity,pretrained,stl,p48_k8,n0.02_m0.03_w1.5,0.02,0.03,1.5,TSI_warp,0.9919664859771729
electricity,pretrained,stl,p48_k8,n0.02_m0.03_w1.5,0.02,0.03,1.5,GSP_noise,-0.0034275613725185394
electricity,pretrained,stl,p48_k8,n0.02_m0.03_w1.5,0.02,0.03,1.5,GSP_mask,-0.001890387386083603
electricity,pretrained,stl,p48_k8,n0.02_m0.03_w1.5,0.02,0.03,1.5,GSP_warp,-0.004444990307092667
electricity,pretrained,stl,p48_k12,n0.02_m0.03_w1.5,0.02,0.03,1.5,LCS_clean,-0.03637457638978958
electricity,pretrained,stl,p48_k12,n0.02_m0.03_w1.5,0.02,0.03,1.5,LCS_noise,-0.0365409329533577
electricity,pretrained,stl,p48_k12,n0.02_m0.03_w1.5,0.02,0.03,1.5,LCS_mask,-0.03738146275281906
electricity,pretrained,stl,p48_k12,n0.02_m0.03_w1.5,0.02,0.03,1.5,LCS_warp,-0.04377243295311928
electricity,pretrained,stl,p48_k12,n0.02_m0.03_w1.5,0.02,0.03,1.5,TSI_noise,0.9997556209564209
electricity,pretrained,stl,p48_k12,n0.02_m0.03_w1.5,0.02,0.03,1.5,TSI_mask,0.9999111890792847
electricity,pretrained,stl,p48_k12,n0.02_m0.03_w1.5,0.02,0.03,1.5,TSI_warp,0.9919664859771729
electricity,pretrained,stl,p48_k12,n0.02_m0.03_w1.5,0.02,0.03,1.5,GSP_noise,0.00016635656356811523
electricity,pretrained,stl,p48_k12,n0.02_m0.03_w1.5,0.02,0.03,1.5,GSP_mask,0.00100688636302948
electricity,pretrained,stl,p48_k12,n0.02_m0.03_w1.5,0.02,0.03,1.5,GSP_warp,0.007397856563329697
electricity,pretrained,stl,p96_k4,n0.02_m0.03_w1.5,0.02,0.03,1.5,LCS_clean,-0.024937734007835388
electricity,pretrained,stl,p96_k4,n0.02_m0.03_w1.5,0.02,0.03,1.5,LCS_noise,-0.022171081975102425
electricity,pretrained,stl,p96_k4,n0.02_m0.03_w1.5,0.02,0.03,1.5,LCS_mask,-0.024950232356786728
electricity,pretrained,stl,p96_k4,n0.02_m0.03_w1.5,0.02,0.03,1.5,LCS_warp,-0.02642020955681801
electricity,pretrained,stl,p96_k4,n0.02_m0.03_w1.5,0.02,0.03,1.5,TSI_noise,0.9997556209564209
electricity,pretrained,stl,p96_k4,n0.02_m0.03_w1.5,0.02,0.03,1.5,TSI_mask,0.9999111890792847
electricity,pretrained,stl,p96_k4,n0.02_m0.03_w1.5,0.02,0.03,1.5,TSI_warp,0.9919664859771729
electricity,pretrained,stl,p96_k4,n0.02_m0.03_w1.5,0.02,0.03,1.5,GSP_noise,-0.0027666520327329636
electricity,pretrained,stl,p96_k4,n0.02_m0.03_w1.5,0.02,0.03,1.5,GSP_mask,1.2498348951339722e-05
electricity,pretrained,stl,p96_k4,n0.02_m0.03_w1.5,0.02,0.03,1.5,GSP_warp,0.0014824755489826202
electricity,pretrained,stl,p96_k8,n0.02_m0.03_w1.5,0.02,0.03,1.5,LCS_clean,-0.05526850000023842
electricity,pretrained,stl,p96_k8,n0.02_m0.03_w1.5,0.02,0.03,1.5,LCS_noise,-0.0525822676718235
electricity,pretrained,stl,p96_k8,n0.02_m0.03_w1.5,0.02,0.03,1.5,LCS_mask,-0.05481472983956337
electricity,pretrained,stl,p96_k8,n0.02_m0.03_w1.5,0.02,0.03,1.5,LCS_warp,-0.05532463639974594
electricity,pretrained,stl,p96_k8,n0.02_m0.03_w1.5,0.02,0.03,1.5,TSI_noise,0.9997556209564209
electricity,pretrained,stl,p96_k8,n0.02_m0.03_w1.5,0.02,0.03,1.5,TSI_mask,0.9999111890792847
electricity,pretrained,stl,p96_k8,n0.02_m0.03_w1.5,0.02,0.03,1.5,TSI_warp,0.9919664859771729
electricity,pretrained,stl,p96_k8,n0.02_m0.03_w1.5,0.02,0.03,1.5,GSP_noise,-0.002686232328414917
electricity,pretrained,stl,p96_k8,n0.02_m0.03_w1.5,0.02,0.03,1.5,GSP_mask,-0.00045377016067504883
electricity,pretrained,stl,p96_k8,n0.02_m0.03_w1.5,0.02,0.03,1.5,GSP_warp,5.613639950752258e-05
electricity,pretrained,stl,p96_k12,n0.02_m0.03_w1.5,0.02,0.03,1.5,LCS_clean,-0.059412844479084015
electricity,pretrained,stl,p96_k12,n0.02_m0.03_w1.5,0.02,0.03,1.5,LCS_noise,-0.06357987225055695
electricity,pretrained,stl,p96_k12,n0.02_m0.03_w1.5,0.02,0.03,1.5,LCS_mask,-0.059074193239212036
electricity,pretrained,stl,p96_k12,n0.02_m0.03_w1.5,0.02,0.03,1.5,LCS_warp,-0.0689542293548584
electricity,pretrained,stl,p96_k12,n0.02_m0.03_w1.5,0.02,0.03,1.5,TSI_noise,0.9997556209564209
electricity,pretrained,stl,p96_k12,n0.02_m0.03_w1.5,0.02,0.03,1.5,TSI_mask,0.9999111890792847
electricity,pretrained,stl,p96_k12,n0.02_m0.03_w1.5,0.02,0.03,1.5,TSI_warp,0.9919664859771729
electricity,pretrained,stl,p96_k12,n0.02_m0.03_w1.5,0.02,0.03,1.5,GSP_noise,0.004167027771472931
electricity,pretrained,stl,p96_k12,n0.02_m0.03_w1.5,0.02,0.03,1.5,GSP_mask,-0.00033865123987197876
electricity,pretrained,stl,p96_k12,n0.02_m0.03_w1.5,0.02,0.03,1.5,GSP_warp,0.009541384875774384
electricity,pretrained,phase8,na,n0.02_m0.03_w2,0.02,0.03,2.0,LCS_clean,-0.03533760830760002
electricity,pretrained,phase8,na,n0.02_m0.03_w2,0.02,0.03,2.0,LCS_noise,-0.03624822571873665
electricity,pretrained,phase8,na,n0.02_m0.03_w2,0.02,0.03,2.0,LCS_mask,-0.034083858132362366
electricity,pretrained,phase8,na,n0.02_m0.03_w2,0.02,0.03,2.0,LCS_warp,-0.033508334308862686
electricity,pretrained,phase8,na,n0.02_m0.03_w2,0.02,0.03,2.0,TSI_noise,0.9997557401657104
electricity,pretrained,phase8,na,n0.02_m0.03_w2,0.02,0.03,2.0,TSI_mask,0.999906599521637
electricity,pretrained,phase8,na,n0.02_m0.03_w2,0.02,0.03,2.0,TSI_warp,0.9895840883255005
electricity,pretrained,phase8,na,n0.02_m0.03_w2,0.02,0.03,2.0,GSP_noise,0.0009106174111366272
electricity,pretrained,phase8,na,n0.02_m0.03_w2,0.02,0.03,2.0,GSP_mask,-0.0012537501752376556
electricity,pretrained,phase8,na,n0.02_m0.03_w2,0.02,0.03,2.0,GSP_warp,-0.0018292739987373352
electricity,pretrained,stl,p24_k4,n0.02_m0.03_w2,0.02,0.03,2.0,LCS_clean,0.0010033687576651573
electricity,pretrained,stl,p24_k4,n0.02_m0.03_w2,0.02,0.03,2.0,LCS_noise,0.004299875348806381
electricity,pretrained,stl,p24_k4,n0.02_m0.03_w2,0.02,0.03,2.0,LCS_mask,0.001135057071223855
electricity,pretrained,stl,p24_k4,n0.02_m0.03_w2,0.02,0.03,2.0,LCS_warp,-0.00285103521309793
electricity,pretrained,stl,p24_k4,n0.02_m0.03_w2,0.02,0.03,2.0,TSI_noise,0.9997557401657104
electricity,pretrained,stl,p24_k4,n0.02_m0.03_w2,0.02,0.03,2.0,TSI_mask,0.999906599521637
electricity,pretrained,stl,p24_k4,n0.02_m0.03_w2,0.02,0.03,2.0,TSI_warp,0.9895840883255005
electricity,pretrained,stl,p24_k4,n0.02_m0.03_w2,0.02,0.03,2.0,GSP_noise,-0.003296506591141224
electricity,pretrained,stl,p24_k4,n0.02_m0.03_w2,0.02,0.03,2.0,GSP_mask,-0.0001316883135586977
electricity,pretrained,stl,p24_k4,n0.02_m0.03_w2,0.02,0.03,2.0,GSP_warp,0.0038544039707630873
electricity,pretrained,stl,p24_k8,n0.02_m0.03_w2,0.02,0.03,2.0,LCS_clean,-0.01524264644831419
electricity,pretrained,stl,p24_k8,n0.02_m0.03_w2,0.02,0.03,2.0,LCS_noise,-0.012652765959501266
electricity,pretrained,stl,p24_k8,n0.02_m0.03_w2,0.02,0.03,2.0,LCS_mask,-0.014872768893837929
electricity,pretrained,stl,p24_k8,n0.02_m0.03_w2,0.02,0.03,2.0,LCS_warp,-0.02728116139769554
electricity,pretrained,stl,p24_k8,n0.02_m0.03_w2,0.02,0.03,2.0,TSI_noise,0.9997557401657104
electricity,pretrained,stl,p24_k8,n0.02_m0.03_w2,0.02,0.03,2.0,TSI_mask,0.999906599521637
electricity,pretrained,stl,p24_k8,n0.02_m0.03_w2,0.02,0.03,2.0,TSI_warp,0.9895840883255005
electricity,pretrained,stl,p24_k8,n0.02_m0.03_w2,0.02,0.03,2.0,GSP_noise,-0.0025898804888129234
electricity,pretrained,stl,p24_k8,n0.02_m0.03_w2,0.02,0.03,2.0,GSP_mask,-0.00036987755447626114
electricity,pretrained,stl,p24_k8,n0.02_m0.03_w2,0.02,0.03,2.0,GSP_warp,0.012038514949381351
electricity,pretrained,stl,p24_k12,n0.02_m0.03_w2,0.02,0.03,2.0,LCS_clean,-0.03769192844629288
electricity,pretrained,stl,p24_k12,n0.02_m0.03_w2,0.02,0.03,2.0,LCS_noise,-0.034847959876060486
electricity,pretrained,stl,p24_k12,n0.02_m0.03_w2,0.02,0.03,2.0,LCS_mask,-0.03748378902673721
electricity,pretrained,stl,p24_k12,n0.02_m0.03_w2,0.02,0.03,2.0,LCS_warp,-0.08155784755945206
electricity,pretrained,stl,p24_k12,n0.02_m0.03_w2,0.02,0.03,2.0,TSI_noise,0.9997557401657104
electricity,pretrained,stl,p24_k12,n0.02_m0.03_w2,0.02,0.03,2.0,TSI_mask,0.999906599521637
electricity,pretrained,stl,p24_k12,n0.02_m0.03_w2,0.02,0.03,2.0,TSI_warp,0.9895840883255005
electricity,pretrained,stl,p24_k12,n0.02_m0.03_w2,0.02,0.03,2.0,GSP_noise,-0.0028439685702323914
electricity,pretrained,stl,p24_k12,n0.02_m0.03_w2,0.02,0.03,2.0,GSP_mask,-0.00020813941955566406
electricity,pretrained,stl,p24_k12,n0.02_m0.03_w2,0.02,0.03,2.0,GSP_warp,0.04386591911315918
electricity,pretrained,stl,p48_k4,n0.02_m0.03_w2,0.02,0.03,2.0,LCS_clean,-0.02065553329885006
electricity,pretrained,stl,p48_k4,n0.02_m0.03_w2,0.02,0.03,2.0,LCS_noise,-0.019107839092612267
electricity,pretrained,stl,p48_k4,n0.02_m0.03_w2,0.02,0.03,2.0,LCS_mask,-0.019850734621286392
electricity,pretrained,stl,p48_k4,n0.02_m0.03_w2,0.02,0.03,2.0,LCS_warp,-0.018604645505547523
electricity,pretrained,stl,p48_k4,n0.02_m0.03_w2,0.02,0.03,2.0,TSI_noise,0.9997557401657104
electricity,pretrained,stl,p48_k4,n0.02_m0.03_w2,0.02,0.03,2.0,TSI_mask,0.999906599521637
electricity,pretrained,stl,p48_k4,n0.02_m0.03_w2,0.02,0.03,2.0,TSI_warp,0.9895840883255005
electricity,pretrained,stl,p48_k4,n0.02_m0.03_w2,0.02,0.03,2.0,GSP_noise,-0.001547694206237793
electricity,pretrained,stl,p48_k4,n0.02_m0.03_w2,0.02,0.03,2.0,GSP_mask,-0.0008047986775636673
electricity,pretrained,stl,p48_k4,n0.02_m0.03_w2,0.02,0.03,2.0,GSP_warp,-0.002050887793302536
electricity,pretrained,stl,p48_k8,n0.02_m0.03_w2,0.02,0.03,2.0,LCS_clean,-0.038437195122241974
electricity,pretrained,stl,p48_k8,n0.02_m0.03_w2,0.02,0.03,2.0,LCS_noise,-0.035175926983356476
electricity,pretrained,stl,p48_k8,n0.02_m0.03_w2,0.02,0.03,2.0,LCS_mask,-0.03746199980378151
electricity,pretrained,stl,p48_k8,n0.02_m0.03_w2,0.02,0.03,2.0,LCS_warp,-0.047823019325733185
electricity,pretrained,stl,p48_k8,n0.02_m0.03_w2,0.02,0.03,2.0,TSI_noise,0.9997557401657104
electricity,pretrained,stl,p48_k8,n0.02_m0.03_w2,0.02,0.03,2.0,TSI_mask,0.999906599521637
electricity,pretrained,stl,p48_k8,n0.02_m0.03_w2,0.02,0.03,2.0,TSI_warp,0.9895840883255005
electricity,pretrained,stl,p48_k8,n0.02_m0.03_w2,0.02,0.03,2.0,GSP_noise,-0.003261268138885498
electricity,pretrained,stl,p48_k8,n0.02_m0.03_w2,0.02,0.03,2.0,GSP_mask,-0.0009751953184604645
electricity,pretrained,stl,p48_k8,n0.02_m0.03_w2,0.02,0.03,2.0,GSP_warp,0.009385824203491211
electricity,pretrained,stl,p48_k12,n0.02_m0.03_w2,0.02,0.03,2.0,LCS_clean,-0.03637457638978958
electricity,pretrained,stl,p48_k12,n0.02_m0.03_w2,0.02,0.03,2.0,LCS_noise,-0.03715020790696144
electricity,pretrained,stl,p48_k12,n0.02_m0.03_w2,0.02,0.03,2.0,LCS_mask,-0.03542788326740265
electricity,pretrained,stl,p48_k12,n0.02_m0.03_w2,0.02,0.03,2.0,LCS_warp,-0.046132467687129974
electricity,pretrained,stl,p48_k12,n0.02_m0.03_w2,0.02,0.03,2.0,TSI_noise,0.9997557401657104
electricity,pretrained,stl,p48_k12,n0.02_m0.03_w2,0.02,0.03,2.0,TSI_mask,0.999906599521637
electricity,pretrained,stl,p48_k12,n0.02_m0.03_w2,0.02,0.03,2.0,TSI_warp,0.9895840883255005
electricity,pretrained,stl,p48_k12,n0.02_m0.03_w2,0.02,0.03,2.0,GSP_noise,0.0007756315171718597
electricity,pretrained,stl,p48_k12,n0.02_m0.03_w2,0.02,0.03,2.0,GSP_mask,-0.0009466931223869324
electricity,pretrained,stl,p48_k12,n0.02_m0.03_w2,0.02,0.03,2.0,GSP_warp,0.009757891297340393
electricity,pretrained,stl,p96_k4,n0.02_m0.03_w2,0.02,0.03,2.0,LCS_clean,-0.024937734007835388
electricity,pretrained,stl,p96_k4,n0.02_m0.03_w2,0.02,0.03,2.0,LCS_noise,-0.02333226054906845
electricity,pretrained,stl,p96_k4,n0.02_m0.03_w2,0.02,0.03,2.0,LCS_mask,-0.024396907538175583
electricity,pretrained,stl,p96_k4,n0.02_m0.03_w2,0.02,0.03,2.0,LCS_warp,-0.030274175107479095
electricity,pretrained,stl,p96_k4,n0.02_m0.03_w2,0.02,0.03,2.0,TSI_noise,0.9997557401657104
electricity,pretrained,stl,p96_k4,n0.02_m0.03_w2,0.02,0.03,2.0,TSI_mask,0.999906599521637
electricity,pretrained,stl,p96_k4,n0.02_m0.03_w2,0.02,0.03,2.0,TSI_warp,0.9895840883255005
electricity,pretrained,stl,p96_k4,n0.02_m0.03_w2,0.02,0.03,2.0,GSP_noise,-0.0016054734587669373
electricity,pretrained,stl,p96_k4,n0.02_m0.03_w2,0.02,0.03,2.0,GSP_mask,-0.0005408264696598053
electricity,pretrained,stl,p96_k4,n0.02_m0.03_w2,0.02,0.03,2.0,GSP_warp,0.005336441099643707
electricity,pretrained,stl,p96_k8,n0.02_m0.03_w2,0.02,0.03,2.0,LCS_clean,-0.05526850000023842
electricity,pretrained,stl,p96_k8,n0.02_m0.03_w2,0.02,0.03,2.0,LCS_noise,-0.052203260362148285
electricity,pretrained,stl,p96_k8,n0.02_m0.03_w2,0.02,0.03,2.0,LCS_mask,-0.052273914217948914
electricity,pretrained,stl,p96_k8,n0.02_m0.03_w2,0.02,0.03,2.0,LCS_warp,-0.0495108962059021
electricity,pretrained,stl,p96_k8,n0.02_m0.03_w2,0.02,0.03,2.0,TSI_noise,0.9997557401657104
electricity,pretrained,stl,p96_k8,n0.02_m0.03_w2,0.02,0.03,2.0,TSI_mask,0.999906599521637
electricity,pretrained,stl,p96_k8,n0.02_m0.03_w2,0.02,0.03,2.0,TSI_warp,0.9895840883255005
electricity,pretrained,stl,p96_k8,n0.02_m0.03_w2,0.02,0.03,2.0,GSP_noise,-0.0030652396380901337
electricity,pretrained,stl,p96_k8,n0.02_m0.03_w2,0.02,0.03,2.0,GSP_mask,-0.002994585782289505
electricity,pretrained,stl,p96_k8,n0.02_m0.03_w2,0.02,0.03,2.0,GSP_warp,-0.005757603794336319
electricity,pretrained,stl,p96_k12,n0.02_m0.03_w2,0.02,0.03,2.0,LCS_clean,-0.059412844479084015
electricity,pretrained,stl,p96_k12,n0.02_m0.03_w2,0.02,0.03,2.0,LCS_noise,-0.06167779862880707
electricity,pretrained,stl,p96_k12,n0.02_m0.03_w2,0.02,0.03,2.0,LCS_mask,-0.0594312846660614
electricity,pretrained,stl,p96_k12,n0.02_m0.03_w2,0.02,0.03,2.0,LCS_warp,-0.0818278044462204
electricity,pretrained,stl,p96_k12,n0.02_m0.03_w2,0.02,0.03,2.0,TSI_noise,0.9997557401657104
electricity,pretrained,stl,p96_k12,n0.02_m0.03_w2,0.02,0.03,2.0,TSI_mask,0.999906599521637
electricity,pretrained,stl,p96_k12,n0.02_m0.03_w2,0.02,0.03,2.0,TSI_warp,0.9895840883255005
electricity,pretrained,stl,p96_k12,n0.02_m0.03_w2,0.02,0.03,2.0,GSP_noise,0.002264954149723053
electricity,pretrained,stl,p96_k12,n0.02_m0.03_w2,0.02,0.03,2.0,GSP_mask,1.8440186977386475e-05
electricity,pretrained,stl,p96_k12,n0.02_m0.03_w2,0.02,0.03,2.0,GSP_warp,0.022414959967136383
electricity,pretrained,phase8,na,n0.02_m0.03_w3,0.02,0.03,3.0,LCS_clean,-0.03533760830760002
electricity,pretrained,phase8,na,n0.02_m0.03_w3,0.02,0.03,3.0,LCS_noise,-0.034520477056503296
electricity,pretrained,phase8,na,n0.02_m0.03_w3,0.02,0.03,3.0,LCS_mask,-0.03603559732437134
electricity,pretrained,phase8,na,n0.02_m0.03_w3,0.02,0.03,3.0,LCS_warp,-0.03181251138448715
electricity,pretrained,phase8,na,n0.02_m0.03_w3,0.02,0.03,3.0,TSI_noise,0.9997565746307373
electricity,pretrained,phase8,na,n0.02_m0.03_w3,0.02,0.03,3.0,TSI_mask,0.9998927712440491
electricity,pretrained,phase8,na,n0.02_m0.03_w3,0.02,0.03,3.0,TSI_warp,0.9882532358169556
electricity,pretrained,phase8,na,n0.02_m0.03_w3,0.02,0.03,3.0,GSP_noise,-0.0008171312510967255
electricity,pretrained,phase8,na,n0.02_m0.03_w3,0.02,0.03,3.0,GSP_mask,0.0006979890167713165
electricity,pretrained,phase8,na,n0.02_m0.03_w3,0.02,0.03,3.0,GSP_warp,-0.0035250969231128693
electricity,pretrained,stl,p24_k4,n0.02_m0.03_w3,0.02,0.03,3.0,LCS_clean,0.0010033687576651573
electricity,pretrained,stl,p24_k4,n0.02_m0.03_w3,0.02,0.03,3.0,LCS_noise,0.00400365749374032
electricity,pretrained,stl,p24_k4,n0.02_m0.03_w3,0.02,0.03,3.0,LCS_mask,0.0006338679231703281
electricity,pretrained,stl,p24_k4,n0.02_m0.03_w3,0.02,0.03,3.0,LCS_warp,-0.011818138882517815
electricity,pretrained,stl,p24_k4,n0.02_m0.03_w3,0.02,0.03,3.0,TSI_noise,0.9997565746307373
electricity,pretrained,stl,p24_k4,n0.02_m0.03_w3,0.02,0.03,3.0,TSI_mask,0.9998927712440491
electricity,pretrained,stl,p24_k4,n0.02_m0.03_w3,0.02,0.03,3.0,TSI_warp,0.9882532358169556
electricity,pretrained,stl,p24_k4,n0.02_m0.03_w3,0.02,0.03,3.0,GSP_noise,-0.003000288736075163
electricity,pretrained,stl,p24_k4,n0.02_m0.03_w3,0.02,0.03,3.0,GSP_mask,0.0003695008344948292
electricity,pretrained,stl,p24_k4,n0.02_m0.03_w3,0.02,0.03,3.0,GSP_warp,0.012821507640182972
electricity,pretrained,stl,p24_k8,n0.02_m0.03_w3,0.02,0.03,3.0,LCS_clean,-0.01524264644831419
electricity,pretrained,stl,p24_k8,n0.02_m0.03_w3,0.02,0.03,3.0,LCS_noise,-0.012183832004666328
electricity,pretrained,stl,p24_k8,n0.02_m0.03_w3,0.02,0.03,3.0,LCS_mask,-0.015108093619346619
electricity,pretrained,stl,p24_k8,n0.02_m0.03_w3,0.02,0.03,3.0,LCS_warp,-0.034668341279029846
electricity,pretrained,stl,p24_k8,n0.02_m0.03_w3,0.02,0.03,3.0,TSI_noise,0.9997565746307373
electricity,pretrained,stl,p24_k8,n0.02_m0.03_w3,0.02,0.03,3.0,TSI_mask,0.9998927712440491
electricity,pretrained,stl,p24_k8,n0.02_m0.03_w3,0.02,0.03,3.0,TSI_warp,0.9882532358169556
electricity,pretrained,stl,p24_k8,n0.02_m0.03_w3,0.02,0.03,3.0,GSP_noise,-0.0030588144436478615
electricity,pretrained,stl,p24_k8,n0.02_m0.03_w3,0.02,0.03,3.0,GSP_mask,-0.00013455282896757126
electricity,pretrained,stl,p24_k8,n0.02_m0.03_w3,0.02,0.03,3.0,GSP_warp,0.019425694830715656
electricity,pretrained,stl,p24_k12,n0.02_m0.03_w3,0.02,0.03,3.0,LCS_clean,-0.03769192844629288
electricity,pretrained,stl,p24_k12,n0.02_m0.03_w3,0.02,0.03,3.0,LCS_noise,-0.03371597081422806
electricity,pretrained,stl,p24_k12,n0.02_m0.03_w3,0.02,0.03,3.0,LCS_mask,-0.037462301552295685
electricity,pretrained,stl,p24_k12,n0.02_m0.03_w3,0.02,0.03,3.0,LCS_warp,-0.10727233439683914
electricity,pretrained,stl,p24_k12,n0.02_m0.03_w3,0.02,0.03,3.0,TSI_noise,0.9997565746307373
electricity,pretrained,stl,p24_k12,n0.02_m0.03_w3,0.02,0.03,3.0,TSI_mask,0.9998927712440491
electricity,pretrained,stl,p24_k12,n0.02_m0.03_w3,0.02,0.03,3.0,TSI_warp,0.9882532358169556
electricity,pretrained,stl,p24_k12,n0.02_m0.03_w3,0.02,0.03,3.0,GSP_noise,-0.003975957632064819
electricity,pretrained,stl,p24_k12,n0.02_m0.03_w3,0.02,0.03,3.0,GSP_mask,-0.00022962689399719238
electricity,pretrained,stl,p24_k12,n0.02_m0.03_w3,0.02,0.03,3.0,GSP_warp,0.06958040595054626
electricity,pretrained,stl,p48_k4,n0.02_m0.03_w3,0.02,0.03,3.0,LCS_clean,-0.02065553329885006
electricity,pretrained,stl,p48_k4,n0.02_m0.03_w3,0.02,0.03,3.0,LCS_noise,-0.019217558205127716
electricity,pretrained,stl,p48_k4,n0.02_m0.03_w3,0.02,0.03,3.0,LCS_mask,-0.02103484980762005
electricity,pretrained,stl,p48_k4,n0.02_m0.03_w3,0.02,0.03,3.0,LCS_warp,-0.018140297383069992
electricity,pretrained,stl,p48_k4,n0.02_m0.03_w3,0.02,0.03,3.0,TSI_noise,0.9997565746307373
electricity,pretrained,stl,p48_k4,n0.02_m0.03_w3,0.02,0.03,3.0,TSI_mask,0.9998927712440491
electricity,pretrained,stl,p48_k4,n0.02_m0.03_w3,0.02,0.03,3.0,TSI_warp,0.9882532358169556
electricity,pretrained,stl,p48_k4,n0.02_m0.03_w3,0.02,0.03,3.0,GSP_noise,-0.0014379750937223434
electricity,pretrained,stl,p48_k4,n0.02_m0.03_w3,0.02,0.03,3.0,GSP_mask,0.000379316508769989
electricity,pretrained,stl,p48_k4,n0.02_m0.03_w3,0.02,0.03,3.0,GSP_warp,-0.0025152359157800674
electricity,pretrained,stl,p48_k8,n0.02_m0.03_w3,0.02,0.03,3.0,LCS_clean,-0.038437195122241974
electricity,pretrained,stl,p48_k8,n0.02_m0.03_w3,0.02,0.03,3.0,LCS_noise,-0.03552841395139694
electricity,pretrained,stl,p48_k8,n0.02_m0.03_w3,0.02,0.03,3.0,LCS_mask,-0.03811749815940857
electricity,pretrained,stl,p48_k8,n0.02_m0.03_w3,0.02,0.03,3.0,LCS_warp,-0.052516233175992966
electricity,pretrained,stl,p48_k8,n0.02_m0.03_w3,0.02,0.03,3.0,TSI_noise,0.9997565746307373
electricity,pretrained,stl,p48_k8,n0.02_m0.03_w3,0.02,0.03,3.0,TSI_mask,0.9998927712440491
electricity,pretrained,stl,p48_k8,n0.02_m0.03_w3,0.02,0.03,3.0,TSI_warp,0.9882532358169556
electricity,pretrained,stl,p48_k8,n0.02_m0.03_w3,0.02,0.03,3.0,GSP_noise,-0.0029087811708450317
electricity,pretrained,stl,p48_k8,n0.02_m0.03_w3,0.02,0.03,3.0,GSP_mask,-0.00031969696283340454
electricity,pretrained,stl,p48_k8,n0.02_m0.03_w3,0.02,0.03,3.0,GSP_warp,0.014079038053750992
electricity,pretrained,stl,p48_k12,n0.02_m0.03_w3,0.02,0.03,3.0,LCS_clean,-0.03637457638978958
electricity,pretrained,stl,p48_k12,n0.02_m0.03_w3,0.02,0.03,3.0,LCS_noise,-0.03595744073390961
electricity,pretrained,stl,p48_k12,n0.02_m0.03_w3,0.02,0.03,3.0,LCS_mask,-0.03718159347772598
electricity,pretrained,stl,p48_k12,n0.02_m0.03_w3,0.02,0.03,3.0,LCS_warp,-0.06774795055389404
electricity,pretrained,stl,p48_k12,n0.02_m0.03_w3,0.02,0.03,3.0,TSI_noise,0.9997565746307373
electricity,pretrained,stl,p48_k12,n0.02_m0.03_w3,0.02,0.03,3.0,TSI_mask,0.9998927712440491
electricity,pretrained,stl,p48_k12,n0.02_m0.03_w3,0.02,0.03,3.0,TSI_warp,0.9882532358169556
electricity,pretrained,stl,p48_k12,n0.02_m0.03_w3,0.02,0.03,3.0,GSP_noise,-0.00041713565587997437
electricity,pretrained,stl,p48_k12,n0.02_m0.03_w3,0.02,0.03,3.0,GSP_mask,0.0008070170879364014
electricity,pretrained,stl,p48_k12,n0.02_m0.03_w3,0.02,0.03,3.0,GSP_warp,0.03137337416410446
electricity,pretrained,stl,p96_k4,n0.02_m0.03_w3,0.02,0.03,3.0,LCS_clean,-0.024937734007835388
electricity,pretrained,stl,p96_k4,n0.02_m0.03_w3,0.02,0.03,3.0,LCS_noise,-0.024355538189411163
electricity,pretrained,stl,p96_k4,n0.02_m0.03_w3,0.02,0.03,3.0,LCS_mask,-0.024960745126008987
electricity,pretrained,stl,p96_k4,n0.02_m0.03_w3,0.02,0.03,3.0,LCS_warp,-0.02428407594561577
electricity,pretrained,stl,p96_k4,n0.02_m0.03_w3,0.02,0.03,3.0,TSI_noise,0.9997565746307373
electricity,pretrained,stl,p96_k4,n0.02_m0.03_w3,0.02,0.03,3.0,TSI_mask,0.9998927712440491
electricity,pretrained,stl,p96_k4,n0.02_m0.03_w3,0.02,0.03,3.0,TSI_warp,0.9882532358169556
electricity,pretrained,stl,p96_k4,n0.02_m0.03_w3,0.02,0.03,3.0,GSP_noise,-0.0005821958184242249
electricity,pretrained,stl,p96_k4,n0.02_m0.03_w3,0.02,0.03,3.0,GSP_mask,2.3011118173599243e-05
electricity,pretrained,stl,p96_k4,n0.02_m0.03_w3,0.02,0.03,3.0,GSP_warp,-0.0006536580622196198
electricity,pretrained,stl,p96_k8,n0.02_m0.03_w3,0.02,0.03,3.0,LCS_clean,-0.05526850000023842
electricity,pretrained,stl,p96_k8,n0.02_m0.03_w3,0.02,0.03,3.0,LCS_noise,-0.056579992175102234
electricity,pretrained,stl,p96_k8,n0.02_m0.03_w3,0.02,0.03,3.0,LCS_mask,-0.0574849396944046
electricity,pretrained,stl,p96_k8,n0.02_m0.03_w3,0.02,0.03,3.0,LCS_warp,-0.05355967581272125
electricity,pretrained,stl,p96_k8,n0.02_m0.03_w3,0.02,0.03,3.0,TSI_noise,0.9997565746307373
electricity,pretrained,stl,p96_k8,n0.02_m0.03_w3,0.02,0.03,3.0,TSI_mask,0.9998927712440491
electricity,pretrained,stl,p96_k8,n0.02_m0.03_w3,0.02,0.03,3.0,TSI_warp,0.9882532358169556
electricity,pretrained,stl,p96_k8,n0.02_m0.03_w3,0.02,0.03,3.0,GSP_noise,0.0013114921748638153
electricity,pretrained,stl,p96_k8,n0.02_m0.03_w3,0.02,0.03,3.0,GSP_mask,0.0022164396941661835
electricity,pretrained,stl,p96_k8,n0.02_m0.03_w3,0.02,0.03,3.0,GSP_warp,-0.0017088241875171661
electricity,pretrained,stl,p96_k12,n0.02_m0.03_w3,0.02,0.03,3.0,LCS_clean,-0.059412844479084015
electricity,pretrained,stl,p96_k12,n0.02_m0.03_w3,0.02,0.03,3.0,LCS_noise,-0.06270314753055573
electricity,pretrained,stl,p96_k12,n0.02_m0.03_w3,0.02,0.03,3.0,LCS_mask,-0.06175930052995682
electricity,pretrained,stl,p96_k12,n0.02_m0.03_w3,0.02,0.03,3.0,LCS_warp,-0.11360543221235275
electricity,pretrained,stl,p96_k12,n0.02_m0.03_w3,0.02,0.03,3.0,TSI_noise,0.9997565746307373
electricity,pretrained,stl,p96_k12,n0.02_m0.03_w3,0.02,0.03,3.0,TSI_mask,0.9998927712440491
electricity,pretrained,stl,p96_k12,n0.02_m0.03_w3,0.02,0.03,3.0,TSI_warp,0.9882532358169556
electricity,pretrained,stl,p96_k12,n0.02_m0.03_w3,0.02,0.03,3.0,GSP_noise,0.00329030305147171
electricity,pretrained,stl,p96_k12,n0.02_m0.03_w3,0.02,0.03,3.0,GSP_mask,0.0023464560508728027
electricity,pretrained,stl,p96_k12,n0.02_m0.03_w3,0.02,0.03,3.0,GSP_warp,0.05419258773326874
electricity,pretrained,phase8,na,n0.02_m0.05_w1.5,0.02,0.05,1.5,LCS_clean,-0.03533760830760002
electricity,pretrained,phase8,na,n0.02_m0.05_w1.5,0.02,0.05,1.5,LCS_noise,-0.034677326679229736
electricity,pretrained,phase8,na,n0.02_m0.05_w1.5,0.02,0.05,1.5,LCS_mask,-0.033910661935806274
electricity,pretrained,phase8,na,n0.02_m0.05_w1.5,0.02,0.05,1.5,LCS_warp,-0.03257681429386139
electricity,pretrained,phase8,na,n0.02_m0.05_w1.5,0.02,0.05,1.5,TSI_noise,0.9997561573982239
electricity,pretrained,phase8,na,n0.02_m0.05_w1.5,0.02,0.05,1.5,TSI_mask,0.9998403191566467
electricity,pretrained,phase8,na,n0.02_m0.05_w1.5,0.02,0.05,1.5,TSI_warp,0.992127001285553
electricity,pretrained,phase8,na,n0.02_m0.05_w1.5,0.02,0.05,1.5,GSP_noise,-0.000660281628370285
electricity,pretrained,phase8,na,n0.02_m0.05_w1.5,0.02,0.05,1.5,GSP_mask,-0.001426946371793747
electricity,pretrained,phase8,na,n0.02_m0.05_w1.5,0.02,0.05,1.5,GSP_warp,-0.002760794013738632
electricity,pretrained,stl,p24_k4,n0.02_m0.05_w1.5,0.02,0.05,1.5,LCS_clean,0.0010033687576651573
electricity,pretrained,stl,p24_k4,n0.02_m0.05_w1.5,0.02,0.05,1.5,LCS_noise,0.003998968750238419
electricity,pretrained,stl,p24_k4,n0.02_m0.05_w1.5,0.02,0.05,1.5,LCS_mask,0.0005861169192939997
electricity,pretrained,stl,p24_k4,n0.02_m0.05_w1.5,0.02,0.05,1.5,LCS_warp,-0.0036867456510663033
electricity,pretrained,stl,p24_k4,n0.02_m0.05_w1.5,0.02,0.05,1.5,TSI_noise,0.9997561573982239
electricity,pretrained,stl,p24_k4,n0.02_m0.05_w1.5,0.02,0.05,1.5,TSI_mask,0.9998403191566467
electricity,pretrained,stl,p24_k4,n0.02_m0.05_w1.5,0.02,0.05,1.5,TSI_warp,0.992127001285553
electricity,pretrained,stl,p24_k4,n0.02_m0.05_w1.5,0.02,0.05,1.5,GSP_noise,-0.0029955999925732613
electricity,pretrained,stl,p24_k4,n0.02_m0.05_w1.5,0.02,0.05,1.5,GSP_mask,0.00041725183837115765
electricity,pretrained,stl,p24_k4,n0.02_m0.05_w1.5,0.02,0.05,1.5,GSP_warp,0.004690114408731461
electricity,pretrained,stl,p24_k8,n0.02_m0.05_w1.5,0.02,0.05,1.5,LCS_clean,-0.01524264644831419
electricity,pretrained,stl,p24_k8,n0.02_m0.05_w1.5,0.02,0.05,1.5,LCS_noise,-0.011778529733419418
electricity,pretrained,stl,p24_k8,n0.02_m0.05_w1.5,0.02,0.05,1.5,LCS_mask,-0.01591358333826065
electricity,pretrained,stl,p24_k8,n0.02_m0.05_w1.5,0.02,0.05,1.5,LCS_warp,-0.01994733139872551
electricity,pretrained,stl,p24_k8,n0.02_m0.05_w1.5,0.02,0.05,1.5,TSI_noise,0.9997561573982239
electricity,pretrained,stl,p24_k8,n0.02_m0.05_w1.5,0.02,0.05,1.5,TSI_mask,0.9998403191566467
electricity,pretrained,stl,p24_k8,n0.02_m0.05_w1.5,0.02,0.05,1.5,TSI_warp,0.992127001285553
electricity,pretrained,stl,p24_k8,n0.02_m0.05_w1.5,0.02,0.05,1.5,GSP_noise,-0.0034641167148947716
electricity,pretrained,stl,p24_k8,n0.02_m0.05_w1.5,0.02,0.05,1.5,GSP_mask,0.0006709368899464607
electricity,pretrained,stl,p24_k8,n0.02_m0.05_w1.5,0.02,0.05,1.5,GSP_warp,0.00470468495041132
electricity,pretrained,stl,p24_k12,n0.02_m0.05_w1.5,0.02,0.05,1.5,LCS_clean,-0.03769192844629288
electricity,pretrained,stl,p24_k12,n0.02_m0.05_w1.5,0.02,0.05,1.5,LCS_noise,-0.0340266227722168
electricity,pretrained,stl,p24_k12,n0.02_m0.05_w1.5,0.02,0.05,1.5,LCS_mask,-0.037605661898851395
electricity,pretrained,stl,p24_k12,n0.02_m0.05_w1.5,0.02,0.05,1.5,LCS_warp,-0.04304079711437225
electricity,pretrained,stl,p24_k12,n0.02_m0.05_w1.5,0.02,0.05,1.5,TSI_noise,0.9997561573982239
electricity,pretrained,stl,p24_k12,n0.02_m0.05_w1.5,0.02,0.05,1.5,TSI_mask,0.9998403191566467
electricity,pretrained,stl,p24_k12,n0.02_m0.05_w1.5,0.02,0.05,1.5,TSI_warp,0.992127001285553
electricity,pretrained,stl,p24_k12,n0.02_m0.05_w1.5,0.02,0.05,1.5,GSP_noise,-0.0036653056740760803
electricity,pretrained,stl,p24_k12,n0.02_m0.05_w1.5,0.02,0.05,1.5,GSP_mask,-8.626654744148254e-05
electricity,pretrained,stl,p24_k12,n0.02_m0.05_w1.5,0.02,0.05,1.5,GSP_warp,0.005348868668079376
electricity,pretrained,stl,p48_k4,n0.02_m0.05_w1.5,0.02,0.05,1.5,LCS_clean,-0.02065553329885006
electricity,pretrained,stl,p48_k4,n0.02_m0.05_w1.5,0.02,0.05,1.5,LCS_noise,-0.019494421780109406
electricity,pretrained,stl,p48_k4,n0.02_m0.05_w1.5,0.02,0.05,1.5,LCS_mask,-0.019405148923397064
electricity,pretrained,stl,p48_k4,n0.02_m0.05_w1.5,0.02,0.05,1.5,LCS_warp,-0.0161888487637043
electricity,pretrained,stl,p48_k4,n0.02_m0.05_w1.5,0.02,0.05,1.5,TSI_noise,0.9997561573982239
electricity,pretrained,stl,p48_k4,n0.02_m0.05_w1.5,0.02,0.05,1.5,TSI_mask,0.9998403191566467
electricity,pretrained,stl,p48_k4,n0.02_m0.05_w1.5,0.02,0.05,1.5,TSI_warp,0.992127001285553
electricity,pretrained,stl,p48_k4,n0.02_m0.05_w1.5,0.02,0.05,1.5,GSP_noise,-0.001161111518740654
electricity,pretrained,stl,p48_k4,n0.02_m0.05_w1.5,0.02,0.05,1.5,GSP_mask,-0.0012503843754529953
electricity,pretrained,stl,p48_k4,n0.02_m0.05_w1.5,0.02,0.05,1.5,GSP_warp,-0.00446668453514576
electricity,pretrained,stl,p48_k8,n0.02_m0.05_w1.5,0.02,0.05,1.5,LCS_clean,-0.038437195122241974
electricity,pretrained,stl,p48_k8,n0.02_m0.05_w1.5,0.02,0.05,1.5,LCS_noise,-0.036258287727832794
electricity,pretrained,stl,p48_k8,n0.02_m0.05_w1.5,0.02,0.05,1.5,LCS_mask,-0.03714045137166977
electricity,pretrained,stl,p48_k8,n0.02_m0.05_w1.5,0.02,0.05,1.5,LCS_warp,-0.03678913041949272
electricity,pretrained,stl,p48_k8,n0.02_m0.05_w1.5,0.02,0.05,1.5,TSI_noise,0.9997561573982239
electricity,pretrained,stl,p48_k8,n0.02_m0.05_w1.5,0.02,0.05,1.5,TSI_mask,0.9998403191566467
electricity,pretrained,stl,p48_k8,n0.02_m0.05_w1.5,0.02,0.05,1.5,TSI_warp,0.992127001285553
electricity,pretrained,stl,p48_k8,n0.02_m0.05_w1.5,0.02,0.05,1.5,GSP_noise,-0.0021789073944091797
electricity,pretrained,stl,p48_k8,n0.02_m0.05_w1.5,0.02,0.05,1.5,GSP_mask,-0.0012967437505722046
electricity,pretrained,stl,p48_k8,n0.02_m0.05_w1.5,0.02,0.05,1.5,GSP_warp,-0.0016480647027492523
electricity,pretrained,stl,p48_k12,n0.02_m0.05_w1.5,0.02,0.05,1.5,LCS_clean,-0.03637457638978958
electricity,pretrained,stl,p48_k12,n0.02_m0.05_w1.5,0.02,0.05,1.5,LCS_noise,-0.03787374868988991
electricity,pretrained,stl,p48_k12,n0.02_m0.05_w1.5,0.02,0.05,1.5,LCS_mask,-0.03588538244366646
electricity,pretrained,stl,p48_k12,n0.02_m0.05_w1.5,0.02,0.05,1.5,LCS_warp,-0.041998885571956635
electricity,pretrained,stl,p48_k12,n0.02_m0.05_w1.5,0.02,0.05,1.5,TSI_noise,0.9997561573982239
electricity,pretrained,stl,p48_k12,n0.02_m0.05_w1.5,0.02,0.05,1.5,TSI_mask,0.9998403191566467
electricity,pretrained,stl,p48_k12,n0.02_m0.05_w1.5,0.02,0.05,1.5,TSI_warp,0.992127001285553
electricity,pretrained,stl,p48_k12,n0.02_m0.05_w1.5,0.02,0.05,1.5,GSP_noise,0.0014991723001003265
electricity,pretrained,stl,p48_k12,n0.02_m0.05_w1.5,0.02,0.05,1.5,GSP_mask,-0.0004891939461231232
electricity,pretrained,stl,p48_k12,n0.02_m0.05_w1.5,0.02,0.05,1.5,GSP_warp,0.005624309182167053
electricity,pretrained,stl,p96_k4,n0.02_m0.05_w1.5,0.02,0.05,1.5,LCS_clean,-0.024937734007835388
electricity,pretrained,stl,p96_k4,n0.02_m0.05_w1.5,0.02,0.05,1.5,LCS_noise,-0.024095218628644943
electricity,pretrained,stl,p96_k4,n0.02_m0.05_w1.5,0.02,0.05,1.5,LCS_mask,-0.024469926953315735
electricity,pretrained,stl,p96_k4,n0.02_m0.05_w1.5,0.02,0.05,1.5,LCS_warp,-0.02565653622150421
electricity,pretrained,stl,p96_k4,n0.02_m0.05_w1.5,0.02,0.05,1.5,TSI_noise,0.9997561573982239
electricity,pretrained,stl,p96_k4,n0.02_m0.05_w1.5,0.02,0.05,1.5,TSI_mask,0.9998403191566467
electricity,pretrained,stl,p96_k4,n0.02_m0.05_w1.5,0.02,0.05,1.5,TSI_warp,0.992127001285553
electricity,pretrained,stl,p96_k4,n0.02_m0.05_w1.5,0.02,0.05,1.5,GSP_noise,-0.000842515379190445
electricity,pretrained,stl,p96_k4,n0.02_m0.05_w1.5,0.02,0.05,1.5,GSP_mask,-0.0004678070545196533
electricity,pretrained,stl,p96_k4,n0.02_m0.05_w1.5,0.02,0.05,1.5,GSP_warp,0.0007188022136688232
electricity,pretrained,stl,p96_k8,n0.02_m0.05_w1.5,0.02,0.05,1.5,LCS_clean,-0.05526850000023842
electricity,pretrained,stl,p96_k8,n0.02_m0.05_w1.5,0.02,0.05,1.5,LCS_noise,-0.05397561192512512
electricity,pretrained,stl,p96_k8,n0.02_m0.05_w1.5,0.02,0.05,1.5,LCS_mask,-0.05265145003795624
electricity,pretrained,stl,p96_k8,n0.02_m0.05_w1.5,0.02,0.05,1.5,LCS_warp,-0.04369334876537323
electricity,pretrained,stl,p96_k8,n0.02_m0.05_w1.5,0.02,0.05,1.5,TSI_noise,0.9997561573982239
electricity,pretrained,stl,p96_k8,n0.02_m0.05_w1.5,0.02,0.05,1.5,TSI_mask,0.9998403191566467
electricity,pretrained,stl,p96_k8,n0.02_m0.05_w1.5,0.02,0.05,1.5,TSI_warp,0.992127001285553
electricity,pretrained,stl,p96_k8,n0.02_m0.05_w1.5,0.02,0.05,1.5,GSP_noise,-0.0012928880751132965
electricity,pretrained,stl,p96_k8,n0.02_m0.05_w1.5,0.02,0.05,1.5,GSP_mask,-0.002617049962282181
electricity,pretrained,stl,p96_k8,n0.02_m0.05_w1.5,0.02,0.05,1.5,GSP_warp,-0.011575151234865189
electricity,pretrained,stl,p96_k12,n0.02_m0.05_w1.5,0.02,0.05,1.5,LCS_clean,-0.059412844479084015
electricity,pretrained,stl,p96_k12,n0.02_m0.05_w1.5,0.02,0.05,1.5,LCS_noise,-0.06458346545696259
electricity,pretrained,stl,p96_k12,n0.02_m0.05_w1.5,0.02,0.05,1.5,LCS_mask,-0.05822852626442909
electricity,pretrained,stl,p96_k12,n0.02_m0.05_w1.5,0.02,0.05,1.5,LCS_warp,-0.060105860233306885
electricity,pretrained,stl,p96_k12,n0.02_m0.05_w1.5,0.02,0.05,1.5,TSI_noise,0.9997561573982239
electricity,pretrained,stl,p96_k12,n0.02_m0.05_w1.5,0.02,0.05,1.5,TSI_mask,0.9998403191566467
electricity,pretrained,stl,p96_k12,n0.02_m0.05_w1.5,0.02,0.05,1.5,TSI_warp,0.992127001285553
electricity,pretrained,stl,p96_k12,n0.02_m0.05_w1.5,0.02,0.05,1.5,GSP_noise,0.0051706209778785706
electricity,pretrained,stl,p96_k12,n0.02_m0.05_w1.5,0.02,0.05,1.5,GSP_mask,-0.0011843182146549225
electricity,pretrained,stl,p96_k12,n0.02_m0.05_w1.5,0.02,0.05,1.5,GSP_warp,0.0006930157542228699
electricity,pretrained,phase8,na,n0.02_m0.05_w2,0.02,0.05,2.0,LCS_clean,-0.03533760830760002
electricity,pretrained,phase8,na,n0.02_m0.05_w2,0.02,0.05,2.0,LCS_noise,-0.03437880426645279
electricity,pretrained,phase8,na,n0.02_m0.05_w2,0.02,0.05,2.0,LCS_mask,-0.03722421079874039
electricity,pretrained,phase8,na,n0.02_m0.05_w2,0.02,0.05,2.0,LCS_warp,-0.03865637630224228
electricity,pretrained,phase8,na,n0.02_m0.05_w2,0.02,0.05,2.0,TSI_noise,0.9997650980949402
electricity,pretrained,phase8,na,n0.02_m0.05_w2,0.02,0.05,2.0,TSI_mask,0.9998195171356201
electricity,pretrained,phase8,na,n0.02_m0.05_w2,0.02,0.05,2.0,TSI_warp,0.9893520474433899
electricity,pretrained,phase8,na,n0.02_m0.05_w2,0.02,0.05,2.0,GSP_noise,-0.0009588040411472321
electricity,pretrained,phase8,na,n0.02_m0.05_w2,0.02,0.05,2.0,GSP_mask,0.0018866024911403656
electricity,pretrained,phase8,na,n0.02_m0.05_w2,0.02,0.05,2.0,GSP_warp,0.0033187679946422577
electricity,pretrained,stl,p24_k4,n0.02_m0.05_w2,0.02,0.05,2.0,LCS_clean,0.0010033687576651573
electricity,pretrained,stl,p24_k4,n0.02_m0.05_w2,0.02,0.05,2.0,LCS_noise,0.004534060135483742
electricity,pretrained,stl,p24_k4,n0.02_m0.05_w2,0.02,0.05,2.0,LCS_mask,0.0006052148528397083
electricity,pretrained,stl,p24_k4,n0.02_m0.05_w2,0.02,0.05,2.0,LCS_warp,-0.0028679172974079847
electricity,pretrained,stl,p24_k4,n0.02_m0.05_w2,0.02,0.05,2.0,TSI_noise,0.9997650980949402
electricity,pretrained,stl,p24_k4,n0.02_m0.05_w2,0.02,0.05,2.0,TSI_mask,0.9998195171356201
electricity,pretrained,stl,p24_k4,n0.02_m0.05_w2,0.02,0.05,2.0,TSI_warp,0.9893520474433899
electricity,pretrained,stl,p24_k4,n0.02_m0.05_w2,0.02,0.05,2.0,GSP_noise,-0.0035306913778185844
electricity,pretrained,stl,p24_k4,n0.02_m0.05_w2,0.02,0.05,2.0,GSP_mask,0.000398153904825449
electricity,pretrained,stl,p24_k4,n0.02_m0.05_w2,0.02,0.05,2.0,GSP_warp,0.003871286055073142
electricity,pretrained,stl,p24_k8,n0.02_m0.05_w2,0.02,0.05,2.0,LCS_clean,-0.01524264644831419
electricity,pretrained,stl,p24_k8,n0.02_m0.05_w2,0.02,0.05,2.0,LCS_noise,-0.011406075209379196
electricity,pretrained,stl,p24_k8,n0.02_m0.05_w2,0.02,0.05,2.0,LCS_mask,-0.0143605787307024
electricity,pretrained,stl,p24_k8,n0.02_m0.05_w2,0.02,0.05,2.0,LCS_warp,-0.032767292112112045
electricity,pretrained,stl,p24_k8,n0.02_m0.05_w2,0.02,0.05,2.0,TSI_noise,0.9997650980949402
electricity,pretrained,stl,p24_k8,n0.02_m0.05_w2,0.02,0.05,2.0,TSI_mask,0.9998195171356201
electricity,pretrained,stl,p24_k8,n0.02_m0.05_w2,0.02,0.05,2.0,TSI_warp,0.9893520474433899
electricity,pretrained,stl,p24_k8,n0.02_m0.05_w2,0.02,0.05,2.0,GSP_noise,-0.0038365712389349937
electricity,pretrained,stl,p24_k8,n0.02_m0.05_w2,0.02,0.05,2.0,GSP_mask,-0.0008820677176117897
electricity,pretrained,stl,p24_k8,n0.02_m0.05_w2,0.02,0.05,2.0,GSP_warp,0.017524645663797855
electricity,pretrained,stl,p24_k12,n0.02_m0.05_w2,0.02,0.05,2.0,LCS_clean,-0.03769192844629288
electricity,pretrained,stl,p24_k12,n0.02_m0.05_w2,0.02,0.05,2.0,LCS_noise,-0.03322155401110649
electricity,pretrained,stl,p24_k12,n0.02_m0.05_w2,0.02,0.05,2.0,LCS_mask,-0.03709428757429123
electricity,pretrained,stl,p24_k12,n0.02_m0.05_w2,0.02,0.05,2.0,LCS_warp,-0.07572819292545319
electricity,pretrained,stl,p24_k12,n0.02_m0.05_w2,0.02,0.05,2.0,TSI_noise,0.9997650980949402
electricity,pretrained,stl,p24_k12,n0.02_m0.05_w2,0.02,0.05,2.0,TSI_mask,0.9998195171356201
electricity,pretrained,stl,p24_k12,n0.02_m0.05_w2,0.02,0.05,2.0,TSI_warp,0.9893520474433899
electricity,pretrained,stl,p24_k12,n0.02_m0.05_w2,0.02,0.05,2.0,GSP_noise,-0.004470374435186386
electricity,pretrained,stl,p24_k12,n0.02_m0.05_w2,0.02,0.05,2.0,GSP_mask,-0.000597640872001648
electricity,pretrained,stl,p24_k12,n0.02_m0.05_w2,0.02,0.05,2.0,GSP_warp,0.03803626447916031
electricity,pretrained,stl,p48_k4,n0.02_m0.05_w2,0.02,0.05,2.0,LCS_clean,-0.02065553329885006
electricity,pretrained,stl,p48_k4,n0.02_m0.05_w2,0.02,0.05,2.0,LCS_noise,-0.018273446708917618
electricity,pretrained,stl,p48_k4,n0.02_m0.05_w2,0.02,0.05,2.0,LCS_mask,-0.019583869725465775
electricity,pretrained,stl,p48_k4,n0.02_m0.05_w2,0.02,0.05,2.0,LCS_warp,-0.011686657555401325
electricity,pretrained,stl,p48_k4,n0.02_m0.05_w2,0.02,0.05,2.0,TSI_noise,0.9997650980949402
electricity,pretrained,stl,p48_k4,n0.02_m0.05_w2,0.02,0.05,2.0,TSI_mask,0.9998195171356201
electricity,pretrained,stl,p48_k4,n0.02_m0.05_w2,0.02,0.05,2.0,TSI_warp,0.9893520474433899
electricity,pretrained,stl,p48_k4,n0.02_m0.05_w2,0.02,0.05,2.0,GSP_noise,-0.0023820865899324417
electricity,pretrained,stl,p48_k4,n0.02_m0.05_w2,0.02,0.05,2.0,GSP_mask,-0.001071663573384285
electricity,pretrained,stl,p48_k4,n0.02_m0.05_w2,0.02,0.05,2.0,GSP_warp,-0.008968875743448734
electricity,pretrained,stl,p48_k8,n0.02_m0.05_w2,0.02,0.05,2.0,LCS_clean,-0.038437195122241974
electricity,pretrained,stl,p48_k8,n0.02_m0.05_w2,0.02,0.05,2.0,LCS_noise,-0.03441213443875313
electricity,pretrained,stl,p48_k8,n0.02_m0.05_w2,0.02,0.05,2.0,LCS_mask,-0.037927836179733276
electricity,pretrained,stl,p48_k8,n0.02_m0.05_w2,0.02,0.05,2.0,LCS_warp,-0.05015883594751358
electricity,pretrained,stl,p48_k8,n0.02_m0.05_w2,0.02,0.05,2.0,TSI_noise,0.9997650980949402
electricity,pretrained,stl,p48_k8,n0.02_m0.05_w2,0.02,0.05,2.0,TSI_mask,0.9998195171356201
electricity,pretrained,stl,p48_k8,n0.02_m0.05_w2,0.02,0.05,2.0,TSI_warp,0.9893520474433899
electricity,pretrained,stl,p48_k8,n0.02_m0.05_w2,0.02,0.05,2.0,GSP_noise,-0.004025060683488846
electricity,pretrained,stl,p48_k8,n0.02_m0.05_w2,0.02,0.05,2.0,GSP_mask,-0.0005093589425086975
electricity,pretrained,stl,p48_k8,n0.02_m0.05_w2,0.02,0.05,2.0,GSP_warp,0.011721640825271606
electricity,pretrained,stl,p48_k12,n0.02_m0.05_w2,0.02,0.05,2.0,LCS_clean,-0.03637457638978958
electricity,pretrained,stl,p48_k12,n0.02_m0.05_w2,0.02,0.05,2.0,LCS_noise,-0.03692648559808731
electricity,pretrained,stl,p48_k12,n0.02_m0.05_w2,0.02,0.05,2.0,LCS_mask,-0.03416336327791214
electricity,pretrained,stl,p48_k12,n0.02_m0.05_w2,0.02,0.05,2.0,LCS_warp,-0.04274855926632881
electricity,pretrained,stl,p48_k12,n0.02_m0.05_w2,0.02,0.05,2.0,TSI_noise,0.9997650980949402
electricity,pretrained,stl,p48_k12,n0.02_m0.05_w2,0.02,0.05,2.0,TSI_mask,0.9998195171356201
electricity,pretrained,stl,p48_k12,n0.02_m0.05_w2,0.02,0.05,2.0,TSI_warp,0.9893520474433899
electricity,pretrained,stl,p48_k12,n0.02_m0.05_w2,0.02,0.05,2.0,GSP_noise,0.0005519092082977295
electricity,pretrained,stl,p48_k12,n0.02_m0.05_w2,0.02,0.05,2.0,GSP_mask,-0.0022112131118774414
electricity,pretrained,stl,p48_k12,n0.02_m0.05_w2,0.02,0.05,2.0,GSP_warp,0.00637398287653923
electricity,pretrained,stl,p96_k4,n0.02_m0.05_w2,0.02,0.05,2.0,LCS_clean,-0.024937734007835388
electricity,pretrained,stl,p96_k4,n0.02_m0.05_w2,0.02,0.05,2.0,LCS_noise,-0.023556336760520935
electricity,pretrained,stl,p96_k4,n0.02_m0.05_w2,0.02,0.05,2.0,LCS_mask,-0.02390599064528942
electricity,pretrained,stl,p96_k4,n0.02_m0.05_w2,0.02,0.05,2.0,LCS_warp,-0.025632129982113838
electricity,pretrained,stl,p96_k4,n0.02_m0.05_w2,0.02,0.05,2.0,TSI_noise,0.9997650980949402
electricity,pretrained,stl,p96_k4,n0.02_m0.05_w2,0.02,0.05,2.0,TSI_mask,0.9998195171356201
electricity,pretrained,stl,p96_k4,n0.02_m0.05_w2,0.02,0.05,2.0,TSI_warp,0.9893520474433899
electricity,pretrained,stl,p96_k4,n0.02_m0.05_w2,0.02,0.05,2.0,GSP_noise,-0.0013813972473144531
electricity,pretrained,stl,p96_k4,n0.02_m0.05_w2,0.02,0.05,2.0,GSP_mask,-0.001031743362545967
electricity,pretrained,stl,p96_k4,n0.02_m0.05_w2,0.02,0.05,2.0,GSP_warp,0.00069439597427845
electricity,pretrained,stl,p96_k8,n0.02_m0.05_w2,0.02,0.05,2.0,LCS_clean,-0.05526850000023842
electricity,pretrained,stl,p96_k8,n0.02_m0.05_w2,0.02,0.05,2.0,LCS_noise,-0.05068781226873398
electricity,pretrained,stl,p96_k8,n0.02_m0.05_w2,0.02,0.05,2.0,LCS_mask,-0.05599746108055115
electricity,pretrained,stl,p96_k8,n0.02_m0.05_w2,0.02,0.05,2.0,LCS_warp,-0.0482383668422699
electricity,pretrained,stl,p96_k8,n0.02_m0.05_w2,0.02,0.05,2.0,TSI_noise,0.9997650980949402
electricity,pretrained,stl,p96_k8,n0.02_m0.05_w2,0.02,0.05,2.0,TSI_mask,0.9998195171356201
electricity,pretrained,stl,p96_k8,n0.02_m0.05_w2,0.02,0.05,2.0,TSI_warp,0.9893520474433899
electricity,pretrained,stl,p96_k8,n0.02_m0.05_w2,0.02,0.05,2.0,GSP_noise,-0.00458068773150444
electricity,pretrained,stl,p96_k8,n0.02_m0.05_w2,0.02,0.05,2.0,GSP_mask,0.0007289610803127289
electricity,pretrained,stl,p96_k8,n0.02_m0.05_w2,0.02,0.05,2.0,GSP_warp,-0.007030133157968521
electricity,pretrained,stl,p96_k12,n0.02_m0.05_w2,0.02,0.05,2.0,LCS_clean,-0.059412844479084015
electricity,pretrained,stl,p96_k12,n0.02_m0.05_w2,0.02,0.05,2.0,LCS_noise,-0.061663947999477386
electricity,pretrained,stl,p96_k12,n0.02_m0.05_w2,0.02,0.05,2.0,LCS_mask,-0.05955541878938675
electricity,pretrained,stl,p96_k12,n0.02_m0.05_w2,0.02,0.05,2.0,LCS_warp,-0.06448276340961456
electricity,pretrained,stl,p96_k12,n0.02_m0.05_w2,0.02,0.05,2.0,TSI_noise,0.9997650980949402
electricity,pretrained,stl,p96_k12,n0.02_m0.05_w2,0.02,0.05,2.0,TSI_mask,0.9998195171356201
electricity,pretrained,stl,p96_k12,n0.02_m0.05_w2,0.02,0.05,2.0,TSI_warp,0.9893520474433899
electricity,pretrained,stl,p96_k12,n0.02_m0.05_w2,0.02,0.05,2.0,GSP_noise,0.0022511035203933716
electricity,pretrained,stl,p96_k12,n0.02_m0.05_w2,0.02,0.05,2.0,GSP_mask,0.00014257431030273438
electricity,pretrained,stl,p96_k12,n0.02_m0.05_w2,0.02,0.05,2.0,GSP_warp,0.005069918930530548
electricity,pretrained,phase8,na,n0.02_m0.05_w3,0.02,0.05,3.0,LCS_clean,-0.03533760830760002
electricity,pretrained,phase8,na,n0.02_m0.05_w3,0.02,0.05,3.0,LCS_noise,-0.03546023741364479
electricity,pretrained,phase8,na,n0.02_m0.05_w3,0.02,0.05,3.0,LCS_mask,-0.034082211554050446
electricity,pretrained,phase8,na,n0.02_m0.05_w3,0.02,0.05,3.0,LCS_warp,-0.043103937059640884
electricity,pretrained,phase8,na,n0.02_m0.05_w3,0.02,0.05,3.0,TSI_noise,0.9997463226318359
electricity,pretrained,phase8,na,n0.02_m0.05_w3,0.02,0.05,3.0,TSI_mask,0.9998277425765991
electricity,pretrained,phase8,na,n0.02_m0.05_w3,0.02,0.05,3.0,TSI_warp,0.9882793426513672
electricity,pretrained,phase8,na,n0.02_m0.05_w3,0.02,0.05,3.0,GSP_noise,0.0001226291060447693
electricity,pretrained,phase8,na,n0.02_m0.05_w3,0.02,0.05,3.0,GSP_mask,-0.0012553967535495758
electricity,pretrained,phase8,na,n0.02_m0.05_w3,0.02,0.05,3.0,GSP_warp,0.007766328752040863
electricity,pretrained,stl,p24_k4,n0.02_m0.05_w3,0.02,0.05,3.0,LCS_clean,0.0010033687576651573
electricity,pretrained,stl,p24_k4,n0.02_m0.05_w3,0.02,0.05,3.0,LCS_noise,0.004693523049354553
electricity,pretrained,stl,p24_k4,n0.02_m0.05_w3,0.02,0.05,3.0,LCS_mask,0.00034096604213118553
electricity,pretrained,stl,p24_k4,n0.02_m0.05_w3,0.02,0.05,3.0,LCS_warp,-0.007385225500911474
electricity,pretrained,stl,p24_k4,n0.02_m0.05_w3,0.02,0.05,3.0,TSI_noise,0.9997463226318359
electricity,pretrained,stl,p24_k4,n0.02_m0.05_w3,0.02,0.05,3.0,TSI_mask,0.9998277425765991
electricity,pretrained,stl,p24_k4,n0.02_m0.05_w3,0.02,0.05,3.0,TSI_warp,0.9882793426513672
electricity,pretrained,stl,p24_k4,n0.02_m0.05_w3,0.02,0.05,3.0,GSP_noise,-0.003690154291689396
electricity,pretrained,stl,p24_k4,n0.02_m0.05_w3,0.02,0.05,3.0,GSP_mask,0.0006624027155339718
electricity,pretrained,stl,p24_k4,n0.02_m0.05_w3,0.02,0.05,3.0,GSP_warp,0.008388594258576632
electricity,pretrained,stl,p24_k8,n0.02_m0.05_w3,0.02,0.05,3.0,LCS_clean,-0.01524264644831419
electricity,pretrained,stl,p24_k8,n0.02_m0.05_w3,0.02,0.05,3.0,LCS_noise,-0.011349577456712723
electricity,pretrained,stl,p24_k8,n0.02_m0.05_w3,0.02,0.05,3.0,LCS_mask,-0.015510902740061283
electricity,pretrained,stl,p24_k8,n0.02_m0.05_w3,0.02,0.05,3.0,LCS_warp,-0.03006703220307827
electricity,pretrained,stl,p24_k8,n0.02_m0.05_w3,0.02,0.05,3.0,TSI_noise,0.9997463226318359
electricity,pretrained,stl,p24_k8,n0.02_m0.05_w3,0.02,0.05,3.0,TSI_mask,0.9998277425765991
electricity,pretrained,stl,p24_k8,n0.02_m0.05_w3,0.02,0.05,3.0,TSI_warp,0.9882793426513672
electricity,pretrained,stl,p24_k8,n0.02_m0.05_w3,0.02,0.05,3.0,GSP_noise,-0.003893068991601467
electricity,pretrained,stl,p24_k8,n0.02_m0.05_w3,0.02,0.05,3.0,GSP_mask,0.0002682562917470932
electricity,pretrained,stl,p24_k8,n0.02_m0.05_w3,0.02,0.05,3.0,GSP_warp,0.01482438575476408
electricity,pretrained,stl,p24_k12,n0.02_m0.05_w3,0.02,0.05,3.0,LCS_clean,-0.03769192844629288
electricity,pretrained,stl,p24_k12,n0.02_m0.05_w3,0.02,0.05,3.0,LCS_noise,-0.03649783879518509
electricity,pretrained,stl,p24_k12,n0.02_m0.05_w3,0.02,0.05,3.0,LCS_mask,-0.03969172388315201
electricity,pretrained,stl,p24_k12,n0.02_m0.05_w3,0.02,0.05,3.0,LCS_warp,-0.05494409427046776
electricity,pretrained,stl,p24_k12,n0.02_m0.05_w3,0.02,0.05,3.0,TSI_noise,0.9997463226318359
electricity,pretrained,stl,p24_k12,n0.02_m0.05_w3,0.02,0.05,3.0,TSI_mask,0.9998277425765991
electricity,pretrained,stl,p24_k12,n0.02_m0.05_w3,0.02,0.05,3.0,TSI_warp,0.9882793426513672
electricity,pretrained,stl,p24_k12,n0.02_m0.05_w3,0.02,0.05,3.0,GSP_noise,-0.001194089651107788
electricity,pretrained,stl,p24_k12,n0.02_m0.05_w3,0.02,0.05,3.0,GSP_mask,0.001999795436859131
electricity,pretrained,stl,p24_k12,n0.02_m0.05_w3,0.02,0.05,3.0,GSP_warp,0.01725216582417488
electricity,pretrained,stl,p48_k4,n0.02_m0.05_w3,0.02,0.05,3.0,LCS_clean,-0.02065553329885006
electricity,pretrained,stl,p48_k4,n0.02_m0.05_w3,0.02,0.05,3.0,LCS_noise,-0.018516093492507935
electricity,pretrained,stl,p48_k4,n0.02_m0.05_w3,0.02,0.05,3.0,LCS_mask,-0.020059071481227875
electricity,pretrained,stl,p48_k4,n0.02_m0.05_w3,0.02,0.05,3.0,LCS_warp,-0.01444078516215086
electricity,pretrained,stl,p48_k4,n0.02_m0.05_w3,0.02,0.05,3.0,TSI_noise,0.9997463226318359
electricity,pretrained,stl,p48_k4,n0.02_m0.05_w3,0.02,0.05,3.0,TSI_mask,0.9998277425765991
electricity,pretrained,stl,p48_k4,n0.02_m0.05_w3,0.02,0.05,3.0,TSI_warp,0.9882793426513672
electricity,pretrained,stl,p48_k4,n0.02_m0.05_w3,0.02,0.05,3.0,GSP_noise,-0.002139439806342125
electricity,pretrained,stl,p48_k4,n0.02_m0.05_w3,0.02,0.05,3.0,GSP_mask,-0.0005964618176221848
electricity,pretrained,stl,p48_k4,n0.02_m0.05_w3,0.02,0.05,3.0,GSP_warp,-0.0062147481366992
electricity,pretrained,stl,p48_k8,n0.02_m0.05_w3,0.02,0.05,3.0,LCS_clean,-0.038437195122241974
electricity,pretrained,stl,p48_k8,n0.02_m0.05_w3,0.02,0.05,3.0,LCS_noise,-0.03542841970920563
electricity,pretrained,stl,p48_k8,n0.02_m0.05_w3,0.02,0.05,3.0,LCS_mask,-0.03639946132898331
electricity,pretrained,stl,p48_k8,n0.02_m0.05_w3,0.02,0.05,3.0,LCS_warp,-0.049116604030132294
electricity,pretrained,stl,p48_k8,n0.02_m0.05_w3,0.02,0.05,3.0,TSI_noise,0.9997463226318359
electricity,pretrained,stl,p48_k8,n0.02_m0.05_w3,0.02,0.05,3.0,TSI_mask,0.9998277425765991
electricity,pretrained,stl,p48_k8,n0.02_m0.05_w3,0.02,0.05,3.0,TSI_warp,0.9882793426513672
electricity,pretrained,stl,p48_k8,n0.02_m0.05_w3,0.02,0.05,3.0,GSP_noise,-0.0030087754130363464
electricity,pretrained,stl,p48_k8,n0.02_m0.05_w3,0.02,0.05,3.0,GSP_mask,-0.002037733793258667
electricity,pretrained,stl,p48_k8,n0.02_m0.05_w3,0.02,0.05,3.0,GSP_warp,0.01067940890789032
electricity,pretrained,stl,p48_k12,n0.02_m0.05_w3,0.02,0.05,3.0,LCS_clean,-0.03637457638978958
electricity,pretrained,stl,p48_k12,n0.02_m0.05_w3,0.02,0.05,3.0,LCS_noise,-0.037355437874794006
electricity,pretrained,stl,p48_k12,n0.02_m0.05_w3,0.02,0.05,3.0,LCS_mask,-0.03597988933324814
electricity,pretrained,stl,p48_k12,n0.02_m0.05_w3,0.02,0.05,3.0,LCS_warp,-0.04970739781856537
electricity,pretrained,stl,p48_k12,n0.02_m0.05_w3,0.02,0.05,3.0,TSI_noise,0.9997463226318359
electricity,pretrained,stl,p48_k12,n0.02_m0.05_w3,0.02,0.05,3.0,TSI_mask,0.9998277425765991
electricity,pretrained,stl,p48_k12,n0.02_m0.05_w3,0.02,0.05,3.0,TSI_warp,0.9882793426513672
electricity,pretrained,stl,p48_k12,n0.02_m0.05_w3,0.02,0.05,3.0,GSP_noise,0.000980861485004425
electricity,pretrained,stl,p48_k12,n0.02_m0.05_w3,0.02,0.05,3.0,GSP_mask,-0.00039468705654144287
electricity,pretrained,stl,p48_k12,n0.02_m0.05_w3,0.02,0.05,3.0,GSP_warp,0.013332821428775787
electricity,pretrained,stl,p96_k4,n0.02_m0.05_w3,0.02,0.05,3.0,LCS_clean,-0.024937734007835388
electricity,pretrained,stl,p96_k4,n0.02_m0.05_w3,0.02,0.05,3.0,LCS_noise,-0.023381192237138748
electricity,pretrained,stl,p96_k4,n0.02_m0.05_w3,0.02,0.05,3.0,LCS_mask,-0.023238275200128555
electricity,pretrained,stl,p96_k4,n0.02_m0.05_w3,0.02,0.05,3.0,LCS_warp,-0.03120061568915844
electricity,pretrained,stl,p96_k4,n0.02_m0.05_w3,0.02,0.05,3.0,TSI_noise,0.9997463226318359
electricity,pretrained,stl,p96_k4,n0.02_m0.05_w3,0.02,0.05,3.0,TSI_mask,0.9998277425765991
electricity,pretrained,stl,p96_k4,n0.02_m0.05_w3,0.02,0.05,3.0,TSI_warp,0.9882793426513672
electricity,pretrained,stl,p96_k4,n0.02_m0.05_w3,0.02,0.05,3.0,GSP_noise,-0.00155654177069664
electricity,pretrained,stl,p96_k4,n0.02_m0.05_w3,0.02,0.05,3.0,GSP_mask,-0.0016994588077068329
electricity,pretrained,stl,p96_k4,n0.02_m0.05_w3,0.02,0.05,3.0,GSP_warp,0.0062628816813230515
electricity,pretrained,stl,p96_k8,n0.02_m0.05_w3,0.02,0.05,3.0,LCS_clean,-0.05526850000023842
electricity,pretrained,stl,p96_k8,n0.02_m0.05_w3,0.02,0.05,3.0,LCS_noise,-0.05591890588402748
electricity,pretrained,stl,p96_k8,n0.02_m0.05_w3,0.02,0.05,3.0,LCS_mask,-0.053620465099811554
electricity,pretrained,stl,p96_k8,n0.02_m0.05_w3,0.02,0.05,3.0,LCS_warp,-0.05270254611968994
electricity,pretrained,stl,p96_k8,n0.02_m0.05_w3,0.02,0.05,3.0,TSI_noise,0.9997463226318359
electricity,pretrained,stl,p96_k8,n0.02_m0.05_w3,0.02,0.05,3.0,TSI_mask,0.9998277425765991
electricity,pretrained,stl,p96_k8,n0.02_m0.05_w3,0.02,0.05,3.0,TSI_warp,0.9882793426513672
electricity,pretrained,stl,p96_k8,n0.02_m0.05_w3,0.02,0.05,3.0,GSP_noise,0.0006504058837890625
electricity,pretrained,stl,p96_k8,n0.02_m0.05_w3,0.02,0.05,3.0,GSP_mask,-0.0016480349004268646
electricity,pretrained,stl,p96_k8,n0.02_m0.05_w3,0.02,0.05,3.0,GSP_warp,-0.002565953880548477
electricity,pretrained,stl,p96_k12,n0.02_m0.05_w3,0.02,0.05,3.0,LCS_clean,-0.059412844479084015
electricity,pretrained,stl,p96_k12,n0.02_m0.05_w3,0.02,0.05,3.0,LCS_noise,-0.0641833245754242
electricity,pretrained,stl,p96_k12,n0.02_m0.05_w3,0.02,0.05,3.0,LCS_mask,-0.05831941217184067
electricity,pretrained,stl,p96_k12,n0.02_m0.05_w3,0.02,0.05,3.0,LCS_warp,-0.12237253785133362
electricity,pretrained,stl,p96_k12,n0.02_m0.05_w3,0.02,0.05,3.0,TSI_noise,0.9997463226318359
electricity,pretrained,stl,p96_k12,n0.02_m0.05_w3,0.02,0.05,3.0,TSI_mask,0.9998277425765991
electricity,pretrained,stl,p96_k12,n0.02_m0.05_w3,0.02,0.05,3.0,TSI_warp,0.9882793426513672
electricity,pretrained,stl,p96_k12,n0.02_m0.05_w3,0.02,0.05,3.0,GSP_noise,0.0047704800963401794
electricity,pretrained,stl,p96_k12,n0.02_m0.05_w3,0.02,0.05,3.0,GSP_mask,-0.0010934323072433472
electricity,pretrained,stl,p96_k12,n0.02_m0.05_w3,0.02,0.05,3.0,GSP_warp,0.0629596933722496
electricity,pretrained,phase8,na,n0.02_m0.1_w1.5,0.02,0.1,1.5,LCS_clean,-0.03533760830760002
electricity,pretrained,phase8,na,n0.02_m0.1_w1.5,0.02,0.1,1.5,LCS_noise,-0.0354115292429924
electricity,pretrained,phase8,na,n0.02_m0.1_w1.5,0.02,0.1,1.5,LCS_mask,-0.03535611927509308
electricity,pretrained,phase8,na,n0.02_m0.1_w1.5,0.02,0.1,1.5,LCS_warp,-0.041943106800317764
electricity,pretrained,phase8,na,n0.02_m0.1_w1.5,0.02,0.1,1.5,TSI_noise,0.9997492432594299
electricity,pretrained,phase8,na,n0.02_m0.1_w1.5,0.02,0.1,1.5,TSI_mask,0.9996503591537476
electricity,pretrained,phase8,na,n0.02_m0.1_w1.5,0.02,0.1,1.5,TSI_warp,0.9922115802764893
electricity,pretrained,phase8,na,n0.02_m0.1_w1.5,0.02,0.1,1.5,GSP_noise,7.392093539237976e-05
electricity,pretrained,phase8,na,n0.02_m0.1_w1.5,0.02,0.1,1.5,GSP_mask,1.851096749305725e-05
electricity,pretrained,phase8,na,n0.02_m0.1_w1.5,0.02,0.1,1.5,GSP_warp,0.006605498492717743
electricity,pretrained,stl,p24_k4,n0.02_m0.1_w1.5,0.02,0.1,1.5,LCS_clean,0.0010033687576651573
electricity,pretrained,stl,p24_k4,n0.02_m0.1_w1.5,0.02,0.1,1.5,LCS_noise,0.00394074572250247
electricity,pretrained,stl,p24_k4,n0.02_m0.1_w1.5,0.02,0.1,1.5,LCS_mask,0.001274252776056528
electricity,pretrained,stl,p24_k4,n0.02_m0.1_w1.5,0.02,0.1,1.5,LCS_warp,-0.005677010398358107
electricity,pretrained,stl,p24_k4,n0.02_m0.1_w1.5,0.02,0.1,1.5,TSI_noise,0.9997492432594299
electricity,pretrained,stl,p24_k4,n0.02_m0.1_w1.5,0.02,0.1,1.5,TSI_mask,0.9996503591537476
electricity,pretrained,stl,p24_k4,n0.02_m0.1_w1.5,0.02,0.1,1.5,TSI_warp,0.9922115802764893
electricity,pretrained,stl,p24_k4,n0.02_m0.1_w1.5,0.02,0.1,1.5,GSP_noise,-0.0029373769648373127
electricity,pretrained,stl,p24_k4,n0.02_m0.1_w1.5,0.02,0.1,1.5,GSP_mask,-0.0002708840183913708
electricity,pretrained,stl,p24_k4,n0.02_m0.1_w1.5,0.02,0.1,1.5,GSP_warp,0.006680379156023264
electricity,pretrained,stl,p24_k8,n0.02_m0.1_w1.5,0.02,0.1,1.5,LCS_clean,-0.01524264644831419
electricity,pretrained,stl,p24_k8,n0.02_m0.1_w1.5,0.02,0.1,1.5,LCS_noise,-0.012112447991967201
electricity,pretrained,stl,p24_k8,n0.02_m0.1_w1.5,0.02,0.1,1.5,LCS_mask,-0.014701648615300655
electricity,pretrained,stl,p24_k8,n0.02_m0.1_w1.5,0.02,0.1,1.5,LCS_warp,-0.018515951931476593
electricity,pretrained,stl,p24_k8,n0.02_m0.1_w1.5,0.02,0.1,1.5,TSI_noise,0.9997492432594299
electricity,pretrained,stl,p24_k8,n0.02_m0.1_w1.5,0.02,0.1,1.5,TSI_mask,0.9996503591537476
electricity,pretrained,stl,p24_k8,n0.02_m0.1_w1.5,0.02,0.1,1.5,TSI_warp,0.9922115802764893
electricity,pretrained,stl,p24_k8,n0.02_m0.1_w1.5,0.02,0.1,1.5,GSP_noise,-0.0031301984563469887
electricity,pretrained,stl,p24_k8,n0.02_m0.1_w1.5,0.02,0.1,1.5,GSP_mask,-0.0005409978330135345
electricity,pretrained,stl,p24_k8,n0.02_m0.1_w1.5,0.02,0.1,1.5,GSP_warp,0.003273305483162403
electricity,pretrained,stl,p24_k12,n0.02_m0.1_w1.5,0.02,0.1,1.5,LCS_clean,-0.03769192844629288
electricity,pretrained,stl,p24_k12,n0.02_m0.1_w1.5,0.02,0.1,1.5,LCS_noise,-0.03436063602566719
electricity,pretrained,stl,p24_k12,n0.02_m0.1_w1.5,0.02,0.1,1.5,LCS_mask,-0.04018426686525345
electricity,pretrained,stl,p24_k12,n0.02_m0.1_w1.5,0.02,0.1,1.5,LCS_warp,-0.038795650005340576
electricity,pretrained,stl,p24_k12,n0.02_m0.1_w1.5,0.02,0.1,1.5,TSI_noise,0.9997492432594299
electricity,pretrained,stl,p24_k12,n0.02_m0.1_w1.5,0.02,0.1,1.5,TSI_mask,0.9996503591537476
electricity,pretrained,stl,p24_k12,n0.02_m0.1_w1.5,0.02,0.1,1.5,TSI_warp,0.9922115802764893
electricity,pretrained,stl,p24_k12,n0.02_m0.1_w1.5,0.02,0.1,1.5,GSP_noise,-0.0033312924206256866
electricity,pretrained,stl,p24_k12,n0.02_m0.1_w1.5,0.02,0.1,1.5,GSP_mask,0.0024923384189605713
electricity,pretrained,stl,p24_k12,n0.02_m0.1_w1.5,0.02,0.1,1.5,GSP_warp,0.001103721559047699
electricity,pretrained,stl,p48_k4,n0.02_m0.1_w1.5,0.02,0.1,1.5,LCS_clean,-0.02065553329885006
electricity,pretrained,stl,p48_k4,n0.02_m0.1_w1.5,0.02,0.1,1.5,LCS_noise,-0.019509827718138695
electricity,pretrained,stl,p48_k4,n0.02_m0.1_w1.5,0.02,0.1,1.5,LCS_mask,-0.02063865214586258
electricity,pretrained,stl,p48_k4,n0.02_m0.1_w1.5,0.02,0.1,1.5,LCS_warp,-0.015064645558595657
electricity,pretrained,stl,p48_k4,n0.02_m0.1_w1.5,0.02,0.1,1.5,TSI_noise,0.9997492432594299
electricity,pretrained,stl,p48_k4,n0.02_m0.1_w1.5,0.02,0.1,1.5,TSI_mask,0.9996503591537476
electricity,pretrained,stl,p48_k4,n0.02_m0.1_w1.5,0.02,0.1,1.5,TSI_warp,0.9922115802764893
electricity,pretrained,stl,p48_k4,n0.02_m0.1_w1.5,0.02,0.1,1.5,GSP_noise,-0.0011457055807113647
electricity,pretrained,stl,p48_k4,n0.02_m0.1_w1.5,0.02,0.1,1.5,GSP_mask,-1.6881152987480164e-05
electricity,pretrained,stl,p48_k4,n0.02_m0.1_w1.5,0.02,0.1,1.5,GSP_warp,-0.005590887740254402
electricity,pretrained,stl,p48_k8,n0.02_m0.1_w1.5,0.02,0.1,1.5,LCS_clean,-0.038437195122241974
electricity,pretrained,stl,p48_k8,n0.02_m0.1_w1.5,0.02,0.1,1.5,LCS_noise,-0.035736773163080215
electricity,pretrained,stl,p48_k8,n0.02_m0.1_w1.5,0.02,0.1,1.5,LCS_mask,-0.03697953373193741
electricity,pretrained,stl,p48_k8,n0.02_m0.1_w1.5,0.02,0.1,1.5,LCS_warp,-0.037230316549539566
electricity,pretrained,stl,p48_k8,n0.02_m0.1_w1.5,0.02,0.1,1.5,TSI_noise,0.9997492432594299
electricity,pretrained,stl,p48_k8,n0.02_m0.1_w1.5,0.02,0.1,1.5,TSI_mask,0.9996503591537476
electricity,pretrained,stl,p48_k8,n0.02_m0.1_w1.5,0.02,0.1,1.5,TSI_warp,0.9922115802764893
electricity,pretrained,stl,p48_k8,n0.02_m0.1_w1.5,0.02,0.1,1.5,GSP_noise,-0.0027004219591617584
electricity,pretrained,stl,p48_k8,n0.02_m0.1_w1.5,0.02,0.1,1.5,GSP_mask,-0.0014576613903045654
electricity,pretrained,stl,p48_k8,n0.02_m0.1_w1.5,0.02,0.1,1.5,GSP_warp,-0.0012068785727024078
electricity,pretrained,stl,p48_k12,n0.02_m0.1_w1.5,0.02,0.1,1.5,LCS_clean,-0.03637457638978958
electricity,pretrained,stl,p48_k12,n0.02_m0.1_w1.5,0.02,0.1,1.5,LCS_noise,-0.037828460335731506
electricity,pretrained,stl,p48_k12,n0.02_m0.1_w1.5,0.02,0.1,1.5,LCS_mask,-0.03616593778133392
electricity,pretrained,stl,p48_k12,n0.02_m0.1_w1.5,0.02,0.1,1.5,LCS_warp,-0.04037369787693024
electricity,pretrained,stl,p48_k12,n0.02_m0.1_w1.5,0.02,0.1,1.5,TSI_noise,0.9997492432594299
electricity,pretrained,stl,p48_k12,n0.02_m0.1_w1.5,0.02,0.1,1.5,TSI_mask,0.9996503591537476
electricity,pretrained,stl,p48_k12,n0.02_m0.1_w1.5,0.02,0.1,1.5,TSI_warp,0.9922115802764893
electricity,pretrained,stl,p48_k12,n0.02_m0.1_w1.5,0.02,0.1,1.5,GSP_noise,0.001453883945941925
electricity,pretrained,stl,p48_k12,n0.02_m0.1_w1.5,0.02,0.1,1.5,GSP_mask,-0.00020863860845565796
electricity,pretrained,stl,p48_k12,n0.02_m0.1_w1.5,0.02,0.1,1.5,GSP_warp,0.0039991214871406555
electricity,pretrained,stl,p96_k4,n0.02_m0.1_w1.5,0.02,0.1,1.5,LCS_clean,-0.024937734007835388
electricity,pretrained,stl,p96_k4,n0.02_m0.1_w1.5,0.02,0.1,1.5,LCS_noise,-0.024934101849794388
electricity,pretrained,stl,p96_k4,n0.02_m0.1_w1.5,0.02,0.1,1.5,LCS_mask,-0.02448613941669464
electricity,pretrained,stl,p96_k4,n0.02_m0.1_w1.5,0.02,0.1,1.5,LCS_warp,-0.033829763531684875
electricity,pretrained,stl,p96_k4,n0.02_m0.1_w1.5,0.02,0.1,1.5,TSI_noise,0.9997492432594299
electricity,pretrained,stl,p96_k4,n0.02_m0.1_w1.5,0.02,0.1,1.5,TSI_mask,0.9996503591537476
electricity,pretrained,stl,p96_k4,n0.02_m0.1_w1.5,0.02,0.1,1.5,TSI_warp,0.9922115802764893
electricity,pretrained,stl,p96_k4,n0.02_m0.1_w1.5,0.02,0.1,1.5,GSP_noise,-3.632158041000366e-06
electricity,pretrained,stl,p96_k4,n0.02_m0.1_w1.5,0.02,0.1,1.5,GSP_mask,-0.00045159459114074707
electricity,pretrained,stl,p96_k4,n0.02_m0.1_w1.5,0.02,0.1,1.5,GSP_warp,0.008892029523849487
electricity,pretrained,stl,p96_k8,n0.02_m0.1_w1.5,0.02,0.1,1.5,LCS_clean,-0.05526850000023842
electricity,pretrained,stl,p96_k8,n0.02_m0.1_w1.5,0.02,0.1,1.5,LCS_noise,-0.055825233459472656
electricity,pretrained,stl,p96_k8,n0.02_m0.1_w1.5,0.02,0.1,1.5,LCS_mask,-0.054735586047172546
electricity,pretrained,stl,p96_k8,n0.02_m0.1_w1.5,0.02,0.1,1.5,LCS_warp,-0.055324725806713104
electricity,pretrained,stl,p96_k8,n0.02_m0.1_w1.5,0.02,0.1,1.5,TSI_noise,0.9997492432594299
electricity,pretrained,stl,p96_k8,n0.02_m0.1_w1.5,0.02,0.1,1.5,TSI_mask,0.9996503591537476
electricity,pretrained,stl,p96_k8,n0.02_m0.1_w1.5,0.02,0.1,1.5,TSI_warp,0.9922115802764893
electricity,pretrained,stl,p96_k8,n0.02_m0.1_w1.5,0.02,0.1,1.5,GSP_noise,0.0005567334592342377
electricity,pretrained,stl,p96_k8,n0.02_m0.1_w1.5,0.02,0.1,1.5,GSP_mask,-0.0005329139530658722
electricity,pretrained,stl,p96_k8,n0.02_m0.1_w1.5,0.02,0.1,1.5,GSP_warp,5.622580647468567e-05
electricity,pretrained,stl,p96_k12,n0.02_m0.1_w1.5,0.02,0.1,1.5,LCS_clean,-0.059412844479084015
electricity,pretrained,stl,p96_k12,n0.02_m0.1_w1.5,0.02,0.1,1.5,LCS_noise,-0.0631198137998581
electricity,pretrained,stl,p96_k12,n0.02_m0.1_w1.5,0.02,0.1,1.5,LCS_mask,-0.05948464572429657
electricity,pretrained,stl,p96_k12,n0.02_m0.1_w1.5,0.02,0.1,1.5,LCS_warp,-0.07835172861814499
electricity,pretrained,stl,p96_k12,n0.02_m0.1_w1.5,0.02,0.1,1.5,TSI_noise,0.9997492432594299
electricity,pretrained,stl,p96_k12,n0.02_m0.1_w1.5,0.02,0.1,1.5,TSI_mask,0.9996503591537476
electricity,pretrained,stl,p96_k12,n0.02_m0.1_w1.5,0.02,0.1,1.5,TSI_warp,0.9922115802764893
electricity,pretrained,stl,p96_k12,n0.02_m0.1_w1.5,0.02,0.1,1.5,GSP_noise,0.0037069693207740784
electricity,pretrained,stl,p96_k12,n0.02_m0.1_w1.5,0.02,0.1,1.5,GSP_mask,7.180124521255493e-05
electricity,pretrained,stl,p96_k12,n0.02_m0.1_w1.5,0.02,0.1,1.5,GSP_warp,0.018938884139060974
electricity,pretrained,phase8,na,n0.02_m0.1_w2,0.02,0.1,2.0,LCS_clean,-0.03533760830760002
electricity,pretrained,phase8,na,n0.02_m0.1_w2,0.02,0.1,2.0,LCS_noise,-0.035858090966939926
electricity,pretrained,phase8,na,n0.02_m0.1_w2,0.02,0.1,2.0,LCS_mask,-0.03309454768896103
electricity,pretrained,phase8,na,n0.02_m0.1_w2,0.02,0.1,2.0,LCS_warp,-0.03740420937538147
electricity,pretrained,phase8,na,n0.02_m0.1_w2,0.02,0.1,2.0,TSI_noise,0.9997621774673462
electricity,pretrained,phase8,na,n0.02_m0.1_w2,0.02,0.1,2.0,TSI_mask,0.999682605266571
electricity,pretrained,phase8,na,n0.02_m0.1_w2,0.02,0.1,2.0,TSI_warp,0.989368200302124
electricity,pretrained,phase8,na,n0.02_m0.1_w2,0.02,0.1,2.0,GSP_noise,0.0005204826593399048
electricity,pretrained,phase8,na,n0.02_m0.1_w2,0.02,0.1,2.0,GSP_mask,-0.0022430606186389923
electricity,pretrained,phase8,na,n0.02_m0.1_w2,0.02,0.1,2.0,GSP_warp,0.0020666010677814484
electricity,pretrained,stl,p24_k4,n0.02_m0.1_w2,0.02,0.1,2.0,LCS_clean,0.0010033687576651573
electricity,pretrained,stl,p24_k4,n0.02_m0.1_w2,0.02,0.1,2.0,LCS_noise,0.0029356898739933968
electricity,pretrained,stl,p24_k4,n0.02_m0.1_w2,0.02,0.1,2.0,LCS_mask,-4.445668309926987e-06
electricity,pretrained,stl,p24_k4,n0.02_m0.1_w2,0.02,0.1,2.0,LCS_warp,-0.002405984792858362
electricity,pretrained,stl,p24_k4,n0.02_m0.1_w2,0.02,0.1,2.0,TSI_noise,0.9997621774673462
electricity,pretrained,stl,p24_k4,n0.02_m0.1_w2,0.02,0.1,2.0,TSI_mask,0.999682605266571
electricity,pretrained,stl,p24_k4,n0.02_m0.1_w2,0.02,0.1,2.0,TSI_warp,0.989368200302124
electricity,pretrained,stl,p24_k4,n0.02_m0.1_w2,0.02,0.1,2.0,GSP_noise,-0.0019323211163282394
electricity,pretrained,stl,p24_k4,n0.02_m0.1_w2,0.02,0.1,2.0,GSP_mask,0.0010078144259750843
electricity,pretrained,stl,p24_k4,n0.02_m0.1_w2,0.02,0.1,2.0,GSP_warp,0.0034093535505235195
electricity,pretrained,stl,p24_k8,n0.02_m0.1_w2,0.02,0.1,2.0,LCS_clean,-0.01524264644831419
electricity,pretrained,stl,p24_k8,n0.02_m0.1_w2,0.02,0.1,2.0,LCS_noise,-0.012647217139601707
electricity,pretrained,stl,p24_k8,n0.02_m0.1_w2,0.02,0.1,2.0,LCS_mask,-0.015069559216499329
electricity,pretrained,stl,p24_k8,n0.02_m0.1_w2,0.02,0.1,2.0,LCS_warp,-0.025386696681380272
electricity,pretrained,stl,p24_k8,n0.02_m0.1_w2,0.02,0.1,2.0,TSI_noise,0.9997621774673462
electricity,pretrained,stl,p24_k8,n0.02_m0.1_w2,0.02,0.1,2.0,TSI_mask,0.999682605266571
electricity,pretrained,stl,p24_k8,n0.02_m0.1_w2,0.02,0.1,2.0,TSI_warp,0.989368200302124
electricity,pretrained,stl,p24_k8,n0.02_m0.1_w2,0.02,0.1,2.0,GSP_noise,-0.0025954293087124825
electricity,pretrained,stl,p24_k8,n0.02_m0.1_w2,0.02,0.1,2.0,GSP_mask,-0.0001730872318148613
electricity,pretrained,stl,p24_k8,n0.02_m0.1_w2,0.02,0.1,2.0,GSP_warp,0.010144050233066082
electricity,pretrained,stl,p24_k12,n0.02_m0.1_w2,0.02,0.1,2.0,LCS_clean,-0.03769192844629288
electricity,pretrained,stl,p24_k12,n0.02_m0.1_w2,0.02,0.1,2.0,LCS_noise,-0.03735549747943878
electricity,pretrained,stl,p24_k12,n0.02_m0.1_w2,0.02,0.1,2.0,LCS_mask,-0.03807659447193146
electricity,pretrained,stl,p24_k12,n0.02_m0.1_w2,0.02,0.1,2.0,LCS_warp,-0.0789615660905838
electricity,pretrained,stl,p24_k12,n0.02_m0.1_w2,0.02,0.1,2.0,TSI_noise,0.9997621774673462
electricity,pretrained,stl,p24_k12,n0.02_m0.1_w2,0.02,0.1,2.0,TSI_mask,0.999682605266571
electricity,pretrained,stl,p24_k12,n0.02_m0.1_w2,0.02,0.1,2.0,TSI_warp,0.989368200302124
electricity,pretrained,stl,p24_k12,n0.02_m0.1_w2,0.02,0.1,2.0,GSP_noise,-0.00033643096685409546
electricity,pretrained,stl,p24_k12,n0.02_m0.1_w2,0.02,0.1,2.0,GSP_mask,0.0003846660256385803
electricity,pretrained,stl,p24_k12,n0.02_m0.1_w2,0.02,0.1,2.0,GSP_warp,0.041269637644290924
electricity,pretrained,stl,p48_k4,n0.02_m0.1_w2,0.02,0.1,2.0,LCS_clean,-0.02065553329885006
electricity,pretrained,stl,p48_k4,n0.02_m0.1_w2,0.02,0.1,2.0,LCS_noise,-0.016808049753308296
electricity,pretrained,stl,p48_k4,n0.02_m0.1_w2,0.02,0.1,2.0,LCS_mask,-0.019798066467046738
electricity,pretrained,stl,p48_k4,n0.02_m0.1_w2,0.02,0.1,2.0,LCS_warp,-0.02183542028069496
electricity,pretrained,stl,p48_k4,n0.02_m0.1_w2,0.02,0.1,2.0,TSI_noise,0.9997621774673462
electricity,pretrained,stl,p48_k4,n0.02_m0.1_w2,0.02,0.1,2.0,TSI_mask,0.999682605266571
electricity,pretrained,stl,p48_k4,n0.02_m0.1_w2,0.02,0.1,2.0,TSI_warp,0.989368200302124
electricity,pretrained,stl,p48_k4,n0.02_m0.1_w2,0.02,0.1,2.0,GSP_noise,-0.0038474835455417633
electricity,pretrained,stl,p48_k4,n0.02_m0.1_w2,0.02,0.1,2.0,GSP_mask,-0.0008574668318033218
electricity,pretrained,stl,p48_k4,n0.02_m0.1_w2,0.02,0.1,2.0,GSP_warp,0.001179886981844902
electricity,pretrained,stl,p48_k8,n0.02_m0.1_w2,0.02,0.1,2.0,LCS_clean,-0.038437195122241974
electricity,pretrained,stl,p48_k8,n0.02_m0.1_w2,0.02,0.1,2.0,LCS_noise,-0.034346625208854675
electricity,pretrained,stl,p48_k8,n0.02_m0.1_w2,0.02,0.1,2.0,LCS_mask,-0.03934163600206375
electricity,pretrained,stl,p48_k8,n0.02_m0.1_w2,0.02,0.1,2.0,LCS_warp,-0.03536037355661392
electricity,pretrained,stl,p48_k8,n0.02_m0.1_w2,0.02,0.1,2.0,TSI_noise,0.9997621774673462
electricity,pretrained,stl,p48_k8,n0.02_m0.1_w2,0.02,0.1,2.0,TSI_mask,0.999682605266571
electricity,pretrained,stl,p48_k8,n0.02_m0.1_w2,0.02,0.1,2.0,TSI_warp,0.989368200302124
electricity,pretrained,stl,p48_k8,n0.02_m0.1_w2,0.02,0.1,2.0,GSP_noise,-0.004090569913387299
electricity,pretrained,stl,p48_k8,n0.02_m0.1_w2,0.02,0.1,2.0,GSP_mask,0.0009044408798217773
electricity,pretrained,stl,p48_k8,n0.02_m0.1_w2,0.02,0.1,2.0,GSP_warp,-0.0030768215656280518
electricity,pretrained,stl,p48_k12,n0.02_m0.1_w2,0.02,0.1,2.0,LCS_clean,-0.03637457638978958
electricity,pretrained,stl,p48_k12,n0.02_m0.1_w2,0.02,0.1,2.0,LCS_noise,-0.03718750923871994
electricity,pretrained,stl,p48_k12,n0.02_m0.1_w2,0.02,0.1,2.0,LCS_mask,-0.03657447546720505
electricity,pretrained,stl,p48_k12,n0.02_m0.1_w2,0.02,0.1,2.0,LCS_warp,-0.04578409343957901
electricity,pretrained,stl,p48_k12,n0.02_m0.1_w2,0.02,0.1,2.0,TSI_noise,0.9997621774673462
electricity,pretrained,stl,p48_k12,n0.02_m0.1_w2,0.02,0.1,2.0,TSI_mask,0.999682605266571
electricity,pretrained,stl,p48_k12,n0.02_m0.1_w2,0.02,0.1,2.0,TSI_warp,0.989368200302124
electricity,pretrained,stl,p48_k12,n0.02_m0.1_w2,0.02,0.1,2.0,GSP_noise,0.0008129328489303589
electricity,pretrained,stl,p48_k12,n0.02_m0.1_w2,0.02,0.1,2.0,GSP_mask,0.0001998990774154663
electricity,pretrained,stl,p48_k12,n0.02_m0.1_w2,0.02,0.1,2.0,GSP_warp,0.009409517049789429
electricity,pretrained,stl,p96_k4,n0.02_m0.1_w2,0.02,0.1,2.0,LCS_clean,-0.024937734007835388
electricity,pretrained,stl,p96_k4,n0.02_m0.1_w2,0.02,0.1,2.0,LCS_noise,-0.02356952242553234
electricity,pretrained,stl,p96_k4,n0.02_m0.1_w2,0.02,0.1,2.0,LCS_mask,-0.024983875453472137
electricity,pretrained,stl,p96_k4,n0.02_m0.1_w2,0.02,0.1,2.0,LCS_warp,-0.027348240837454796
electricity,pretrained,stl,p96_k4,n0.02_m0.1_w2,0.02,0.1,2.0,TSI_noise,0.9997621774673462
electricity,pretrained,stl,p96_k4,n0.02_m0.1_w2,0.02,0.1,2.0,TSI_mask,0.999682605266571
electricity,pretrained,stl,p96_k4,n0.02_m0.1_w2,0.02,0.1,2.0,TSI_warp,0.989368200302124
electricity,pretrained,stl,p96_k4,n0.02_m0.1_w2,0.02,0.1,2.0,GSP_noise,-0.0013682115823030472
electricity,pretrained,stl,p96_k4,n0.02_m0.1_w2,0.02,0.1,2.0,GSP_mask,4.614144563674927e-05
electricity,pretrained,stl,p96_k4,n0.02_m0.1_w2,0.02,0.1,2.0,GSP_warp,0.0024105068296194077
electricity,pretrained,stl,p96_k8,n0.02_m0.1_w2,0.02,0.1,2.0,LCS_clean,-0.05526850000023842
electricity,pretrained,stl,p96_k8,n0.02_m0.1_w2,0.02,0.1,2.0,LCS_noise,-0.05472518131136894
electricity,pretrained,stl,p96_k8,n0.02_m0.1_w2,0.02,0.1,2.0,LCS_mask,-0.06006929278373718
electricity,pretrained,stl,p96_k8,n0.02_m0.1_w2,0.02,0.1,2.0,LCS_warp,-0.04808002710342407
electricity,pretrained,stl,p96_k8,n0.02_m0.1_w2,0.02,0.1,2.0,TSI_noise,0.9997621774673462
electricity,pretrained,stl,p96_k8,n0.02_m0.1_w2,0.02,0.1,2.0,TSI_mask,0.999682605266571
electricity,pretrained,stl,p96_k8,n0.02_m0.1_w2,0.02,0.1,2.0,TSI_warp,0.989368200302124
electricity,pretrained,stl,p96_k8,n0.02_m0.1_w2,0.02,0.1,2.0,GSP_noise,-0.0005433186888694763
electricity,pretrained,stl,p96_k8,n0.02_m0.1_w2,0.02,0.1,2.0,GSP_mask,0.004800792783498764
electricity,pretrained,stl,p96_k8,n0.02_m0.1_w2,0.02,0.1,2.0,GSP_warp,-0.007188472896814346
electricity,pretrained,stl,p96_k12,n0.02_m0.1_w2,0.02,0.1,2.0,LCS_clean,-0.059412844479084015
electricity,pretrained,stl,p96_k12,n0.02_m0.1_w2,0.02,0.1,2.0,LCS_noise,-0.06600321829319
electricity,pretrained,stl,p96_k12,n0.02_m0.1_w2,0.02,0.1,2.0,LCS_mask,-0.05994006618857384
electricity,pretrained,stl,p96_k12,n0.02_m0.1_w2,0.02,0.1,2.0,LCS_warp,-0.07461704313755035
electricity,pretrained,stl,p96_k12,n0.02_m0.1_w2,0.02,0.1,2.0,TSI_noise,0.9997621774673462
electricity,pretrained,stl,p96_k12,n0.02_m0.1_w2,0.02,0.1,2.0,TSI_mask,0.999682605266571
electricity,pretrained,stl,p96_k12,n0.02_m0.1_w2,0.02,0.1,2.0,TSI_warp,0.989368200302124
electricity,pretrained,stl,p96_k12,n0.02_m0.1_w2,0.02,0.1,2.0,GSP_noise,0.0065903738141059875
electricity,pretrained,stl,p96_k12,n0.02_m0.1_w2,0.02,0.1,2.0,GSP_mask,0.0005272217094898224
electricity,pretrained,stl,p96_k12,n0.02_m0.1_w2,0.02,0.1,2.0,GSP_warp,0.015204198658466339
electricity,pretrained,phase8,na,n0.02_m0.1_w3,0.02,0.1,3.0,LCS_clean,-0.03533760830760002
electricity,pretrained,phase8,na,n0.02_m0.1_w3,0.02,0.1,3.0,LCS_noise,-0.03438336029648781
electricity,pretrained,phase8,na,n0.02_m0.1_w3,0.02,0.1,3.0,LCS_mask,-0.0350755974650383
electricity,pretrained,phase8,na,n0.02_m0.1_w3,0.02,0.1,3.0,LCS_warp,-0.029417984187602997
electricity,pretrained,phase8,na,n0.02_m0.1_w3,0.02,0.1,3.0,TSI_noise,0.9997433423995972
electricity,pretrained,phase8,na,n0.02_m0.1_w3,0.02,0.1,3.0,TSI_mask,0.9996693730354309
electricity,pretrained,phase8,na,n0.02_m0.1_w3,0.02,0.1,3.0,TSI_warp,0.9881922602653503
electricity,pretrained,phase8,na,n0.02_m0.1_w3,0.02,0.1,3.0,GSP_noise,-0.0009542480111122131
electricity,pretrained,phase8,na,n0.02_m0.1_w3,0.02,0.1,3.0,GSP_mask,-0.0002620108425617218
electricity,pretrained,phase8,na,n0.02_m0.1_w3,0.02,0.1,3.0,GSP_warp,-0.0059196241199970245
electricity,pretrained,stl,p24_k4,n0.02_m0.1_w3,0.02,0.1,3.0,LCS_clean,0.0010033687576651573
electricity,pretrained,stl,p24_k4,n0.02_m0.1_w3,0.02,0.1,3.0,LCS_noise,0.004162681754678488
electricity,pretrained,stl,p24_k4,n0.02_m0.1_w3,0.02,0.1,3.0,LCS_mask,-0.000994178932160139
electricity,pretrained,stl,p24_k4,n0.02_m0.1_w3,0.02,0.1,3.0,LCS_warp,-0.00847826711833477
electricity,pretrained,stl,p24_k4,n0.02_m0.1_w3,0.02,0.1,3.0,TSI_noise,0.9997433423995972
electricity,pretrained,stl,p24_k4,n0.02_m0.1_w3,0.02,0.1,3.0,TSI_mask,0.9996693730354309
electricity,pretrained,stl,p24_k4,n0.02_m0.1_w3,0.02,0.1,3.0,TSI_warp,0.9881922602653503
electricity,pretrained,stl,p24_k4,n0.02_m0.1_w3,0.02,0.1,3.0,GSP_noise,-0.0031593129970133305
electricity,pretrained,stl,p24_k4,n0.02_m0.1_w3,0.02,0.1,3.0,GSP_mask,0.0019975476898252964
electricity,pretrained,stl,p24_k4,n0.02_m0.1_w3,0.02,0.1,3.0,GSP_warp,0.009481635875999928
electricity,pretrained,stl,p24_k8,n0.02_m0.1_w3,0.02,0.1,3.0,LCS_clean,-0.01524264644831419
electricity,pretrained,stl,p24_k8,n0.02_m0.1_w3,0.02,0.1,3.0,LCS_noise,-0.011815579608082771
electricity,pretrained,stl,p24_k8,n0.02_m0.1_w3,0.02,0.1,3.0,LCS_mask,-0.01467389240860939
electricity,pretrained,stl,p24_k8,n0.02_m0.1_w3,0.02,0.1,3.0,LCS_warp,-0.036083534359931946
electricity,pretrained,stl,p24_k8,n0.02_m0.1_w3,0.02,0.1,3.0,TSI_noise,0.9997433423995972
electricity,pretrained,stl,p24_k8,n0.02_m0.1_w3,0.02,0.1,3.0,TSI_mask,0.9996693730354309
electricity,pretrained,stl,p24_k8,n0.02_m0.1_w3,0.02,0.1,3.0,TSI_warp,0.9881922602653503
electricity,pretrained,stl,p24_k8,n0.02_m0.1_w3,0.02,0.1,3.0,GSP_noise,-0.0034270668402314186
electricity,pretrained,stl,p24_k8,n0.02_m0.1_w3,0.02,0.1,3.0,GSP_mask,-0.0005687540397047997
electricity,pretrained,stl,p24_k8,n0.02_m0.1_w3,0.02,0.1,3.0,GSP_warp,0.020840887911617756
electricity,pretrained,stl,p24_k12,n0.02_m0.1_w3,0.02,0.1,3.0,LCS_clean,-0.03769192844629288
electricity,pretrained,stl,p24_k12,n0.02_m0.1_w3,0.02,0.1,3.0,LCS_noise,-0.0351262167096138
electricity,pretrained,stl,p24_k12,n0.02_m0.1_w3,0.02,0.1,3.0,LCS_mask,-0.03567966818809509
electricity,pretrained,stl,p24_k12,n0.02_m0.1_w3,0.02,0.1,3.0,LCS_warp,-0.06825433671474457
electricity,pretrained,stl,p24_k12,n0.02_m0.1_w3,0.02,0.1,3.0,TSI_noise,0.9997433423995972
electricity,pretrained,stl,p24_k12,n0.02_m0.1_w3,0.02,0.1,3.0,TSI_mask,0.9996693730354309
electricity,pretrained,stl,p24_k12,n0.02_m0.1_w3,0.02,0.1,3.0,TSI_warp,0.9881922602653503
electricity,pretrained,stl,p24_k12,n0.02_m0.1_w3,0.02,0.1,3.0,GSP_noise,-0.002565711736679077
electricity,pretrained,stl,p24_k12,n0.02_m0.1_w3,0.02,0.1,3.0,GSP_mask,-0.0020122602581977844
electricity,pretrained,stl,p24_k12,n0.02_m0.1_w3,0.02,0.1,3.0,GSP_warp,0.03056240826845169
electricity,pretrained,stl,p48_k4,n0.02_m0.1_w3,0.02,0.1,3.0,LCS_clean,-0.02065553329885006
electricity,pretrained,stl,p48_k4,n0.02_m0.1_w3,0.02,0.1,3.0,LCS_noise,-0.017680233344435692
electricity,pretrained,stl,p48_k4,n0.02_m0.1_w3,0.02,0.1,3.0,LCS_mask,-0.02023572474718094
electricity,pretrained,stl,p48_k4,n0.02_m0.1_w3,0.02,0.1,3.0,LCS_warp,-0.019043803215026855
electricity,pretrained,stl,p48_k4,n0.02_m0.1_w3,0.02,0.1,3.0,TSI_noise,0.9997433423995972
electricity,pretrained,stl,p48_k4,n0.02_m0.1_w3,0.02,0.1,3.0,TSI_mask,0.9996693730354309
electricity,pretrained,stl,p48_k4,n0.02_m0.1_w3,0.02,0.1,3.0,TSI_warp,0.9881922602653503
electricity,pretrained,stl,p48_k4,n0.02_m0.1_w3,0.02,0.1,3.0,GSP_noise,-0.0029752999544143677
electricity,pretrained,stl,p48_k4,n0.02_m0.1_w3,0.02,0.1,3.0,GSP_mask,-0.0004198085516691208
electricity,pretrained,stl,p48_k4,n0.02_m0.1_w3,0.02,0.1,3.0,GSP_warp,-0.001611730083823204
electricity,pretrained,stl,p48_k8,n0.02_m0.1_w3,0.02,0.1,3.0,LCS_clean,-0.038437195122241974
electricity,pretrained,stl,p48_k8,n0.02_m0.1_w3,0.02,0.1,3.0,LCS_noise,-0.036997705698013306
electricity,pretrained,stl,p48_k8,n0.02_m0.1_w3,0.02,0.1,3.0,LCS_mask,-0.03688532114028931
electricity,pretrained,stl,p48_k8,n0.02_m0.1_w3,0.02,0.1,3.0,LCS_warp,-0.037044182419776917
electricity,pretrained,stl,p48_k8,n0.02_m0.1_w3,0.02,0.1,3.0,TSI_noise,0.9997433423995972
electricity,pretrained,stl,p48_k8,n0.02_m0.1_w3,0.02,0.1,3.0,TSI_mask,0.9996693730354309
electricity,pretrained,stl,p48_k8,n0.02_m0.1_w3,0.02,0.1,3.0,TSI_warp,0.9881922602653503
electricity,pretrained,stl,p48_k8,n0.02_m0.1_w3,0.02,0.1,3.0,GSP_noise,-0.0014394894242286682
electricity,pretrained,stl,p48_k8,n0.02_m0.1_w3,0.02,0.1,3.0,GSP_mask,-0.0015518739819526672
electricity,pretrained,stl,p48_k8,n0.02_m0.1_w3,0.02,0.1,3.0,GSP_warp,-0.0013930127024650574
electricity,pretrained,stl,p48_k12,n0.02_m0.1_w3,0.02,0.1,3.0,LCS_clean,-0.03637457638978958
electricity,pretrained,stl,p48_k12,n0.02_m0.1_w3,0.02,0.1,3.0,LCS_noise,-0.03821872919797897
electricity,pretrained,stl,p48_k12,n0.02_m0.1_w3,0.02,0.1,3.0,LCS_mask,-0.03697126358747482
electricity,pretrained,stl,p48_k12,n0.02_m0.1_w3,0.02,0.1,3.0,LCS_warp,-0.04745461046695709
electricity,pretrained,stl,p48_k12,n0.02_m0.1_w3,0.02,0.1,3.0,TSI_noise,0.9997433423995972
electricity,pretrained,stl,p48_k12,n0.02_m0.1_w3,0.02,0.1,3.0,TSI_mask,0.9996693730354309
electricity,pretrained,stl,p48_k12,n0.02_m0.1_w3,0.02,0.1,3.0,TSI_warp,0.9881922602653503
electricity,pretrained,stl,p48_k12,n0.02_m0.1_w3,0.02,0.1,3.0,GSP_noise,0.001844152808189392
electricity,pretrained,stl,p48_k12,n0.02_m0.1_w3,0.02,0.1,3.0,GSP_mask,0.0005966871976852417
electricity,pretrained,stl,p48_k12,n0.02_m0.1_w3,0.02,0.1,3.0,GSP_warp,0.011080034077167511
electricity,pretrained,stl,p96_k4,n0.02_m0.1_w3,0.02,0.1,3.0,LCS_clean,-0.024937734007835388
electricity,pretrained,stl,p96_k4,n0.02_m0.1_w3,0.02,0.1,3.0,LCS_noise,-0.02430138736963272
electricity,pretrained,stl,p96_k4,n0.02_m0.1_w3,0.02,0.1,3.0,LCS_mask,-0.022973868995904922
electricity,pretrained,stl,p96_k4,n0.02_m0.1_w3,0.02,0.1,3.0,LCS_warp,-0.027523227035999298
electricity,pretrained,stl,p96_k4,n0.02_m0.1_w3,0.02,0.1,3.0,TSI_noise,0.9997433423995972
electricity,pretrained,stl,p96_k4,n0.02_m0.1_w3,0.02,0.1,3.0,TSI_mask,0.9996693730354309
electricity,pretrained,stl,p96_k4,n0.02_m0.1_w3,0.02,0.1,3.0,TSI_warp,0.9881922602653503
electricity,pretrained,stl,p96_k4,n0.02_m0.1_w3,0.02,0.1,3.0,GSP_noise,-0.0006363466382026672
electricity,pretrained,stl,p96_k4,n0.02_m0.1_w3,0.02,0.1,3.0,GSP_mask,-0.0019638650119304657
electricity,pretrained,stl,p96_k4,n0.02_m0.1_w3,0.02,0.1,3.0,GSP_warp,0.00258549302816391
electricity,pretrained,stl,p96_k8,n0.02_m0.1_w3,0.02,0.1,3.0,LCS_clean,-0.05526850000023842
electricity,pretrained,stl,p96_k8,n0.02_m0.1_w3,0.02,0.1,3.0,LCS_noise,-0.05323111638426781
electricity,pretrained,stl,p96_k8,n0.02_m0.1_w3,0.02,0.1,3.0,LCS_mask,-0.05590267851948738
electricity,pretrained,stl,p96_k8,n0.02_m0.1_w3,0.02,0.1,3.0,LCS_warp,-0.06018723547458649
electricity,pretrained,stl,p96_k8,n0.02_m0.1_w3,0.02,0.1,3.0,TSI_noise,0.9997433423995972
electricity,pretrained,stl,p96_k8,n0.02_m0.1_w3,0.02,0.1,3.0,TSI_mask,0.9996693730354309
electricity,pretrained,stl,p96_k8,n0.02_m0.1_w3,0.02,0.1,3.0,TSI_warp,0.9881922602653503
electricity,pretrained,stl,p96_k8,n0.02_m0.1_w3,0.02,0.1,3.0,GSP_noise,-0.0020373836159706116
electricity,pretrained,stl,p96_k8,n0.02_m0.1_w3,0.02,0.1,3.0,GSP_mask,0.0006341785192489624
electricity,pretrained,stl,p96_k8,n0.02_m0.1_w3,0.02,0.1,3.0,GSP_warp,0.004918735474348068
electricity,pretrained,stl,p96_k12,n0.02_m0.1_w3,0.02,0.1,3.0,LCS_clean,-0.059412844479084015
electricity,pretrained,stl,p96_k12,n0.02_m0.1_w3,0.02,0.1,3.0,LCS_noise,-0.0634411871433258
electricity,pretrained,stl,p96_k12,n0.02_m0.1_w3,0.02,0.1,3.0,LCS_mask,-0.06000714749097824
electricity,pretrained,stl,p96_k12,n0.02_m0.1_w3,0.02,0.1,3.0,LCS_warp,-0.11156298965215683
electricity,pretrained,stl,p96_k12,n0.02_m0.1_w3,0.02,0.1,3.0,TSI_noise,0.9997433423995972
electricity,pretrained,stl,p96_k12,n0.02_m0.1_w3,0.02,0.1,3.0,TSI_mask,0.9996693730354309
electricity,pretrained,stl,p96_k12,n0.02_m0.1_w3,0.02,0.1,3.0,TSI_warp,0.9881922602653503
electricity,pretrained,stl,p96_k12,n0.02_m0.1_w3,0.02,0.1,3.0,GSP_noise,0.004028342664241791
electricity,pretrained,stl,p96_k12,n0.02_m0.1_w3,0.02,0.1,3.0,GSP_mask,0.0005943030118942261
electricity,pretrained,stl,p96_k12,n0.02_m0.1_w3,0.02,0.1,3.0,GSP_warp,0.052150145173072815
electricity,pretrained,phase8,na,n0.05_m0.03_w1.5,0.05,0.03,1.5,LCS_clean,-0.03533760830760002
electricity,pretrained,phase8,na,n0.05_m0.03_w1.5,0.05,0.03,1.5,LCS_noise,-0.03467843681573868
electricity,pretrained,phase8,na,n0.05_m0.03_w1.5,0.05,0.03,1.5,LCS_mask,-0.0338345505297184
electricity,pretrained,phase8,na,n0.05_m0.03_w1.5,0.05,0.03,1.5,LCS_warp,-0.03470844775438309
electricity,pretrained,phase8,na,n0.05_m0.03_w1.5,0.05,0.03,1.5,TSI_noise,0.9989238381385803
electricity,pretrained,phase8,na,n0.05_m0.03_w1.5,0.05,0.03,1.5,TSI_mask,0.9999070763587952
electricity,pretrained,phase8,na,n0.05_m0.03_w1.5,0.05,0.03,1.5,TSI_warp,0.991984486579895
electricity,pretrained,phase8,na,n0.05_m0.03_w1.5,0.05,0.03,1.5,GSP_noise,-0.0006591714918613434
electricity,pretrained,phase8,na,n0.05_m0.03_w1.5,0.05,0.03,1.5,GSP_mask,-0.0015030577778816223
electricity,pretrained,phase8,na,n0.05_m0.03_w1.5,0.05,0.03,1.5,GSP_warp,-0.0006291605532169342
electricity,pretrained,stl,p24_k4,n0.05_m0.03_w1.5,0.05,0.03,1.5,LCS_clean,0.0010033687576651573
electricity,pretrained,stl,p24_k4,n0.05_m0.03_w1.5,0.05,0.03,1.5,LCS_noise,0.007040031719952822
electricity,pretrained,stl,p24_k4,n0.05_m0.03_w1.5,0.05,0.03,1.5,LCS_mask,0.0018140850588679314
electricity,pretrained,stl,p24_k4,n0.05_m0.03_w1.5,0.05,0.03,1.5,LCS_warp,-0.004545754753053188
electricity,pretrained,stl,p24_k4,n0.05_m0.03_w1.5,0.05,0.03,1.5,TSI_noise,0.9989238381385803
electricity,pretrained,stl,p24_k4,n0.05_m0.03_w1.5,0.05,0.03,1.5,TSI_mask,0.9999070763587952
electricity,pretrained,stl,p24_k4,n0.05_m0.03_w1.5,0.05,0.03,1.5,TSI_warp,0.991984486579895
electricity,pretrained,stl,p24_k4,n0.05_m0.03_w1.5,0.05,0.03,1.5,GSP_noise,-0.006036662962287664
electricity,pretrained,stl,p24_k4,n0.05_m0.03_w1.5,0.05,0.03,1.5,GSP_mask,-0.000810716301202774
electricity,pretrained,stl,p24_k4,n0.05_m0.03_w1.5,0.05,0.03,1.5,GSP_warp,0.005549123510718346
electricity,pretrained,stl,p24_k8,n0.05_m0.03_w1.5,0.05,0.03,1.5,LCS_clean,-0.01524264644831419
electricity,pretrained,stl,p24_k8,n0.05_m0.03_w1.5,0.05,0.03,1.5,LCS_noise,-0.009718913584947586
electricity,pretrained,stl,p24_k8,n0.05_m0.03_w1.5,0.05,0.03,1.5,LCS_mask,-0.015055853873491287
electricity,pretrained,stl,p24_k8,n0.05_m0.03_w1.5,0.05,0.03,1.5,LCS_warp,-0.01778220385313034
electricity,pretrained,stl,p24_k8,n0.05_m0.03_w1.5,0.05,0.03,1.5,TSI_noise,0.9989238381385803
electricity,pretrained,stl,p24_k8,n0.05_m0.03_w1.5,0.05,0.03,1.5,TSI_mask,0.9999070763587952
electricity,pretrained,stl,p24_k8,n0.05_m0.03_w1.5,0.05,0.03,1.5,TSI_warp,0.991984486579895
electricity,pretrained,stl,p24_k8,n0.05_m0.03_w1.5,0.05,0.03,1.5,GSP_noise,-0.005523732863366604
electricity,pretrained,stl,p24_k8,n0.05_m0.03_w1.5,0.05,0.03,1.5,GSP_mask,-0.00018679257482290268
electricity,pretrained,stl,p24_k8,n0.05_m0.03_w1.5,0.05,0.03,1.5,GSP_warp,0.0025395574048161507
electricity,pretrained,stl,p24_k12,n0.05_m0.03_w1.5,0.05,0.03,1.5,LCS_clean,-0.03769192844629288
electricity,pretrained,stl,p24_k12,n0.05_m0.03_w1.5,0.05,0.03,1.5,LCS_noise,-0.03794269263744354
electricity,pretrained,stl,p24_k12,n0.05_m0.03_w1.5,0.05,0.03,1.5,LCS_mask,-0.037395160645246506
electricity,pretrained,stl,p24_k12,n0.05_m0.03_w1.5,0.05,0.03,1.5,LCS_warp,-0.04847079515457153
electricity,pretrained,stl,p24_k12,n0.05_m0.03_w1.5,0.05,0.03,1.5,TSI_noise,0.9989238381385803
electricity,pretrained,stl,p24_k12,n0.05_m0.03_w1.5,0.05,0.03,1.5,TSI_mask,0.9999070763587952
electricity,pretrained,stl,p24_k12,n0.05_m0.03_w1.5,0.05,0.03,1.5,TSI_warp,0.991984486579895
electricity,pretrained,stl,p24_k12,n0.05_m0.03_w1.5,0.05,0.03,1.5,GSP_noise,0.0002507641911506653
electricity,pretrained,stl,p24_k12,n0.05_m0.03_w1.5,0.05,0.03,1.5,GSP_mask,-0.00029676780104637146
electricity,pretrained,stl,p24_k12,n0.05_m0.03_w1.5,0.05,0.03,1.5,GSP_warp,0.010778866708278656
electricity,pretrained,stl,p48_k4,n0.05_m0.03_w1.5,0.05,0.03,1.5,LCS_clean,-0.02065553329885006
electricity,pretrained,stl,p48_k4,n0.05_m0.03_w1.5,0.05,0.03,1.5,LCS_noise,-0.015310143120586872
electricity,pretrained,stl,p48_k4,n0.05_m0.03_w1.5,0.05,0.03,1.5,LCS_mask,-0.020447196438908577
electricity,pretrained,stl,p48_k4,n0.05_m0.03_w1.5,0.05,0.03,1.5,LCS_warp,-0.016931423917412758
electricity,pretrained,stl,p48_k4,n0.05_m0.03_w1.5,0.05,0.03,1.5,TSI_noise,0.9989238381385803
electricity,pretrained,stl,p48_k4,n0.05_m0.03_w1.5,0.05,0.03,1.5,TSI_mask,0.9999070763587952
electricity,pretrained,stl,p48_k4,n0.05_m0.03_w1.5,0.05,0.03,1.5,TSI_warp,0.991984486579895
electricity,pretrained,stl,p48_k4,n0.05_m0.03_w1.5,0.05,0.03,1.5,GSP_noise,-0.005345390178263187
electricity,pretrained,stl,p48_k4,n0.05_m0.03_w1.5,0.05,0.03,1.5,GSP_mask,-0.00020833685994148254
electricity,pretrained,stl,p48_k4,n0.05_m0.03_w1.5,0.05,0.03,1.5,GSP_warp,-0.0037241093814373016
electricity,pretrained,stl,p48_k8,n0.05_m0.03_w1.5,0.05,0.03,1.5,LCS_clean,-0.038437195122241974
electricity,pretrained,stl,p48_k8,n0.05_m0.03_w1.5,0.05,0.03,1.5,LCS_noise,-0.023076407611370087
electricity,pretrained,stl,p48_k8,n0.05_m0.03_w1.5,0.05,0.03,1.5,LCS_mask,-0.038814809173345566
electricity,pretrained,stl,p48_k8,n0.05_m0.03_w1.5,0.05,0.03,1.5,LCS_warp,-0.03661767393350601
electricity,pretrained,stl,p48_k8,n0.05_m0.03_w1.5,0.05,0.03,1.5,TSI_noise,0.9989238381385803
electricity,pretrained,stl,p48_k8,n0.05_m0.03_w1.5,0.05,0.03,1.5,TSI_mask,0.9999070763587952
electricity,pretrained,stl,p48_k8,n0.05_m0.03_w1.5,0.05,0.03,1.5,TSI_warp,0.991984486579895
electricity,pretrained,stl,p48_k8,n0.05_m0.03_w1.5,0.05,0.03,1.5,GSP_noise,-0.015360787510871887
electricity,pretrained,stl,p48_k8,n0.05_m0.03_w1.5,0.05,0.03,1.5,GSP_mask,0.0003776140511035919
electricity,pretrained,stl,p48_k8,n0.05_m0.03_w1.5,0.05,0.03,1.5,GSP_warp,-0.001819521188735962
electricity,pretrained,stl,p48_k12,n0.05_m0.03_w1.5,0.05,0.03,1.5,LCS_clean,-0.03637457638978958
electricity,pretrained,stl,p48_k12,n0.05_m0.03_w1.5,0.05,0.03,1.5,LCS_noise,-0.030841056257486343
electricity,pretrained,stl,p48_k12,n0.05_m0.03_w1.5,0.05,0.03,1.5,LCS_mask,-0.03647313266992569
electricity,pretrained,stl,p48_k12,n0.05_m0.03_w1.5,0.05,0.03,1.5,LCS_warp,-0.041892290115356445
electricity,pretrained,stl,p48_k12,n0.05_m0.03_w1.5,0.05,0.03,1.5,TSI_noise,0.9989238381385803
electricity,pretrained,stl,p48_k12,n0.05_m0.03_w1.5,0.05,0.03,1.5,TSI_mask,0.9999070763587952
electricity,pretrained,stl,p48_k12,n0.05_m0.03_w1.5,0.05,0.03,1.5,TSI_warp,0.991984486579895
electricity,pretrained,stl,p48_k12,n0.05_m0.03_w1.5,0.05,0.03,1.5,GSP_noise,-0.005533520132303238
electricity,pretrained,stl,p48_k12,n0.05_m0.03_w1.5,0.05,0.03,1.5,GSP_mask,9.85562801361084e-05
electricity,pretrained,stl,p48_k12,n0.05_m0.03_w1.5,0.05,0.03,1.5,GSP_warp,0.005517713725566864
electricity,pretrained,stl,p96_k4,n0.05_m0.03_w1.5,0.05,0.03,1.5,LCS_clean,-0.024937734007835388
electricity,pretrained,stl,p96_k4,n0.05_m0.03_w1.5,0.05,0.03,1.5,LCS_noise,-0.020267274230718613
electricity,pretrained,stl,p96_k4,n0.05_m0.03_w1.5,0.05,0.03,1.5,LCS_mask,-0.026209568604826927
electricity,pretrained,stl,p96_k4,n0.05_m0.03_w1.5,0.05,0.03,1.5,LCS_warp,-0.029752256348729134
electricity,pretrained,stl,p96_k4,n0.05_m0.03_w1.5,0.05,0.03,1.5,TSI_noise,0.9989238381385803
electricity,pretrained,stl,p96_k4,n0.05_m0.03_w1.5,0.05,0.03,1.5,TSI_mask,0.9999070763587952
electricity,pretrained,stl,p96_k4,n0.05_m0.03_w1.5,0.05,0.03,1.5,TSI_warp,0.991984486579895
electricity,pretrained,stl,p96_k4,n0.05_m0.03_w1.5,0.05,0.03,1.5,GSP_noise,-0.0046704597771167755
electricity,pretrained,stl,p96_k4,n0.05_m0.03_w1.5,0.05,0.03,1.5,GSP_mask,0.001271834596991539
electricity,pretrained,stl,p96_k4,n0.05_m0.03_w1.5,0.05,0.03,1.5,GSP_warp,0.004814522340893745
electricity,pretrained,stl,p96_k8,n0.05_m0.03_w1.5,0.05,0.03,1.5,LCS_clean,-0.05526850000023842
electricity,pretrained,stl,p96_k8,n0.05_m0.03_w1.5,0.05,0.03,1.5,LCS_noise,-0.043035201728343964
electricity,pretrained,stl,p96_k8,n0.05_m0.03_w1.5,0.05,0.03,1.5,LCS_mask,-0.05446746200323105
electricity,pretrained,stl,p96_k8,n0.05_m0.03_w1.5,0.05,0.03,1.5,LCS_warp,-0.053796619176864624
electricity,pretrained,stl,p96_k8,n0.05_m0.03_w1.5,0.05,0.03,1.5,TSI_noise,0.9989238381385803
electricity,pretrained,stl,p96_k8,n0.05_m0.03_w1.5,0.05,0.03,1.5,TSI_mask,0.9999070763587952
electricity,pretrained,stl,p96_k8,n0.05_m0.03_w1.5,0.05,0.03,1.5,TSI_warp,0.991984486579895
electricity,pretrained,stl,p96_k8,n0.05_m0.03_w1.5,0.05,0.03,1.5,GSP_noise,-0.012233298271894455
electricity,pretrained,stl,p96_k8,n0.05_m0.03_w1.5,0.05,0.03,1.5,GSP_mask,-0.00080103799700737
electricity,pretrained,stl,p96_k8,n0.05_m0.03_w1.5,0.05,0.03,1.5,GSP_warp,-0.0014718808233737946
electricity,pretrained,stl,p96_k12,n0.05_m0.03_w1.5,0.05,0.03,1.5,LCS_clean,-0.059412844479084015
electricity,pretrained,stl,p96_k12,n0.05_m0.03_w1.5,0.05,0.03,1.5,LCS_noise,-0.058516502380371094
electricity,pretrained,stl,p96_k12,n0.05_m0.03_w1.5,0.05,0.03,1.5,LCS_mask,-0.06026342883706093
electricity,pretrained,stl,p96_k12,n0.05_m0.03_w1.5,0.05,0.03,1.5,LCS_warp,-0.06945528090000153
electricity,pretrained,stl,p96_k12,n0.05_m0.03_w1.5,0.05,0.03,1.5,TSI_noise,0.9989238381385803
electricity,pretrained,stl,p96_k12,n0.05_m0.03_w1.5,0.05,0.03,1.5,TSI_mask,0.9999070763587952
electricity,pretrained,stl,p96_k12,n0.05_m0.03_w1.5,0.05,0.03,1.5,TSI_warp,0.991984486579895
electricity,pretrained,stl,p96_k12,n0.05_m0.03_w1.5,0.05,0.03,1.5,GSP_noise,-0.0008963420987129211
electricity,pretrained,stl,p96_k12,n0.05_m0.03_w1.5,0.05,0.03,1.5,GSP_mask,0.0008505843579769135
electricity,pretrained,stl,p96_k12,n0.05_m0.03_w1.5,0.05,0.03,1.5,GSP_warp,0.010042436420917511
electricity,pretrained,phase8,na,n0.05_m0.03_w2,0.05,0.03,2.0,LCS_clean,-0.03533760830760002
electricity,pretrained,phase8,na,n0.05_m0.03_w2,0.05,0.03,2.0,LCS_noise,-0.03574514761567116
electricity,pretrained,phase8,na,n0.05_m0.03_w2,0.05,0.03,2.0,LCS_mask,-0.036324962973594666
electricity,pretrained,phase8,na,n0.05_m0.03_w2,0.05,0.03,2.0,LCS_warp,-0.036527976393699646
electricity,pretrained,phase8,na,n0.05_m0.03_w2,0.05,0.03,2.0,TSI_noise,0.9989603161811829
electricity,pretrained,phase8,na,n0.05_m0.03_w2,0.05,0.03,2.0,TSI_mask,0.9999121427536011
electricity,pretrained,phase8,na,n0.05_m0.03_w2,0.05,0.03,2.0,TSI_warp,0.9894614219665527
electricity,pretrained,phase8,na,n0.05_m0.03_w2,0.05,0.03,2.0,GSP_noise,0.0004075393080711365
electricity,pretrained,phase8,na,n0.05_m0.03_w2,0.05,0.03,2.0,GSP_mask,0.0009873546659946442
electricity,pretrained,phase8,na,n0.05_m0.03_w2,0.05,0.03,2.0,GSP_warp,0.0011903680860996246
electricity,pretrained,stl,p24_k4,n0.05_m0.03_w2,0.05,0.03,2.0,LCS_clean,0.0010033687576651573
electricity,pretrained,stl,p24_k4,n0.05_m0.03_w2,0.05,0.03,2.0,LCS_noise,0.005990855395793915
electricity,pretrained,stl,p24_k4,n0.05_m0.03_w2,0.05,0.03,2.0,LCS_mask,0.00046359188854694366
electricity,pretrained,stl,p24_k4,n0.05_m0.03_w2,0.05,0.03,2.0,LCS_warp,-0.00396143551915884
electricity,pretrained,stl,p24_k4,n0.05_m0.03_w2,0.05,0.03,2.0,TSI_noise,0.9989603161811829
electricity,pretrained,stl,p24_k4,n0.05_m0.03_w2,0.05,0.03,2.0,TSI_mask,0.9999121427536011
electricity,pretrained,stl,p24_k4,n0.05_m0.03_w2,0.05,0.03,2.0,TSI_warp,0.9894614219665527
electricity,pretrained,stl,p24_k4,n0.05_m0.03_w2,0.05,0.03,2.0,GSP_noise,-0.0049874866381287575
electricity,pretrained,stl,p24_k4,n0.05_m0.03_w2,0.05,0.03,2.0,GSP_mask,0.0005397768691182137
electricity,pretrained,stl,p24_k4,n0.05_m0.03_w2,0.05,0.03,2.0,GSP_warp,0.0049648042768239975
electricity,pretrained,stl,p24_k8,n0.05_m0.03_w2,0.05,0.03,2.0,LCS_clean,-0.01524264644831419
electricity,pretrained,stl,p24_k8,n0.05_m0.03_w2,0.05,0.03,2.0,LCS_noise,-0.009177898988127708
electricity,pretrained,stl,p24_k8,n0.05_m0.03_w2,0.05,0.03,2.0,LCS_mask,-0.01509226206690073
electricity,pretrained,stl,p24_k8,n0.05_m0.03_w2,0.05,0.03,2.0,LCS_warp,-0.022989168763160706
electricity,pretrained,stl,p24_k8,n0.05_m0.03_w2,0.05,0.03,2.0,TSI_noise,0.9989603161811829
electricity,pretrained,stl,p24_k8,n0.05_m0.03_w2,0.05,0.03,2.0,TSI_mask,0.9999121427536011
electricity,pretrained,stl,p24_k8,n0.05_m0.03_w2,0.05,0.03,2.0,TSI_warp,0.9894614219665527
electricity,pretrained,stl,p24_k8,n0.05_m0.03_w2,0.05,0.03,2.0,GSP_noise,-0.0060647474601864815
electricity,pretrained,stl,p24_k8,n0.05_m0.03_w2,0.05,0.03,2.0,GSP_mask,-0.00015038438141345978
electricity,pretrained,stl,p24_k8,n0.05_m0.03_w2,0.05,0.03,2.0,GSP_warp,0.007746522314846516
electricity,pretrained,stl,p24_k12,n0.05_m0.03_w2,0.05,0.03,2.0,LCS_clean,-0.03769192844629288
electricity,pretrained,stl,p24_k12,n0.05_m0.03_w2,0.05,0.03,2.0,LCS_noise,-0.03217592090368271
electricity,pretrained,stl,p24_k12,n0.05_m0.03_w2,0.05,0.03,2.0,LCS_mask,-0.0386553592979908
electricity,pretrained,stl,p24_k12,n0.05_m0.03_w2,0.05,0.03,2.0,LCS_warp,-0.052568789571523666
electricity,pretrained,stl,p24_k12,n0.05_m0.03_w2,0.05,0.03,2.0,TSI_noise,0.9989603161811829
electricity,pretrained,stl,p24_k12,n0.05_m0.03_w2,0.05,0.03,2.0,TSI_mask,0.9999121427536011
electricity,pretrained,stl,p24_k12,n0.05_m0.03_w2,0.05,0.03,2.0,TSI_warp,0.9894614219665527
electricity,pretrained,stl,p24_k12,n0.05_m0.03_w2,0.05,0.03,2.0,GSP_noise,-0.0055160075426101685
electricity,pretrained,stl,p24_k12,n0.05_m0.03_w2,0.05,0.03,2.0,GSP_mask,0.0009634308516979218
electricity,pretrained,stl,p24_k12,n0.05_m0.03_w2,0.05,0.03,2.0,GSP_warp,0.01487686112523079
electricity,pretrained,stl,p48_k4,n0.05_m0.03_w2,0.05,0.03,2.0,LCS_clean,-0.02065553329885006
electricity,pretrained,stl,p48_k4,n0.05_m0.03_w2,0.05,0.03,2.0,LCS_noise,-0.01807793602347374
electricity,pretrained,stl,p48_k4,n0.05_m0.03_w2,0.05,0.03,2.0,LCS_mask,-0.020110158249735832
electricity,pretrained,stl,p48_k4,n0.05_m0.03_w2,0.05,0.03,2.0,LCS_warp,-0.013660231605172157
electricity,pretrained,stl,p48_k4,n0.05_m0.03_w2,0.05,0.03,2.0,TSI_noise,0.9989603161811829
electricity,pretrained,stl,p48_k4,n0.05_m0.03_w2,0.05,0.03,2.0,TSI_mask,0.9999121427536011
electricity,pretrained,stl,p48_k4,n0.05_m0.03_w2,0.05,0.03,2.0,TSI_warp,0.9894614219665527
electricity,pretrained,stl,p48_k4,n0.05_m0.03_w2,0.05,0.03,2.0,GSP_noise,-0.00257759727537632
electricity,pretrained,stl,p48_k4,n0.05_m0.03_w2,0.05,0.03,2.0,GSP_mask,-0.0005453750491142273
electricity,pretrained,stl,p48_k4,n0.05_m0.03_w2,0.05,0.03,2.0,GSP_warp,-0.006995301693677902
electricity,pretrained,stl,p48_k8,n0.05_m0.03_w2,0.05,0.03,2.0,LCS_clean,-0.038437195122241974
electricity,pretrained,stl,p48_k8,n0.05_m0.03_w2,0.05,0.03,2.0,LCS_noise,-0.02650790847837925
electricity,pretrained,stl,p48_k8,n0.05_m0.03_w2,0.05,0.03,2.0,LCS_mask,-0.03907395899295807
electricity,pretrained,stl,p48_k8,n0.05_m0.03_w2,0.05,0.03,2.0,LCS_warp,-0.038664136081933975
electricity,pretrained,stl,p48_k8,n0.05_m0.03_w2,0.05,0.03,2.0,TSI_noise,0.9989603161811829
electricity,pretrained,stl,p48_k8,n0.05_m0.03_w2,0.05,0.03,2.0,TSI_mask,0.9999121427536011
electricity,pretrained,stl,p48_k8,n0.05_m0.03_w2,0.05,0.03,2.0,TSI_warp,0.9894614219665527
electricity,pretrained,stl,p48_k8,n0.05_m0.03_w2,0.05,0.03,2.0,GSP_noise,-0.011929286643862724
electricity,pretrained,stl,p48_k8,n0.05_m0.03_w2,0.05,0.03,2.0,GSP_mask,0.000636763870716095
electricity,pretrained,stl,p48_k8,n0.05_m0.03_w2,0.05,0.03,2.0,GSP_warp,0.00022694095969200134
electricity,pretrained,stl,p48_k12,n0.05_m0.03_w2,0.05,0.03,2.0,LCS_clean,-0.03637457638978958
electricity,pretrained,stl,p48_k12,n0.05_m0.03_w2,0.05,0.03,2.0,LCS_noise,-0.032384663820266724
electricity,pretrained,stl,p48_k12,n0.05_m0.03_w2,0.05,0.03,2.0,LCS_mask,-0.036337338387966156
electricity,pretrained,stl,p48_k12,n0.05_m0.03_w2,0.05,0.03,2.0,LCS_warp,-0.04235052689909935
electricity,pretrained,stl,p48_k12,n0.05_m0.03_w2,0.05,0.03,2.0,TSI_noise,0.9989603161811829
electricity,pretrained,stl,p48_k12,n0.05_m0.03_w2,0.05,0.03,2.0,TSI_mask,0.9999121427536011
electricity,pretrained,stl,p48_k12,n0.05_m0.03_w2,0.05,0.03,2.0,TSI_warp,0.9894614219665527
electricity,pretrained,stl,p48_k12,n0.05_m0.03_w2,0.05,0.03,2.0,GSP_noise,-0.003989912569522858
electricity,pretrained,stl,p48_k12,n0.05_m0.03_w2,0.05,0.03,2.0,GSP_mask,-3.723800182342529e-05
electricity,pretrained,stl,p48_k12,n0.05_m0.03_w2,0.05,0.03,2.0,GSP_warp,0.005975950509309769
electricity,pretrained,stl,p96_k4,n0.05_m0.03_w2,0.05,0.03,2.0,LCS_clean,-0.024937734007835388
electricity,pretrained,stl,p96_k4,n0.05_m0.03_w2,0.05,0.03,2.0,LCS_noise,-0.02046126127243042
electricity,pretrained,stl,p96_k4,n0.05_m0.03_w2,0.05,0.03,2.0,LCS_mask,-0.025114506483078003
electricity,pretrained,stl,p96_k4,n0.05_m0.03_w2,0.05,0.03,2.0,LCS_warp,-0.028262685984373093
electricity,pretrained,stl,p96_k4,n0.05_m0.03_w2,0.05,0.03,2.0,TSI_noise,0.9989603161811829
electricity,pretrained,stl,p96_k4,n0.05_m0.03_w2,0.05,0.03,2.0,TSI_mask,0.9999121427536011
electricity,pretrained,stl,p96_k4,n0.05_m0.03_w2,0.05,0.03,2.0,TSI_warp,0.9894614219665527
electricity,pretrained,stl,p96_k4,n0.05_m0.03_w2,0.05,0.03,2.0,GSP_noise,-0.004476472735404968
electricity,pretrained,stl,p96_k4,n0.05_m0.03_w2,0.05,0.03,2.0,GSP_mask,0.00017677247524261475
electricity,pretrained,stl,p96_k4,n0.05_m0.03_w2,0.05,0.03,2.0,GSP_warp,0.0033249519765377045
electricity,pretrained,stl,p96_k8,n0.05_m0.03_w2,0.05,0.03,2.0,LCS_clean,-0.05526850000023842
electricity,pretrained,stl,p96_k8,n0.05_m0.03_w2,0.05,0.03,2.0,LCS_noise,-0.04954087361693382
electricity,pretrained,stl,p96_k8,n0.05_m0.03_w2,0.05,0.03,2.0,LCS_mask,-0.05920257046818733
electricity,pretrained,stl,p96_k8,n0.05_m0.03_w2,0.05,0.03,2.0,LCS_warp,-0.05175261199474335
electricity,pretrained,stl,p96_k8,n0.05_m0.03_w2,0.05,0.03,2.0,TSI_noise,0.9989603161811829
electricity,pretrained,stl,p96_k8,n0.05_m0.03_w2,0.05,0.03,2.0,TSI_mask,0.9999121427536011
electricity,pretrained,stl,p96_k8,n0.05_m0.03_w2,0.05,0.03,2.0,TSI_warp,0.9894614219665527
electricity,pretrained,stl,p96_k8,n0.05_m0.03_w2,0.05,0.03,2.0,GSP_noise,-0.005727626383304596
electricity,pretrained,stl,p96_k8,n0.05_m0.03_w2,0.05,0.03,2.0,GSP_mask,0.003934070467948914
electricity,pretrained,stl,p96_k8,n0.05_m0.03_w2,0.05,0.03,2.0,GSP_warp,-0.0035158880054950714
electricity,pretrained,stl,p96_k12,n0.05_m0.03_w2,0.05,0.03,2.0,LCS_clean,-0.059412844479084015
electricity,pretrained,stl,p96_k12,n0.05_m0.03_w2,0.05,0.03,2.0,LCS_noise,-0.06764689087867737
electricity,pretrained,stl,p96_k12,n0.05_m0.03_w2,0.05,0.03,2.0,LCS_mask,-0.06051779165863991
electricity,pretrained,stl,p96_k12,n0.05_m0.03_w2,0.05,0.03,2.0,LCS_warp,-0.07874900102615356
electricity,pretrained,stl,p96_k12,n0.05_m0.03_w2,0.05,0.03,2.0,TSI_noise,0.9989603161811829
electricity,pretrained,stl,p96_k12,n0.05_m0.03_w2,0.05,0.03,2.0,TSI_mask,0.9999121427536011
electricity,pretrained,stl,p96_k12,n0.05_m0.03_w2,0.05,0.03,2.0,TSI_warp,0.9894614219665527
electricity,pretrained,stl,p96_k12,n0.05_m0.03_w2,0.05,0.03,2.0,GSP_noise,0.008234046399593353
electricity,pretrained,stl,p96_k12,n0.05_m0.03_w2,0.05,0.03,2.0,GSP_mask,0.001104947179555893
electricity,pretrained,stl,p96_k12,n0.05_m0.03_w2,0.05,0.03,2.0,GSP_warp,0.01933615654706955
electricity,pretrained,phase8,na,n0.05_m0.03_w3,0.05,0.03,3.0,LCS_clean,-0.03533760830760002
electricity,pretrained,phase8,na,n0.05_m0.03_w3,0.05,0.03,3.0,LCS_noise,-0.032191064208745956
electricity,pretrained,phase8,na,n0.05_m0.03_w3,0.05,0.03,3.0,LCS_mask,-0.036586031317710876
electricity,pretrained,phase8,na,n0.05_m0.03_w3,0.05,0.03,3.0,LCS_warp,-0.0389319509267807
electricity,pretrained,phase8,na,n0.05_m0.03_w3,0.05,0.03,3.0,TSI_noise,0.9988971948623657
electricity,pretrained,phase8,na,n0.05_m0.03_w3,0.05,0.03,3.0,TSI_mask,0.999910295009613
electricity,pretrained,phase8,na,n0.05_m0.03_w3,0.05,0.03,3.0,TSI_warp,0.988118588924408
electricity,pretrained,phase8,na,n0.05_m0.03_w3,0.05,0.03,3.0,GSP_noise,-0.003146544098854065
electricity,pretrained,phase8,na,n0.05_m0.03_w3,0.05,0.03,3.0,GSP_mask,0.001248423010110855
electricity,pretrained,phase8,na,n0.05_m0.03_w3,0.05,0.03,3.0,GSP_warp,0.0035943426191806793
electricity,pretrained,stl,p24_k4,n0.05_m0.03_w3,0.05,0.03,3.0,LCS_clean,0.0010033687576651573
electricity,pretrained,stl,p24_k4,n0.05_m0.03_w3,0.05,0.03,3.0,LCS_noise,0.003640315029770136
electricity,pretrained,stl,p24_k4,n0.05_m0.03_w3,0.05,0.03,3.0,LCS_mask,0.001522446284070611
electricity,pretrained,stl,p24_k4,n0.05_m0.03_w3,0.05,0.03,3.0,LCS_warp,-0.009433597326278687
electricity,pretrained,stl,p24_k4,n0.05_m0.03_w3,0.05,0.03,3.0,TSI_noise,0.9988971948623657
electricity,pretrained,stl,p24_k4,n0.05_m0.03_w3,0.05,0.03,3.0,TSI_mask,0.999910295009613
electricity,pretrained,stl,p24_k4,n0.05_m0.03_w3,0.05,0.03,3.0,TSI_warp,0.988118588924408
electricity,pretrained,stl,p24_k4,n0.05_m0.03_w3,0.05,0.03,3.0,GSP_noise,-0.0026369462721049786
electricity,pretrained,stl,p24_k4,n0.05_m0.03_w3,0.05,0.03,3.0,GSP_mask,-0.0005190775264054537
electricity,pretrained,stl,p24_k4,n0.05_m0.03_w3,0.05,0.03,3.0,GSP_warp,0.010436966083943844
electricity,pretrained,stl,p24_k8,n0.05_m0.03_w3,0.05,0.03,3.0,LCS_clean,-0.01524264644831419
electricity,pretrained,stl,p24_k8,n0.05_m0.03_w3,0.05,0.03,3.0,LCS_noise,-0.012684118002653122
electricity,pretrained,stl,p24_k8,n0.05_m0.03_w3,0.05,0.03,3.0,LCS_mask,-0.014987001195549965
electricity,pretrained,stl,p24_k8,n0.05_m0.03_w3,0.05,0.03,3.0,LCS_warp,-0.0286426804959774
electricity,pretrained,stl,p24_k8,n0.05_m0.03_w3,0.05,0.03,3.0,TSI_noise,0.9988971948623657
electricity,pretrained,stl,p24_k8,n0.05_m0.03_w3,0.05,0.03,3.0,TSI_mask,0.999910295009613
electricity,pretrained,stl,p24_k8,n0.05_m0.03_w3,0.05,0.03,3.0,TSI_warp,0.988118588924408
electricity,pretrained,stl,p24_k8,n0.05_m0.03_w3,0.05,0.03,3.0,GSP_noise,-0.002558528445661068
electricity,pretrained,stl,p24_k8,n0.05_m0.03_w3,0.05,0.03,3.0,GSP_mask,-0.000255645252764225
electricity,pretrained,stl,p24_k8,n0.05_m0.03_w3,0.05,0.03,3.0,GSP_warp,0.013400034047663212
electricity,pretrained,stl,p24_k12,n0.05_m0.03_w3,0.05,0.03,3.0,LCS_clean,-0.03769192844629288
electricity,pretrained,stl,p24_k12,n0.05_m0.03_w3,0.05,0.03,3.0,LCS_noise,-0.04048978537321091
electricity,pretrained,stl,p24_k12,n0.05_m0.03_w3,0.05,0.03,3.0,LCS_mask,-0.03685779497027397
electricity,pretrained,stl,p24_k12,n0.05_m0.03_w3,0.05,0.03,3.0,LCS_warp,-0.07173819839954376
electricity,pretrained,stl,p24_k12,n0.05_m0.03_w3,0.05,0.03,3.0,TSI_noise,0.9988971948623657
electricity,pretrained,stl,p24_k12,n0.05_m0.03_w3,0.05,0.03,3.0,TSI_mask,0.999910295009613
electricity,pretrained,stl,p24_k12,n0.05_m0.03_w3,0.05,0.03,3.0,TSI_warp,0.988118588924408
electricity,pretrained,stl,p24_k12,n0.05_m0.03_w3,0.05,0.03,3.0,GSP_noise,0.00279785692691803
electricity,pretrained,stl,p24_k12,n0.05_m0.03_w3,0.05,0.03,3.0,GSP_mask,-0.0008341334760189056
electricity,pretrained,stl,p24_k12,n0.05_m0.03_w3,0.05,0.03,3.0,GSP_warp,0.034046269953250885
electricity,pretrained,stl,p48_k4,n0.05_m0.03_w3,0.05,0.03,3.0,LCS_clean,-0.02065553329885006
electricity,pretrained,stl,p48_k4,n0.05_m0.03_w3,0.05,0.03,3.0,LCS_noise,-0.01757768541574478
electricity,pretrained,stl,p48_k4,n0.05_m0.03_w3,0.05,0.03,3.0,LCS_mask,-0.0219820998609066
electricity,pretrained,stl,p48_k4,n0.05_m0.03_w3,0.05,0.03,3.0,LCS_warp,-0.014192439615726471
electricity,pretrained,stl,p48_k4,n0.05_m0.03_w3,0.05,0.03,3.0,TSI_noise,0.9988971948623657
electricity,pretrained,stl,p48_k4,n0.05_m0.03_w3,0.05,0.03,3.0,TSI_mask,0.999910295009613
electricity,pretrained,stl,p48_k4,n0.05_m0.03_w3,0.05,0.03,3.0,TSI_warp,0.988118588924408
electricity,pretrained,stl,p48_k4,n0.05_m0.03_w3,0.05,0.03,3.0,GSP_noise,-0.003077847883105278
electricity,pretrained,stl,p48_k4,n0.05_m0.03_w3,0.05,0.03,3.0,GSP_mask,0.0013265665620565414
electricity,pretrained,stl,p48_k4,n0.05_m0.03_w3,0.05,0.03,3.0,GSP_warp,-0.0064630936831235886
electricity,pretrained,stl,p48_k8,n0.05_m0.03_w3,0.05,0.03,3.0,LCS_clean,-0.038437195122241974
electricity,pretrained,stl,p48_k8,n0.05_m0.03_w3,0.05,0.03,3.0,LCS_noise,-0.028324542567133904
electricity,pretrained,stl,p48_k8,n0.05_m0.03_w3,0.05,0.03,3.0,LCS_mask,-0.03918532282114029
electricity,pretrained,stl,p48_k8,n0.05_m0.03_w3,0.05,0.03,3.0,LCS_warp,-0.04591207206249237
electricity,pretrained,stl,p48_k8,n0.05_m0.03_w3,0.05,0.03,3.0,TSI_noise,0.9988971948623657
electricity,pretrained,stl,p48_k8,n0.05_m0.03_w3,0.05,0.03,3.0,TSI_mask,0.999910295009613
electricity,pretrained,stl,p48_k8,n0.05_m0.03_w3,0.05,0.03,3.0,TSI_warp,0.988118588924408
electricity,pretrained,stl,p48_k8,n0.05_m0.03_w3,0.05,0.03,3.0,GSP_noise,-0.01011265255510807
electricity,pretrained,stl,p48_k8,n0.05_m0.03_w3,0.05,0.03,3.0,GSP_mask,0.0007481276988983154
electricity,pretrained,stl,p48_k8,n0.05_m0.03_w3,0.05,0.03,3.0,GSP_warp,0.007474876940250397
electricity,pretrained,stl,p48_k12,n0.05_m0.03_w3,0.05,0.03,3.0,LCS_clean,-0.03637457638978958
electricity,pretrained,stl,p48_k12,n0.05_m0.03_w3,0.05,0.03,3.0,LCS_noise,-0.035856395959854126
electricity,pretrained,stl,p48_k12,n0.05_m0.03_w3,0.05,0.03,3.0,LCS_mask,-0.038346536457538605
electricity,pretrained,stl,p48_k12,n0.05_m0.03_w3,0.05,0.03,3.0,LCS_warp,-0.06262176483869553
electricity,pretrained,stl,p48_k12,n0.05_m0.03_w3,0.05,0.03,3.0,TSI_noise,0.9988971948623657
electricity,pretrained,stl,p48_k12,n0.05_m0.03_w3,0.05,0.03,3.0,TSI_mask,0.999910295009613
electricity,pretrained,stl,p48_k12,n0.05_m0.03_w3,0.05,0.03,3.0,TSI_warp,0.988118588924408
electricity,pretrained,stl,p48_k12,n0.05_m0.03_w3,0.05,0.03,3.0,GSP_noise,-0.0005181804299354553
electricity,pretrained,stl,p48_k12,n0.05_m0.03_w3,0.05,0.03,3.0,GSP_mask,0.0019719600677490234
electricity,pretrained,stl,p48_k12,n0.05_m0.03_w3,0.05,0.03,3.0,GSP_warp,0.026247188448905945
electricity,pretrained,stl,p96_k4,n0.05_m0.03_w3,0.05,0.03,3.0,LCS_clean,-0.024937734007835388
electricity,pretrained,stl,p96_k4,n0.05_m0.03_w3,0.05,0.03,3.0,LCS_noise,-0.026380110532045364
electricity,pretrained,stl,p96_k4,n0.05_m0.03_w3,0.05,0.03,3.0,LCS_mask,-0.025108326226472855
electricity,pretrained,stl,p96_k4,n0.05_m0.03_w3,0.05,0.03,3.0,LCS_warp,-0.03617720678448677
electricity,pretrained,stl,p96_k4,n0.05_m0.03_w3,0.05,0.03,3.0,TSI_noise,0.9988971948623657
electricity,pretrained,stl,p96_k4,n0.05_m0.03_w3,0.05,0.03,3.0,TSI_mask,0.999910295009613
electricity,pretrained,stl,p96_k4,n0.05_m0.03_w3,0.05,0.03,3.0,TSI_warp,0.988118588924408
electricity,pretrained,stl,p96_k4,n0.05_m0.03_w3,0.05,0.03,3.0,GSP_noise,0.0014423765242099762
electricity,pretrained,stl,p96_k4,n0.05_m0.03_w3,0.05,0.03,3.0,GSP_mask,0.00017059221863746643
electricity,pretrained,stl,p96_k4,n0.05_m0.03_w3,0.05,0.03,3.0,GSP_warp,0.011239472776651382
electricity,pretrained,stl,p96_k8,n0.05_m0.03_w3,0.05,0.03,3.0,LCS_clean,-0.05526850000023842
electricity,pretrained,stl,p96_k8,n0.05_m0.03_w3,0.05,0.03,3.0,LCS_noise,-0.05581747740507126
electricity,pretrained,stl,p96_k8,n0.05_m0.03_w3,0.05,0.03,3.0,LCS_mask,-0.05496890842914581
electricity,pretrained,stl,p96_k8,n0.05_m0.03_w3,0.05,0.03,3.0,LCS_warp,-0.05368372052907944
electricity,pretrained,stl,p96_k8,n0.05_m0.03_w3,0.05,0.03,3.0,TSI_noise,0.9988971948623657
electricity,pretrained,stl,p96_k8,n0.05_m0.03_w3,0.05,0.03,3.0,TSI_mask,0.999910295009613
electricity,pretrained,stl,p96_k8,n0.05_m0.03_w3,0.05,0.03,3.0,TSI_warp,0.988118588924408
electricity,pretrained,stl,p96_k8,n0.05_m0.03_w3,0.05,0.03,3.0,GSP_noise,0.00054897740483284
electricity,pretrained,stl,p96_k8,n0.05_m0.03_w3,0.05,0.03,3.0,GSP_mask,-0.0002995915710926056
electricity,pretrained,stl,p96_k8,n0.05_m0.03_w3,0.05,0.03,3.0,GSP_warp,-0.0015847794711589813
electricity,pretrained,stl,p96_k12,n0.05_m0.03_w3,0.05,0.03,3.0,LCS_clean,-0.059412844479084015
electricity,pretrained,stl,p96_k12,n0.05_m0.03_w3,0.05,0.03,3.0,LCS_noise,-0.07425234466791153
electricity,pretrained,stl,p96_k12,n0.05_m0.03_w3,0.05,0.03,3.0,LCS_mask,-0.059319667518138885
electricity,pretrained,stl,p96_k12,n0.05_m0.03_w3,0.05,0.03,3.0,LCS_warp,-0.09415855258703232
electricity,pretrained,stl,p96_k12,n0.05_m0.03_w3,0.05,0.03,3.0,TSI_noise,0.9988971948623657
electricity,pretrained,stl,p96_k12,n0.05_m0.03_w3,0.05,0.03,3.0,TSI_mask,0.999910295009613
electricity,pretrained,stl,p96_k12,n0.05_m0.03_w3,0.05,0.03,3.0,TSI_warp,0.988118588924408
electricity,pretrained,stl,p96_k12,n0.05_m0.03_w3,0.05,0.03,3.0,GSP_noise,0.014839500188827515
electricity,pretrained,stl,p96_k12,n0.05_m0.03_w3,0.05,0.03,3.0,GSP_mask,-9.31769609451294e-05
electricity,pretrained,stl,p96_k12,n0.05_m0.03_w3,0.05,0.03,3.0,GSP_warp,0.0347457081079483
electricity,pretrained,phase8,na,n0.05_m0.05_w1.5,0.05,0.05,1.5,LCS_clean,-0.03533760830760002
electricity,pretrained,phase8,na,n0.05_m0.05_w1.5,0.05,0.05,1.5,LCS_noise,-0.03250424563884735
electricity,pretrained,phase8,na,n0.05_m0.05_w1.5,0.05,0.05,1.5,LCS_mask,-0.03407467529177666
electricity,pretrained,phase8,na,n0.05_m0.05_w1.5,0.05,0.05,1.5,LCS_warp,-0.04615432769060135
electricity,pretrained,phase8,na,n0.05_m0.05_w1.5,0.05,0.05,1.5,TSI_noise,0.998931884765625
electricity,pretrained,phase8,na,n0.05_m0.05_w1.5,0.05,0.05,1.5,TSI_mask,0.9998328685760498
electricity,pretrained,phase8,na,n0.05_m0.05_w1.5,0.05,0.05,1.5,TSI_warp,0.9918439388275146
electricity,pretrained,phase8,na,n0.05_m0.05_w1.5,0.05,0.05,1.5,GSP_noise,-0.0028333626687526703
electricity,pretrained,phase8,na,n0.05_m0.05_w1.5,0.05,0.05,1.5,GSP_mask,-0.0012629330158233643
electricity,pretrained,phase8,na,n0.05_m0.05_w1.5,0.05,0.05,1.5,GSP_warp,0.010816719383001328
electricity,pretrained,stl,p24_k4,n0.05_m0.05_w1.5,0.05,0.05,1.5,LCS_clean,0.0010033687576651573
electricity,pretrained,stl,p24_k4,n0.05_m0.05_w1.5,0.05,0.05,1.5,LCS_noise,0.0037031094543635845
electricity,pretrained,stl,p24_k4,n0.05_m0.05_w1.5,0.05,0.05,1.5,LCS_mask,0.0019561757799237967
electricity,pretrained,stl,p24_k4,n0.05_m0.05_w1.5,0.05,0.05,1.5,LCS_warp,-0.0037355078384280205
electricity,pretrained,stl,p24_k4,n0.05_m0.05_w1.5,0.05,0.05,1.5,TSI_noise,0.998931884765625
electricity,pretrained,stl,p24_k4,n0.05_m0.05_w1.5,0.05,0.05,1.5,TSI_mask,0.9998328685760498
electricity,pretrained,stl,p24_k4,n0.05_m0.05_w1.5,0.05,0.05,1.5,TSI_warp,0.9918439388275146
electricity,pretrained,stl,p24_k4,n0.05_m0.05_w1.5,0.05,0.05,1.5,GSP_noise,-0.002699740696698427
electricity,pretrained,stl,p24_k4,n0.05_m0.05_w1.5,0.05,0.05,1.5,GSP_mask,-0.0009528070222586393
electricity,pretrained,stl,p24_k4,n0.05_m0.05_w1.5,0.05,0.05,1.5,GSP_warp,0.004738876596093178
electricity,pretrained,stl,p24_k8,n0.05_m0.05_w1.5,0.05,0.05,1.5,LCS_clean,-0.01524264644831419
electricity,pretrained,stl,p24_k8,n0.05_m0.05_w1.5,0.05,0.05,1.5,LCS_noise,-0.011642269790172577
electricity,pretrained,stl,p24_k8,n0.05_m0.05_w1.5,0.05,0.05,1.5,LCS_mask,-0.014004717580974102
electricity,pretrained,stl,p24_k8,n0.05_m0.05_w1.5,0.05,0.05,1.5,LCS_warp,-0.017717495560646057
electricity,pretrained,stl,p24_k8,n0.05_m0.05_w1.5,0.05,0.05,1.5,TSI_noise,0.998931884765625
electricity,pretrained,stl,p24_k8,n0.05_m0.05_w1.5,0.05,0.05,1.5,TSI_mask,0.9998328685760498
electricity,pretrained,stl,p24_k8,n0.05_m0.05_w1.5,0.05,0.05,1.5,TSI_warp,0.9918439388275146
electricity,pretrained,stl,p24_k8,n0.05_m0.05_w1.5,0.05,0.05,1.5,GSP_noise,-0.003600376658141613
electricity,pretrained,stl,p24_k8,n0.05_m0.05_w1.5,0.05,0.05,1.5,GSP_mask,-0.0012379288673400879
electricity,pretrained,stl,p24_k8,n0.05_m0.05_w1.5,0.05,0.05,1.5,GSP_warp,0.0024748491123318672
electricity,pretrained,stl,p24_k12,n0.05_m0.05_w1.5,0.05,0.05,1.5,LCS_clean,-0.03769192844629288
electricity,pretrained,stl,p24_k12,n0.05_m0.05_w1.5,0.05,0.05,1.5,LCS_noise,-0.03600379824638367
electricity,pretrained,stl,p24_k12,n0.05_m0.05_w1.5,0.05,0.05,1.5,LCS_mask,-0.037352584302425385
electricity,pretrained,stl,p24_k12,n0.05_m0.05_w1.5,0.05,0.05,1.5,LCS_warp,-0.04776700213551521
electricity,pretrained,stl,p24_k12,n0.05_m0.05_w1.5,0.05,0.05,1.5,TSI_noise,0.998931884765625
electricity,pretrained,stl,p24_k12,n0.05_m0.05_w1.5,0.05,0.05,1.5,TSI_mask,0.9998328685760498
electricity,pretrained,stl,p24_k12,n0.05_m0.05_w1.5,0.05,0.05,1.5,TSI_warp,0.9918439388275146
electricity,pretrained,stl,p24_k12,n0.05_m0.05_w1.5,0.05,0.05,1.5,GSP_noise,-0.0016881301999092102
electricity,pretrained,stl,p24_k12,n0.05_m0.05_w1.5,0.05,0.05,1.5,GSP_mask,-0.0003393441438674927
electricity,pretrained,stl,p24_k12,n0.05_m0.05_w1.5,0.05,0.05,1.5,GSP_warp,0.010075073689222336
electricity,pretrained,stl,p48_k4,n0.05_m0.05_w1.5,0.05,0.05,1.5,LCS_clean,-0.02065553329885006
electricity,pretrained,stl,p48_k4,n0.05_m0.05_w1.5,0.05,0.05,1.5,LCS_noise,-0.015407041646540165
electricity,pretrained,stl,p48_k4,n0.05_m0.05_w1.5,0.05,0.05,1.5,LCS_mask,-0.019664308056235313
electricity,pretrained,stl,p48_k4,n0.05_m0.05_w1.5,0.05,0.05,1.5,LCS_warp,-0.019290588796138763
electricity,pretrained,stl,p48_k4,n0.05_m0.05_w1.5,0.05,0.05,1.5,TSI_noise,0.998931884765625
electricity,pretrained,stl,p48_k4,n0.05_m0.05_w1.5,0.05,0.05,1.5,TSI_mask,0.9998328685760498
electricity,pretrained,stl,p48_k4,n0.05_m0.05_w1.5,0.05,0.05,1.5,TSI_warp,0.9918439388275146
electricity,pretrained,stl,p48_k4,n0.05_m0.05_w1.5,0.05,0.05,1.5,GSP_noise,-0.0052484916523098946
electricity,pretrained,stl,p48_k4,n0.05_m0.05_w1.5,0.05,0.05,1.5,GSP_mask,-0.000991225242614746
electricity,pretrained,stl,p48_k4,n0.05_m0.05_w1.5,0.05,0.05,1.5,GSP_warp,-0.001364944502711296
electricity,pretrained,stl,p48_k8,n0.05_m0.05_w1.5,0.05,0.05,1.5,LCS_clean,-0.038437195122241974
electricity,pretrained,stl,p48_k8,n0.05_m0.05_w1.5,0.05,0.05,1.5,LCS_noise,-0.029892154037952423
electricity,pretrained,stl,p48_k8,n0.05_m0.05_w1.5,0.05,0.05,1.5,LCS_mask,-0.03664116561412811
electricity,pretrained,stl,p48_k8,n0.05_m0.05_w1.5,0.05,0.05,1.5,LCS_warp,-0.03792333975434303
electricity,pretrained,stl,p48_k8,n0.05_m0.05_w1.5,0.05,0.05,1.5,TSI_noise,0.998931884765625
electricity,pretrained,stl,p48_k8,n0.05_m0.05_w1.5,0.05,0.05,1.5,TSI_mask,0.9998328685760498
electricity,pretrained,stl,p48_k8,n0.05_m0.05_w1.5,0.05,0.05,1.5,TSI_warp,0.9918439388275146
electricity,pretrained,stl,p48_k8,n0.05_m0.05_w1.5,0.05,0.05,1.5,GSP_noise,-0.00854504108428955
electricity,pretrained,stl,p48_k8,n0.05_m0.05_w1.5,0.05,0.05,1.5,GSP_mask,-0.001796029508113861
electricity,pretrained,stl,p48_k8,n0.05_m0.05_w1.5,0.05,0.05,1.5,GSP_warp,-0.000513855367898941
electricity,pretrained,stl,p48_k12,n0.05_m0.05_w1.5,0.05,0.05,1.5,LCS_clean,-0.03637457638978958
electricity,pretrained,stl,p48_k12,n0.05_m0.05_w1.5,0.05,0.05,1.5,LCS_noise,-0.03595610707998276
electricity,pretrained,stl,p48_k12,n0.05_m0.05_w1.5,0.05,0.05,1.5,LCS_mask,-0.036179907619953156
electricity,pretrained,stl,p48_k12,n0.05_m0.05_w1.5,0.05,0.05,1.5,LCS_warp,-0.045635152608156204
electricity,pretrained,stl,p48_k12,n0.05_m0.05_w1.5,0.05,0.05,1.5,TSI_noise,0.998931884765625
electricity,pretrained,stl,p48_k12,n0.05_m0.05_w1.5,0.05,0.05,1.5,TSI_mask,0.9998328685760498
electricity,pretrained,stl,p48_k12,n0.05_m0.05_w1.5,0.05,0.05,1.5,TSI_warp,0.9918439388275146
electricity,pretrained,stl,p48_k12,n0.05_m0.05_w1.5,0.05,0.05,1.5,GSP_noise,-0.00041846930980682373
electricity,pretrained,stl,p48_k12,n0.05_m0.05_w1.5,0.05,0.05,1.5,GSP_mask,-0.00019466876983642578
electricity,pretrained,stl,p48_k12,n0.05_m0.05_w1.5,0.05,0.05,1.5,GSP_warp,0.009260576218366623
electricity,pretrained,stl,p96_k4,n0.05_m0.05_w1.5,0.05,0.05,1.5,LCS_clean,-0.024937734007835388
electricity,pretrained,stl,p96_k4,n0.05_m0.05_w1.5,0.05,0.05,1.5,LCS_noise,-0.02319614216685295
electricity,pretrained,stl,p96_k4,n0.05_m0.05_w1.5,0.05,0.05,1.5,LCS_mask,-0.023852895945310593
electricity,pretrained,stl,p96_k4,n0.05_m0.05_w1.5,0.05,0.05,1.5,LCS_warp,-0.023795120418071747
electricity,pretrained,stl,p96_k4,n0.05_m0.05_w1.5,0.05,0.05,1.5,TSI_noise,0.998931884765625
electricity,pretrained,stl,p96_k4,n0.05_m0.05_w1.5,0.05,0.05,1.5,TSI_mask,0.9998328685760498
electricity,pretrained,stl,p96_k4,n0.05_m0.05_w1.5,0.05,0.05,1.5,TSI_warp,0.9918439388275146
electricity,pretrained,stl,p96_k4,n0.05_m0.05_w1.5,0.05,0.05,1.5,GSP_noise,-0.0017415918409824371
electricity,pretrained,stl,p96_k4,n0.05_m0.05_w1.5,0.05,0.05,1.5,GSP_mask,-0.0010848380625247955
electricity,pretrained,stl,p96_k4,n0.05_m0.05_w1.5,0.05,0.05,1.5,GSP_warp,-0.0011426135897636414
electricity,pretrained,stl,p96_k8,n0.05_m0.05_w1.5,0.05,0.05,1.5,LCS_clean,-0.05526850000023842
electricity,pretrained,stl,p96_k8,n0.05_m0.05_w1.5,0.05,0.05,1.5,LCS_noise,-0.058106742799282074
electricity,pretrained,stl,p96_k8,n0.05_m0.05_w1.5,0.05,0.05,1.5,LCS_mask,-0.05546120926737785
electricity,pretrained,stl,p96_k8,n0.05_m0.05_w1.5,0.05,0.05,1.5,LCS_warp,-0.054707761853933334
electricity,pretrained,stl,p96_k8,n0.05_m0.05_w1.5,0.05,0.05,1.5,TSI_noise,0.998931884765625
electricity,pretrained,stl,p96_k8,n0.05_m0.05_w1.5,0.05,0.05,1.5,TSI_mask,0.9998328685760498
electricity,pretrained,stl,p96_k8,n0.05_m0.05_w1.5,0.05,0.05,1.5,TSI_warp,0.9918439388275146
electricity,pretrained,stl,p96_k8,n0.05_m0.05_w1.5,0.05,0.05,1.5,GSP_noise,0.0028382427990436554
electricity,pretrained,stl,p96_k8,n0.05_m0.05_w1.5,0.05,0.05,1.5,GSP_mask,0.00019270926713943481
electricity,pretrained,stl,p96_k8,n0.05_m0.05_w1.5,0.05,0.05,1.5,GSP_warp,-0.0005607381463050842
electricity,pretrained,stl,p96_k12,n0.05_m0.05_w1.5,0.05,0.05,1.5,LCS_clean,-0.059412844479084015
electricity,pretrained,stl,p96_k12,n0.05_m0.05_w1.5,0.05,0.05,1.5,LCS_noise,-0.06402873992919922
electricity,pretrained,stl,p96_k12,n0.05_m0.05_w1.5,0.05,0.05,1.5,LCS_mask,-0.06052786856889725
electricity,pretrained,stl,p96_k12,n0.05_m0.05_w1.5,0.05,0.05,1.5,LCS_warp,-0.0787077322602272
electricity,pretrained,stl,p96_k12,n0.05_m0.05_w1.5,0.05,0.05,1.5,TSI_noise,0.998931884765625
electricity,pretrained,stl,p96_k12,n0.05_m0.05_w1.5,0.05,0.05,1.5,TSI_mask,0.9998328685760498
electricity,pretrained,stl,p96_k12,n0.05_m0.05_w1.5,0.05,0.05,1.5,TSI_warp,0.9918439388275146
electricity,pretrained,stl,p96_k12,n0.05_m0.05_w1.5,0.05,0.05,1.5,GSP_noise,0.004615895450115204
electricity,pretrained,stl,p96_k12,n0.05_m0.05_w1.5,0.05,0.05,1.5,GSP_mask,0.0011150240898132324
electricity,pretrained,stl,p96_k12,n0.05_m0.05_w1.5,0.05,0.05,1.5,GSP_warp,0.01929488778114319
electricity,pretrained,phase8,na,n0.05_m0.05_w2,0.05,0.05,2.0,LCS_clean,-0.03533760830760002
electricity,pretrained,phase8,na,n0.05_m0.05_w2,0.05,0.05,2.0,LCS_noise,-0.0339844673871994
electricity,pretrained,phase8,na,n0.05_m0.05_w2,0.05,0.05,2.0,LCS_mask,-0.035139039158821106
electricity,pretrained,phase8,na,n0.05_m0.05_w2,0.05,0.05,2.0,LCS_warp,-0.038901276886463165
electricity,pretrained,phase8,na,n0.05_m0.05_w2,0.05,0.05,2.0,TSI_noise,0.9989104270935059
electricity,pretrained,phase8,na,n0.05_m0.05_w2,0.05,0.05,2.0,TSI_mask,0.9998429417610168
electricity,pretrained,phase8,na,n0.05_m0.05_w2,0.05,0.05,2.0,TSI_warp,0.9895492792129517
electricity,pretrained,phase8,na,n0.05_m0.05_w2,0.05,0.05,2.0,GSP_noise,-0.0013531409204006195
electricity,pretrained,phase8,na,n0.05_m0.05_w2,0.05,0.05,2.0,GSP_mask,-0.0001985691487789154
electricity,pretrained,phase8,na,n0.05_m0.05_w2,0.05,0.05,2.0,GSP_warp,0.003563668578863144
electricity,pretrained,stl,p24_k4,n0.05_m0.05_w2,0.05,0.05,2.0,LCS_clean,0.0010033687576651573
electricity,pretrained,stl,p24_k4,n0.05_m0.05_w2,0.05,0.05,2.0,LCS_noise,0.0050567518919706345
electricity,pretrained,stl,p24_k4,n0.05_m0.05_w2,0.05,0.05,2.0,LCS_mask,0.0017097636591643095
electricity,pretrained,stl,p24_k4,n0.05_m0.05_w2,0.05,0.05,2.0,LCS_warp,-0.0084446482360363
electricity,pretrained,stl,p24_k4,n0.05_m0.05_w2,0.05,0.05,2.0,TSI_noise,0.9989104270935059
electricity,pretrained,stl,p24_k4,n0.05_m0.05_w2,0.05,0.05,2.0,TSI_mask,0.9998429417610168
electricity,pretrained,stl,p24_k4,n0.05_m0.05_w2,0.05,0.05,2.0,TSI_warp,0.9895492792129517
electricity,pretrained,stl,p24_k4,n0.05_m0.05_w2,0.05,0.05,2.0,GSP_noise,-0.004053383134305477
electricity,pretrained,stl,p24_k4,n0.05_m0.05_w2,0.05,0.05,2.0,GSP_mask,-0.0007063949014991522
electricity,pretrained,stl,p24_k4,n0.05_m0.05_w2,0.05,0.05,2.0,GSP_warp,0.009448016993701458
electricity,pretrained,stl,p24_k8,n0.05_m0.05_w2,0.05,0.05,2.0,LCS_clean,-0.01524264644831419
electricity,pretrained,stl,p24_k8,n0.05_m0.05_w2,0.05,0.05,2.0,LCS_noise,-0.01209717895835638
electricity,pretrained,stl,p24_k8,n0.05_m0.05_w2,0.05,0.05,2.0,LCS_mask,-0.014857117086648941
electricity,pretrained,stl,p24_k8,n0.05_m0.05_w2,0.05,0.05,2.0,LCS_warp,-0.020636482164263725
electricity,pretrained,stl,p24_k8,n0.05_m0.05_w2,0.05,0.05,2.0,TSI_noise,0.9989104270935059
electricity,pretrained,stl,p24_k8,n0.05_m0.05_w2,0.05,0.05,2.0,TSI_mask,0.9998429417610168
electricity,pretrained,stl,p24_k8,n0.05_m0.05_w2,0.05,0.05,2.0,TSI_warp,0.9895492792129517
electricity,pretrained,stl,p24_k8,n0.05_m0.05_w2,0.05,0.05,2.0,GSP_noise,-0.0031454674899578094
electricity,pretrained,stl,p24_k8,n0.05_m0.05_w2,0.05,0.05,2.0,GSP_mask,-0.00038552936166524887
electricity,pretrained,stl,p24_k8,n0.05_m0.05_w2,0.05,0.05,2.0,GSP_warp,0.005393835715949535
electricity,pretrained,stl,p24_k12,n0.05_m0.05_w2,0.05,0.05,2.0,LCS_clean,-0.03769192844629288
electricity,pretrained,stl,p24_k12,n0.05_m0.05_w2,0.05,0.05,2.0,LCS_noise,-0.034421227872371674
electricity,pretrained,stl,p24_k12,n0.05_m0.05_w2,0.05,0.05,2.0,LCS_mask,-0.038367860019207
electricity,pretrained,stl,p24_k12,n0.05_m0.05_w2,0.05,0.05,2.0,LCS_warp,-0.07075706124305725
electricity,pretrained,stl,p24_k12,n0.05_m0.05_w2,0.05,0.05,2.0,TSI_noise,0.9989104270935059
electricity,pretrained,stl,p24_k12,n0.05_m0.05_w2,0.05,0.05,2.0,TSI_mask,0.9998429417610168
electricity,pretrained,stl,p24_k12,n0.05_m0.05_w2,0.05,0.05,2.0,TSI_warp,0.9895492792129517
electricity,pretrained,stl,p24_k12,n0.05_m0.05_w2,0.05,0.05,2.0,GSP_noise,-0.0032707005739212036
electricity,pretrained,stl,p24_k12,n0.05_m0.05_w2,0.05,0.05,2.0,GSP_mask,0.0006759315729141235
electricity,pretrained,stl,p24_k12,n0.05_m0.05_w2,0.05,0.05,2.0,GSP_warp,0.033065132796764374
electricity,pretrained,stl,p48_k4,n0.05_m0.05_w2,0.05,0.05,2.0,LCS_clean,-0.02065553329885006
electricity,pretrained,stl,p48_k4,n0.05_m0.05_w2,0.05,0.05,2.0,LCS_noise,-0.017047792673110962
electricity,pretrained,stl,p48_k4,n0.05_m0.05_w2,0.05,0.05,2.0,LCS_mask,-0.020038234069943428
electricity,pretrained,stl,p48_k4,n0.05_m0.05_w2,0.05,0.05,2.0,LCS_warp,-0.015698742121458054
electricity,pretrained,stl,p48_k4,n0.05_m0.05_w2,0.05,0.05,2.0,TSI_noise,0.9989104270935059
electricity,pretrained,stl,p48_k4,n0.05_m0.05_w2,0.05,0.05,2.0,TSI_mask,0.9998429417610168
electricity,pretrained,stl,p48_k4,n0.05_m0.05_w2,0.05,0.05,2.0,TSI_warp,0.9895492792129517
electricity,pretrained,stl,p48_k4,n0.05_m0.05_w2,0.05,0.05,2.0,GSP_noise,-0.0036077406257390976
electricity,pretrained,stl,p48_k4,n0.05_m0.05_w2,0.05,0.05,2.0,GSP_mask,-0.0006172992289066315
electricity,pretrained,stl,p48_k4,n0.05_m0.05_w2,0.05,0.05,2.0,GSP_warp,-0.004956791177392006
electricity,pretrained,stl,p48_k8,n0.05_m0.05_w2,0.05,0.05,2.0,LCS_clean,-0.038437195122241974
electricity,pretrained,stl,p48_k8,n0.05_m0.05_w2,0.05,0.05,2.0,LCS_noise,-0.028531545773148537
electricity,pretrained,stl,p48_k8,n0.05_m0.05_w2,0.05,0.05,2.0,LCS_mask,-0.03766100853681564
electricity,pretrained,stl,p48_k8,n0.05_m0.05_w2,0.05,0.05,2.0,LCS_warp,-0.05839289724826813
electricity,pretrained,stl,p48_k8,n0.05_m0.05_w2,0.05,0.05,2.0,TSI_noise,0.9989104270935059
electricity,pretrained,stl,p48_k8,n0.05_m0.05_w2,0.05,0.05,2.0,TSI_mask,0.9998429417610168
electricity,pretrained,stl,p48_k8,n0.05_m0.05_w2,0.05,0.05,2.0,TSI_warp,0.9895492792129517
electricity,pretrained,stl,p48_k8,n0.05_m0.05_w2,0.05,0.05,2.0,GSP_noise,-0.009905649349093437
electricity,pretrained,stl,p48_k8,n0.05_m0.05_w2,0.05,0.05,2.0,GSP_mask,-0.0007761865854263306
electricity,pretrained,stl,p48_k8,n0.05_m0.05_w2,0.05,0.05,2.0,GSP_warp,0.019955702126026154
electricity,pretrained,stl,p48_k12,n0.05_m0.05_w2,0.05,0.05,2.0,LCS_clean,-0.03637457638978958
electricity,pretrained,stl,p48_k12,n0.05_m0.05_w2,0.05,0.05,2.0,LCS_noise,-0.03321809321641922
electricity,pretrained,stl,p48_k12,n0.05_m0.05_w2,0.05,0.05,2.0,LCS_mask,-0.03742153197526932
electricity,pretrained,stl,p48_k12,n0.05_m0.05_w2,0.05,0.05,2.0,LCS_warp,-0.06549154222011566
electricity,pretrained,stl,p48_k12,n0.05_m0.05_w2,0.05,0.05,2.0,TSI_noise,0.9989104270935059
electricity,pretrained,stl,p48_k12,n0.05_m0.05_w2,0.05,0.05,2.0,TSI_mask,0.9998429417610168
electricity,pretrained,stl,p48_k12,n0.05_m0.05_w2,0.05,0.05,2.0,TSI_warp,0.9895492792129517
electricity,pretrained,stl,p48_k12,n0.05_m0.05_w2,0.05,0.05,2.0,GSP_noise,-0.0031564831733703613
electricity,pretrained,stl,p48_k12,n0.05_m0.05_w2,0.05,0.05,2.0,GSP_mask,0.0010469555854797363
electricity,pretrained,stl,p48_k12,n0.05_m0.05_w2,0.05,0.05,2.0,GSP_warp,0.02911696583032608
electricity,pretrained,stl,p96_k4,n0.05_m0.05_w2,0.05,0.05,2.0,LCS_clean,-0.024937734007835388
electricity,pretrained,stl,p96_k4,n0.05_m0.05_w2,0.05,0.05,2.0,LCS_noise,-0.021770574152469635
electricity,pretrained,stl,p96_k4,n0.05_m0.05_w2,0.05,0.05,2.0,LCS_mask,-0.024192335084080696
electricity,pretrained,stl,p96_k4,n0.05_m0.05_w2,0.05,0.05,2.0,LCS_warp,-0.026506133377552032
electricity,pretrained,stl,p96_k4,n0.05_m0.05_w2,0.05,0.05,2.0,TSI_noise,0.9989104270935059
electricity,pretrained,stl,p96_k4,n0.05_m0.05_w2,0.05,0.05,2.0,TSI_mask,0.9998429417610168
electricity,pretrained,stl,p96_k4,n0.05_m0.05_w2,0.05,0.05,2.0,TSI_warp,0.9895492792129517
electricity,pretrained,stl,p96_k4,n0.05_m0.05_w2,0.05,0.05,2.0,GSP_noise,-0.003167159855365753
electricity,pretrained,stl,p96_k4,n0.05_m0.05_w2,0.05,0.05,2.0,GSP_mask,-0.0007453989237546921
electricity,pretrained,stl,p96_k4,n0.05_m0.05_w2,0.05,0.05,2.0,GSP_warp,0.0015683993697166443
electricity,pretrained,stl,p96_k8,n0.05_m0.05_w2,0.05,0.05,2.0,LCS_clean,-0.05526850000023842
electricity,pretrained,stl,p96_k8,n0.05_m0.05_w2,0.05,0.05,2.0,LCS_noise,-0.0485193133354187
electricity,pretrained,stl,p96_k8,n0.05_m0.05_w2,0.05,0.05,2.0,LCS_mask,-0.05780811235308647
electricity,pretrained,stl,p96_k8,n0.05_m0.05_w2,0.05,0.05,2.0,LCS_warp,-0.04760613664984703
electricity,pretrained,stl,p96_k8,n0.05_m0.05_w2,0.05,0.05,2.0,TSI_noise,0.9989104270935059
electricity,pretrained,stl,p96_k8,n0.05_m0.05_w2,0.05,0.05,2.0,TSI_mask,0.9998429417610168
electricity,pretrained,stl,p96_k8,n0.05_m0.05_w2,0.05,0.05,2.0,TSI_warp,0.9895492792129517
electricity,pretrained,stl,p96_k8,n0.05_m0.05_w2,0.05,0.05,2.0,GSP_noise,-0.006749186664819717
electricity,pretrained,stl,p96_k8,n0.05_m0.05_w2,0.05,0.05,2.0,GSP_mask,0.002539612352848053
electricity,pretrained,stl,p96_k8,n0.05_m0.05_w2,0.05,0.05,2.0,GSP_warp,-0.007662363350391388
electricity,pretrained,stl,p96_k12,n0.05_m0.05_w2,0.05,0.05,2.0,LCS_clean,-0.059412844479084015
electricity,pretrained,stl,p96_k12,n0.05_m0.05_w2,0.05,0.05,2.0,LCS_noise,-0.0657527893781662
electricity,pretrained,stl,p96_k12,n0.05_m0.05_w2,0.05,0.05,2.0,LCS_mask,-0.05962277948856354
electricity,pretrained,stl,p96_k12,n0.05_m0.05_w2,0.05,0.05,2.0,LCS_warp,-0.11030282080173492
electricity,pretrained,stl,p96_k12,n0.05_m0.05_w2,0.05,0.05,2.0,TSI_noise,0.9989104270935059
electricity,pretrained,stl,p96_k12,n0.05_m0.05_w2,0.05,0.05,2.0,TSI_mask,0.9998429417610168
electricity,pretrained,stl,p96_k12,n0.05_m0.05_w2,0.05,0.05,2.0,TSI_warp,0.9895492792129517
electricity,pretrained,stl,p96_k12,n0.05_m0.05_w2,0.05,0.05,2.0,GSP_noise,0.006339944899082184
electricity,pretrained,stl,p96_k12,n0.05_m0.05_w2,0.05,0.05,2.0,GSP_mask,0.0002099350094795227
electricity,pretrained,stl,p96_k12,n0.05_m0.05_w2,0.05,0.05,2.0,GSP_warp,0.05088997632265091
electricity,pretrained,phase8,na,n0.05_m0.05_w3,0.05,0.05,3.0,LCS_clean,-0.03533760830760002
electricity,pretrained,phase8,na,n0.05_m0.05_w3,0.05,0.05,3.0,LCS_noise,-0.03189341723918915
electricity,pretrained,phase8,na,n0.05_m0.05_w3,0.05,0.05,3.0,LCS_mask,-0.03572431579232216
electricity,pretrained,phase8,na,n0.05_m0.05_w3,0.05,0.05,3.0,LCS_warp,-0.03355540707707405
electricity,pretrained,phase8,na,n0.05_m0.05_w3,0.05,0.05,3.0,TSI_noise,0.9989340305328369
electricity,pretrained,phase8,na,n0.05_m0.05_w3,0.05,0.05,3.0,TSI_mask,0.999852180480957
electricity,pretrained,phase8,na,n0.05_m0.05_w3,0.05,0.05,3.0,TSI_warp,0.9882166385650635
electricity,pretrained,phase8,na,n0.05_m0.05_w3,0.05,0.05,3.0,GSP_noise,-0.0034441910684108734
electricity,pretrained,phase8,na,n0.05_m0.05_w3,0.05,0.05,3.0,GSP_mask,0.00038670748472213745
electricity,pretrained,phase8,na,n0.05_m0.05_w3,0.05,0.05,3.0,GSP_warp,-0.0017822012305259705
electricity,pretrained,stl,p24_k4,n0.05_m0.05_w3,0.05,0.05,3.0,LCS_clean,0.0010033687576651573
electricity,pretrained,stl,p24_k4,n0.05_m0.05_w3,0.05,0.05,3.0,LCS_noise,0.006682531908154488
electricity,pretrained,stl,p24_k4,n0.05_m0.05_w3,0.05,0.05,3.0,LCS_mask,0.0011892449110746384
electricity,pretrained,stl,p24_k4,n0.05_m0.05_w3,0.05,0.05,3.0,LCS_warp,-0.007211550138890743
electricity,pretrained,stl,p24_k4,n0.05_m0.05_w3,0.05,0.05,3.0,TSI_noise,0.9989340305328369
electricity,pretrained,stl,p24_k4,n0.05_m0.05_w3,0.05,0.05,3.0,TSI_mask,0.999852180480957
electricity,pretrained,stl,p24_k4,n0.05_m0.05_w3,0.05,0.05,3.0,TSI_warp,0.9882166385650635
electricity,pretrained,stl,p24_k4,n0.05_m0.05_w3,0.05,0.05,3.0,GSP_noise,-0.00567916315048933
electricity,pretrained,stl,p24_k4,n0.05_m0.05_w3,0.05,0.05,3.0,GSP_mask,-0.00018587615340948105
electricity,pretrained,stl,p24_k4,n0.05_m0.05_w3,0.05,0.05,3.0,GSP_warp,0.0082149188965559
electricity,pretrained,stl,p24_k8,n0.05_m0.05_w3,0.05,0.05,3.0,LCS_clean,-0.01524264644831419
electricity,pretrained,stl,p24_k8,n0.05_m0.05_w3,0.05,0.05,3.0,LCS_noise,-0.009638394229114056
electricity,pretrained,stl,p24_k8,n0.05_m0.05_w3,0.05,0.05,3.0,LCS_mask,-0.01506837084889412
electricity,pretrained,stl,p24_k8,n0.05_m0.05_w3,0.05,0.05,3.0,LCS_warp,-0.047129616141319275
electricity,pretrained,stl,p24_k8,n0.05_m0.05_w3,0.05,0.05,3.0,TSI_noise,0.9989340305328369
electricity,pretrained,stl,p24_k8,n0.05_m0.05_w3,0.05,0.05,3.0,TSI_mask,0.999852180480957
electricity,pretrained,stl,p24_k8,n0.05_m0.05_w3,0.05,0.05,3.0,TSI_warp,0.9882166385650635
electricity,pretrained,stl,p24_k8,n0.05_m0.05_w3,0.05,0.05,3.0,GSP_noise,-0.005604252219200134
electricity,pretrained,stl,p24_k8,n0.05_m0.05_w3,0.05,0.05,3.0,GSP_mask,-0.00017427559942007065
electricity,pretrained,stl,p24_k8,n0.05_m0.05_w3,0.05,0.05,3.0,GSP_warp,0.031886969693005085
electricity,pretrained,stl,p24_k12,n0.05_m0.05_w3,0.05,0.05,3.0,LCS_clean,-0.03769192844629288
electricity,pretrained,stl,p24_k12,n0.05_m0.05_w3,0.05,0.05,3.0,LCS_noise,-0.03728106617927551
electricity,pretrained,stl,p24_k12,n0.05_m0.05_w3,0.05,0.05,3.0,LCS_mask,-0.036000482738018036
electricity,pretrained,stl,p24_k12,n0.05_m0.05_w3,0.05,0.05,3.0,LCS_warp,-0.08241909742355347
electricity,pretrained,stl,p24_k12,n0.05_m0.05_w3,0.05,0.05,3.0,TSI_noise,0.9989340305328369
electricity,pretrained,stl,p24_k12,n0.05_m0.05_w3,0.05,0.05,3.0,TSI_mask,0.999852180480957
electricity,pretrained,stl,p24_k12,n0.05_m0.05_w3,0.05,0.05,3.0,TSI_warp,0.9882166385650635
electricity,pretrained,stl,p24_k12,n0.05_m0.05_w3,0.05,0.05,3.0,GSP_noise,-0.0004108622670173645
electricity,pretrained,stl,p24_k12,n0.05_m0.05_w3,0.05,0.05,3.0,GSP_mask,-0.0016914457082748413
electricity,pretrained,stl,p24_k12,n0.05_m0.05_w3,0.05,0.05,3.0,GSP_warp,0.04472716897726059
electricity,pretrained,stl,p48_k4,n0.05_m0.05_w3,0.05,0.05,3.0,LCS_clean,-0.02065553329885006
electricity,pretrained,stl,p48_k4,n0.05_m0.05_w3,0.05,0.05,3.0,LCS_noise,-0.01390470564365387
electricity,pretrained,stl,p48_k4,n0.05_m0.05_w3,0.05,0.05,3.0,LCS_mask,-0.020390402525663376
electricity,pretrained,stl,p48_k4,n0.05_m0.05_w3,0.05,0.05,3.0,LCS_warp,-0.012791885063052177
electricity,pretrained,stl,p48_k4,n0.05_m0.05_w3,0.05,0.05,3.0,TSI_noise,0.9989340305328369
electricity,pretrained,stl,p48_k4,n0.05_m0.05_w3,0.05,0.05,3.0,TSI_mask,0.999852180480957
electricity,pretrained,stl,p48_k4,n0.05_m0.05_w3,0.05,0.05,3.0,TSI_warp,0.9882166385650635
electricity,pretrained,stl,p48_k4,n0.05_m0.05_w3,0.05,0.05,3.0,GSP_noise,-0.00675082765519619
electricity,pretrained,stl,p48_k4,n0.05_m0.05_w3,0.05,0.05,3.0,GSP_mask,-0.00026513077318668365
electricity,pretrained,stl,p48_k4,n0.05_m0.05_w3,0.05,0.05,3.0,GSP_warp,-0.007863648235797882
electricity,pretrained,stl,p48_k8,n0.05_m0.05_w3,0.05,0.05,3.0,LCS_clean,-0.038437195122241974
electricity,pretrained,stl,p48_k8,n0.05_m0.05_w3,0.05,0.05,3.0,LCS_noise,-0.023308446630835533
electricity,pretrained,stl,p48_k8,n0.05_m0.05_w3,0.05,0.05,3.0,LCS_mask,-0.03846665099263191
electricity,pretrained,stl,p48_k8,n0.05_m0.05_w3,0.05,0.05,3.0,LCS_warp,-0.04594137892127037
electricity,pretrained,stl,p48_k8,n0.05_m0.05_w3,0.05,0.05,3.0,TSI_noise,0.9989340305328369
electricity,pretrained,stl,p48_k8,n0.05_m0.05_w3,0.05,0.05,3.0,TSI_mask,0.999852180480957
electricity,pretrained,stl,p48_k8,n0.05_m0.05_w3,0.05,0.05,3.0,TSI_warp,0.9882166385650635
electricity,pretrained,stl,p48_k8,n0.05_m0.05_w3,0.05,0.05,3.0,GSP_noise,-0.01512874849140644
electricity,pretrained,stl,p48_k8,n0.05_m0.05_w3,0.05,0.05,3.0,GSP_mask,2.9455870389938354e-05
electricity,pretrained,stl,p48_k8,n0.05_m0.05_w3,0.05,0.05,3.0,GSP_warp,0.007504183799028397
electricity,pretrained,stl,p48_k12,n0.05_m0.05_w3,0.05,0.05,3.0,LCS_clean,-0.03637457638978958
electricity,pretrained,stl,p48_k12,n0.05_m0.05_w3,0.05,0.05,3.0,LCS_noise,-0.030953694134950638
electricity,pretrained,stl,p48_k12,n0.05_m0.05_w3,0.05,0.05,3.0,LCS_mask,-0.03567756339907646
electricity,pretrained,stl,p48_k12,n0.05_m0.05_w3,0.05,0.05,3.0,LCS_warp,-0.057050518691539764
electricity,pretrained,stl,p48_k12,n0.05_m0.05_w3,0.05,0.05,3.0,TSI_noise,0.9989340305328369
electricity,pretrained,stl,p48_k12,n0.05_m0.05_w3,0.05,0.05,3.0,TSI_mask,0.999852180480957
electricity,pretrained,stl,p48_k12,n0.05_m0.05_w3,0.05,0.05,3.0,TSI_warp,0.9882166385650635
electricity,pretrained,stl,p48_k12,n0.05_m0.05_w3,0.05,0.05,3.0,GSP_noise,-0.0054208822548389435
electricity,pretrained,stl,p48_k12,n0.05_m0.05_w3,0.05,0.05,3.0,GSP_mask,-0.0006970129907131195
electricity,pretrained,stl,p48_k12,n0.05_m0.05_w3,0.05,0.05,3.0,GSP_warp,0.020675942301750183
electricity,pretrained,stl,p96_k4,n0.05_m0.05_w3,0.05,0.05,3.0,LCS_clean,-0.024937734007835388
electricity,pretrained,stl,p96_k4,n0.05_m0.05_w3,0.05,0.05,3.0,LCS_noise,-0.020014941692352295
electricity,pretrained,stl,p96_k4,n0.05_m0.05_w3,0.05,0.05,3.0,LCS_mask,-0.02417260967195034
electricity,pretrained,stl,p96_k4,n0.05_m0.05_w3,0.05,0.05,3.0,LCS_warp,-0.02362801693379879
electricity,pretrained,stl,p96_k4,n0.05_m0.05_w3,0.05,0.05,3.0,TSI_noise,0.9989340305328369
electricity,pretrained,stl,p96_k4,n0.05_m0.05_w3,0.05,0.05,3.0,TSI_mask,0.999852180480957
electricity,pretrained,stl,p96_k4,n0.05_m0.05_w3,0.05,0.05,3.0,TSI_warp,0.9882166385650635
electricity,pretrained,stl,p96_k4,n0.05_m0.05_w3,0.05,0.05,3.0,GSP_noise,-0.004922792315483093
electricity,pretrained,stl,p96_k4,n0.05_m0.05_w3,0.05,0.05,3.0,GSP_mask,-0.0007651243358850479
electricity,pretrained,stl,p96_k4,n0.05_m0.05_w3,0.05,0.05,3.0,GSP_warp,-0.0013097170740365982
electricity,pretrained,stl,p96_k8,n0.05_m0.05_w3,0.05,0.05,3.0,LCS_clean,-0.05526850000023842
electricity,pretrained,stl,p96_k8,n0.05_m0.05_w3,0.05,0.05,3.0,LCS_noise,-0.04573073983192444
electricity,pretrained,stl,p96_k8,n0.05_m0.05_w3,0.05,0.05,3.0,LCS_mask,-0.05764859914779663
electricity,pretrained,stl,p96_k8,n0.05_m0.05_w3,0.05,0.05,3.0,LCS_warp,-0.04769608750939369
electricity,pretrained,stl,p96_k8,n0.05_m0.05_w3,0.05,0.05,3.0,TSI_noise,0.9989340305328369
electricity,pretrained,stl,p96_k8,n0.05_m0.05_w3,0.05,0.05,3.0,TSI_mask,0.999852180480957
electricity,pretrained,stl,p96_k8,n0.05_m0.05_w3,0.05,0.05,3.0,TSI_warp,0.9882166385650635
electricity,pretrained,stl,p96_k8,n0.05_m0.05_w3,0.05,0.05,3.0,GSP_noise,-0.00953776016831398
electricity,pretrained,stl,p96_k8,n0.05_m0.05_w3,0.05,0.05,3.0,GSP_mask,0.0023800991475582123
electricity,pretrained,stl,p96_k8,n0.05_m0.05_w3,0.05,0.05,3.0,GSP_warp,-0.0075724124908447266
electricity,pretrained,stl,p96_k12,n0.05_m0.05_w3,0.05,0.05,3.0,LCS_clean,-0.059412844479084015
electricity,pretrained,stl,p96_k12,n0.05_m0.05_w3,0.05,0.05,3.0,LCS_noise,-0.05922994762659073
electricity,pretrained,stl,p96_k12,n0.05_m0.05_w3,0.05,0.05,3.0,LCS_mask,-0.05961582809686661
electricity,pretrained,stl,p96_k12,n0.05_m0.05_w3,0.05,0.05,3.0,LCS_warp,-0.07121260464191437
electricity,pretrained,stl,p96_k12,n0.05_m0.05_w3,0.05,0.05,3.0,TSI_noise,0.9989340305328369
electricity,pretrained,stl,p96_k12,n0.05_m0.05_w3,0.05,0.05,3.0,TSI_mask,0.999852180480957
electricity,pretrained,stl,p96_k12,n0.05_m0.05_w3,0.05,0.05,3.0,TSI_warp,0.9882166385650635
electricity,pretrained,stl,p96_k12,n0.05_m0.05_w3,0.05,0.05,3.0,GSP_noise,-0.00018289685249328613
electricity,pretrained,stl,p96_k12,n0.05_m0.05_w3,0.05,0.05,3.0,GSP_mask,0.00020298361778259277
electricity,pretrained,stl,p96_k12,n0.05_m0.05_w3,0.05,0.05,3.0,GSP_warp,0.011799760162830353
electricity,pretrained,phase8,na,n0.05_m0.1_w1.5,0.05,0.1,1.5,LCS_clean,-0.03533760830760002
electricity,pretrained,phase8,na,n0.05_m0.1_w1.5,0.05,0.1,1.5,LCS_noise,-0.03218739479780197
electricity,pretrained,phase8,na,n0.05_m0.1_w1.5,0.05,0.1,1.5,LCS_mask,-0.038359634578228
electricity,pretrained,phase8,na,n0.05_m0.1_w1.5,0.05,0.1,1.5,LCS_warp,-0.036355603486299515
electricity,pretrained,phase8,na,n0.05_m0.1_w1.5,0.05,0.1,1.5,TSI_noise,0.9989310503005981
electricity,pretrained,phase8,na,n0.05_m0.1_w1.5,0.05,0.1,1.5,TSI_mask,0.9997067451477051
electricity,pretrained,phase8,na,n0.05_m0.1_w1.5,0.05,0.1,1.5,TSI_warp,0.9919936656951904
electricity,pretrained,phase8,na,n0.05_m0.1_w1.5,0.05,0.1,1.5,GSP_noise,-0.00315021350979805
electricity,pretrained,phase8,na,n0.05_m0.1_w1.5,0.05,0.1,1.5,GSP_mask,0.0030220262706279755
electricity,pretrained,phase8,na,n0.05_m0.1_w1.5,0.05,0.1,1.5,GSP_warp,0.0010179951786994934
electricity,pretrained,stl,p24_k4,n0.05_m0.1_w1.5,0.05,0.1,1.5,LCS_clean,0.0010033687576651573
electricity,pretrained,stl,p24_k4,n0.05_m0.1_w1.5,0.05,0.1,1.5,LCS_noise,0.004760601092129946
electricity,pretrained,stl,p24_k4,n0.05_m0.1_w1.5,0.05,0.1,1.5,LCS_mask,5.9155747294425964e-05
electricity,pretrained,stl,p24_k4,n0.05_m0.1_w1.5,0.05,0.1,1.5,LCS_warp,-0.0012981481850147247
electricity,pretrained,stl,p24_k4,n0.05_m0.1_w1.5,0.05,0.1,1.5,TSI_noise,0.9989310503005981
electricity,pretrained,stl,p24_k4,n0.05_m0.1_w1.5,0.05,0.1,1.5,TSI_mask,0.9997067451477051
electricity,pretrained,stl,p24_k4,n0.05_m0.1_w1.5,0.05,0.1,1.5,TSI_warp,0.9919936656951904
electricity,pretrained,stl,p24_k4,n0.05_m0.1_w1.5,0.05,0.1,1.5,GSP_noise,-0.0037572323344647884
electricity,pretrained,stl,p24_k4,n0.05_m0.1_w1.5,0.05,0.1,1.5,GSP_mask,0.0009442130103707314
electricity,pretrained,stl,p24_k4,n0.05_m0.1_w1.5,0.05,0.1,1.5,GSP_warp,0.002301516942679882
electricity,pretrained,stl,p24_k8,n0.05_m0.1_w1.5,0.05,0.1,1.5,LCS_clean,-0.01524264644831419
electricity,pretrained,stl,p24_k8,n0.05_m0.1_w1.5,0.05,0.1,1.5,LCS_noise,-0.01099785603582859
electricity,pretrained,stl,p24_k8,n0.05_m0.1_w1.5,0.05,0.1,1.5,LCS_mask,-0.015918966382741928
electricity,pretrained,stl,p24_k8,n0.05_m0.1_w1.5,0.05,0.1,1.5,LCS_warp,-0.01652360148727894
electricity,pretrained,stl,p24_k8,n0.05_m0.1_w1.5,0.05,0.1,1.5,TSI_noise,0.9989310503005981
electricity,pretrained,stl,p24_k8,n0.05_m0.1_w1.5,0.05,0.1,1.5,TSI_mask,0.9997067451477051
electricity,pretrained,stl,p24_k8,n0.05_m0.1_w1.5,0.05,0.1,1.5,TSI_warp,0.9919936656951904
electricity,pretrained,stl,p24_k8,n0.05_m0.1_w1.5,0.05,0.1,1.5,GSP_noise,-0.0042447904124855995
electricity,pretrained,stl,p24_k8,n0.05_m0.1_w1.5,0.05,0.1,1.5,GSP_mask,0.0006763199344277382
electricity,pretrained,stl,p24_k8,n0.05_m0.1_w1.5,0.05,0.1,1.5,GSP_warp,0.0012809550389647484
electricity,pretrained,stl,p24_k12,n0.05_m0.1_w1.5,0.05,0.1,1.5,LCS_clean,-0.03769192844629288
electricity,pretrained,stl,p24_k12,n0.05_m0.1_w1.5,0.05,0.1,1.5,LCS_noise,-0.034259259700775146
electricity,pretrained,stl,p24_k12,n0.05_m0.1_w1.5,0.05,0.1,1.5,LCS_mask,-0.04200330376625061
electricity,pretrained,stl,p24_k12,n0.05_m0.1_w1.5,0.05,0.1,1.5,LCS_warp,-0.043791282922029495
electricity,pretrained,stl,p24_k12,n0.05_m0.1_w1.5,0.05,0.1,1.5,TSI_noise,0.9989310503005981
electricity,pretrained,stl,p24_k12,n0.05_m0.1_w1.5,0.05,0.1,1.5,TSI_mask,0.9997067451477051
electricity,pretrained,stl,p24_k12,n0.05_m0.1_w1.5,0.05,0.1,1.5,TSI_warp,0.9919936656951904
electricity,pretrained,stl,p24_k12,n0.05_m0.1_w1.5,0.05,0.1,1.5,GSP_noise,-0.0034326687455177307
electricity,pretrained,stl,p24_k12,n0.05_m0.1_w1.5,0.05,0.1,1.5,GSP_mask,0.004311375319957733
electricity,pretrained,stl,p24_k12,n0.05_m0.1_w1.5,0.05,0.1,1.5,GSP_warp,0.006099354475736618
electricity,pretrained,stl,p48_k4,n0.05_m0.1_w1.5,0.05,0.1,1.5,LCS_clean,-0.02065553329885006
electricity,pretrained,stl,p48_k4,n0.05_m0.1_w1.5,0.05,0.1,1.5,LCS_noise,-0.015856225043535233
electricity,pretrained,stl,p48_k4,n0.05_m0.1_w1.5,0.05,0.1,1.5,LCS_mask,-0.01946300081908703
electricity,pretrained,stl,p48_k4,n0.05_m0.1_w1.5,0.05,0.1,1.5,LCS_warp,-0.021201975643634796
electricity,pretrained,stl,p48_k4,n0.05_m0.1_w1.5,0.05,0.1,1.5,TSI_noise,0.9989310503005981
electricity,pretrained,stl,p48_k4,n0.05_m0.1_w1.5,0.05,0.1,1.5,TSI_mask,0.9997067451477051
electricity,pretrained,stl,p48_k4,n0.05_m0.1_w1.5,0.05,0.1,1.5,TSI_warp,0.9919936656951904
electricity,pretrained,stl,p48_k4,n0.05_m0.1_w1.5,0.05,0.1,1.5,GSP_noise,-0.004799308255314827
electricity,pretrained,stl,p48_k4,n0.05_m0.1_w1.5,0.05,0.1,1.5,GSP_mask,-0.001192532479763031
electricity,pretrained,stl,p48_k4,n0.05_m0.1_w1.5,0.05,0.1,1.5,GSP_warp,0.0005464423447847366
electricity,pretrained,stl,p48_k8,n0.05_m0.1_w1.5,0.05,0.1,1.5,LCS_clean,-0.038437195122241974
electricity,pretrained,stl,p48_k8,n0.05_m0.1_w1.5,0.05,0.1,1.5,LCS_noise,-0.02886483632028103
electricity,pretrained,stl,p48_k8,n0.05_m0.1_w1.5,0.05,0.1,1.5,LCS_mask,-0.03802052512764931
electricity,pretrained,stl,p48_k8,n0.05_m0.1_w1.5,0.05,0.1,1.5,LCS_warp,-0.039453066885471344
electricity,pretrained,stl,p48_k8,n0.05_m0.1_w1.5,0.05,0.1,1.5,TSI_noise,0.9989310503005981
electricity,pretrained,stl,p48_k8,n0.05_m0.1_w1.5,0.05,0.1,1.5,TSI_mask,0.9997067451477051
electricity,pretrained,stl,p48_k8,n0.05_m0.1_w1.5,0.05,0.1,1.5,TSI_warp,0.9919936656951904
electricity,pretrained,stl,p48_k8,n0.05_m0.1_w1.5,0.05,0.1,1.5,GSP_noise,-0.009572358801960945
electricity,pretrained,stl,p48_k8,n0.05_m0.1_w1.5,0.05,0.1,1.5,GSP_mask,-0.0004166699945926666
electricity,pretrained,stl,p48_k8,n0.05_m0.1_w1.5,0.05,0.1,1.5,GSP_warp,0.0010158717632293701
electricity,pretrained,stl,p48_k12,n0.05_m0.1_w1.5,0.05,0.1,1.5,LCS_clean,-0.03637457638978958
electricity,pretrained,stl,p48_k12,n0.05_m0.1_w1.5,0.05,0.1,1.5,LCS_noise,-0.034008968621492386
electricity,pretrained,stl,p48_k12,n0.05_m0.1_w1.5,0.05,0.1,1.5,LCS_mask,-0.038768429309129715
electricity,pretrained,stl,p48_k12,n0.05_m0.1_w1.5,0.05,0.1,1.5,LCS_warp,-0.04514824599027634
electricity,pretrained,stl,p48_k12,n0.05_m0.1_w1.5,0.05,0.1,1.5,TSI_noise,0.9989310503005981
electricity,pretrained,stl,p48_k12,n0.05_m0.1_w1.5,0.05,0.1,1.5,TSI_mask,0.9997067451477051
electricity,pretrained,stl,p48_k12,n0.05_m0.1_w1.5,0.05,0.1,1.5,TSI_warp,0.9919936656951904
electricity,pretrained,stl,p48_k12,n0.05_m0.1_w1.5,0.05,0.1,1.5,GSP_noise,-0.0023656077682971954
electricity,pretrained,stl,p48_k12,n0.05_m0.1_w1.5,0.05,0.1,1.5,GSP_mask,0.0023938529193401337
electricity,pretrained,stl,p48_k12,n0.05_m0.1_w1.5,0.05,0.1,1.5,GSP_warp,0.008773669600486755
electricity,pretrained,stl,p96_k4,n0.05_m0.1_w1.5,0.05,0.1,1.5,LCS_clean,-0.024937734007835388
electricity,pretrained,stl,p96_k4,n0.05_m0.1_w1.5,0.05,0.1,1.5,LCS_noise,-0.020860949531197548
electricity,pretrained,stl,p96_k4,n0.05_m0.1_w1.5,0.05,0.1,1.5,LCS_mask,-0.02495681308209896
electricity,pretrained,stl,p96_k4,n0.05_m0.1_w1.5,0.05,0.1,1.5,LCS_warp,-0.025998182594776154
electricity,pretrained,stl,p96_k4,n0.05_m0.1_w1.5,0.05,0.1,1.5,TSI_noise,0.9989310503005981
electricity,pretrained,stl,p96_k4,n0.05_m0.1_w1.5,0.05,0.1,1.5,TSI_mask,0.9997067451477051
electricity,pretrained,stl,p96_k4,n0.05_m0.1_w1.5,0.05,0.1,1.5,TSI_warp,0.9919936656951904
electricity,pretrained,stl,p96_k4,n0.05_m0.1_w1.5,0.05,0.1,1.5,GSP_noise,-0.00407678447663784
electricity,pretrained,stl,p96_k4,n0.05_m0.1_w1.5,0.05,0.1,1.5,GSP_mask,1.9079074263572693e-05
electricity,pretrained,stl,p96_k4,n0.05_m0.1_w1.5,0.05,0.1,1.5,GSP_warp,0.0010604485869407654
electricity,pretrained,stl,p96_k8,n0.05_m0.1_w1.5,0.05,0.1,1.5,LCS_clean,-0.05526850000023842
electricity,pretrained,stl,p96_k8,n0.05_m0.1_w1.5,0.05,0.1,1.5,LCS_noise,-0.046562179923057556
electricity,pretrained,stl,p96_k8,n0.05_m0.1_w1.5,0.05,0.1,1.5,LCS_mask,-0.05629415065050125
electricity,pretrained,stl,p96_k8,n0.05_m0.1_w1.5,0.05,0.1,1.5,LCS_warp,-0.06288036704063416
electricity,pretrained,stl,p96_k8,n0.05_m0.1_w1.5,0.05,0.1,1.5,TSI_noise,0.9989310503005981
electricity,pretrained,stl,p96_k8,n0.05_m0.1_w1.5,0.05,0.1,1.5,TSI_mask,0.9997067451477051
electricity,pretrained,stl,p96_k8,n0.05_m0.1_w1.5,0.05,0.1,1.5,TSI_warp,0.9919936656951904
electricity,pretrained,stl,p96_k8,n0.05_m0.1_w1.5,0.05,0.1,1.5,GSP_noise,-0.008706320077180862
electricity,pretrained,stl,p96_k8,n0.05_m0.1_w1.5,0.05,0.1,1.5,GSP_mask,0.0010256506502628326
electricity,pretrained,stl,p96_k8,n0.05_m0.1_w1.5,0.05,0.1,1.5,GSP_warp,0.007611867040395737
electricity,pretrained,stl,p96_k12,n0.05_m0.1_w1.5,0.05,0.1,1.5,LCS_clean,-0.059412844479084015
electricity,pretrained,stl,p96_k12,n0.05_m0.1_w1.5,0.05,0.1,1.5,LCS_noise,-0.06838034093379974
electricity,pretrained,stl,p96_k12,n0.05_m0.1_w1.5,0.05,0.1,1.5,LCS_mask,-0.06034235283732414
electricity,pretrained,stl,p96_k12,n0.05_m0.1_w1.5,0.05,0.1,1.5,LCS_warp,-0.09040847420692444
electricity,pretrained,stl,p96_k12,n0.05_m0.1_w1.5,0.05,0.1,1.5,TSI_noise,0.9989310503005981
electricity,pretrained,stl,p96_k12,n0.05_m0.1_w1.5,0.05,0.1,1.5,TSI_mask,0.9997067451477051
electricity,pretrained,stl,p96_k12,n0.05_m0.1_w1.5,0.05,0.1,1.5,TSI_warp,0.9919936656951904
electricity,pretrained,stl,p96_k12,n0.05_m0.1_w1.5,0.05,0.1,1.5,GSP_noise,0.008967496454715729
electricity,pretrained,stl,p96_k12,n0.05_m0.1_w1.5,0.05,0.1,1.5,GSP_mask,0.0009295083582401276
electricity,pretrained,stl,p96_k12,n0.05_m0.1_w1.5,0.05,0.1,1.5,GSP_warp,0.030995629727840424
electricity,pretrained,phase8,na,n0.05_m0.1_w2,0.05,0.1,2.0,LCS_clean,-0.03533760830760002
electricity,pretrained,phase8,na,n0.05_m0.1_w2,0.05,0.1,2.0,LCS_noise,-0.03215331211686134
electricity,pretrained,phase8,na,n0.05_m0.1_w2,0.05,0.1,2.0,LCS_mask,-0.035641320049762726
electricity,pretrained,phase8,na,n0.05_m0.1_w2,0.05,0.1,2.0,LCS_warp,-0.048006825149059296
electricity,pretrained,phase8,na,n0.05_m0.1_w2,0.05,0.1,2.0,TSI_noise,0.9989250302314758
electricity,pretrained,phase8,na,n0.05_m0.1_w2,0.05,0.1,2.0,TSI_mask,0.999691367149353
electricity,pretrained,phase8,na,n0.05_m0.1_w2,0.05,0.1,2.0,TSI_warp,0.9894243478775024
electricity,pretrained,phase8,na,n0.05_m0.1_w2,0.05,0.1,2.0,GSP_noise,-0.003184296190738678
electricity,pretrained,phase8,na,n0.05_m0.1_w2,0.05,0.1,2.0,GSP_mask,0.00030371174216270447
electricity,pretrained,phase8,na,n0.05_m0.1_w2,0.05,0.1,2.0,GSP_warp,0.012669216841459274
electricity,pretrained,stl,p24_k4,n0.05_m0.1_w2,0.05,0.1,2.0,LCS_clean,0.0010033687576651573
electricity,pretrained,stl,p24_k4,n0.05_m0.1_w2,0.05,0.1,2.0,LCS_noise,0.006479107774794102
electricity,pretrained,stl,p24_k4,n0.05_m0.1_w2,0.05,0.1,2.0,LCS_mask,0.00017504999414086342
electricity,pretrained,stl,p24_k4,n0.05_m0.1_w2,0.05,0.1,2.0,LCS_warp,-0.004322169814258814
electricity,pretrained,stl,p24_k4,n0.05_m0.1_w2,0.05,0.1,2.0,TSI_noise,0.9989250302314758
electricity,pretrained,stl,p24_k4,n0.05_m0.1_w2,0.05,0.1,2.0,TSI_mask,0.999691367149353
electricity,pretrained,stl,p24_k4,n0.05_m0.1_w2,0.05,0.1,2.0,TSI_warp,0.9894243478775024
electricity,pretrained,stl,p24_k4,n0.05_m0.1_w2,0.05,0.1,2.0,GSP_noise,-0.005475739017128944
electricity,pretrained,stl,p24_k4,n0.05_m0.1_w2,0.05,0.1,2.0,GSP_mask,0.0008283187635242939
electricity,pretrained,stl,p24_k4,n0.05_m0.1_w2,0.05,0.1,2.0,GSP_warp,0.005325538571923971
electricity,pretrained,stl,p24_k8,n0.05_m0.1_w2,0.05,0.1,2.0,LCS_clean,-0.01524264644831419
electricity,pretrained,stl,p24_k8,n0.05_m0.1_w2,0.05,0.1,2.0,LCS_noise,-0.010088374838232994
electricity,pretrained,stl,p24_k8,n0.05_m0.1_w2,0.05,0.1,2.0,LCS_mask,-0.016829892992973328
electricity,pretrained,stl,p24_k8,n0.05_m0.1_w2,0.05,0.1,2.0,LCS_warp,-0.026651902124285698
electricity,pretrained,stl,p24_k8,n0.05_m0.1_w2,0.05,0.1,2.0,TSI_noise,0.9989250302314758
electricity,pretrained,stl,p24_k8,n0.05_m0.1_w2,0.05,0.1,2.0,TSI_mask,0.999691367149353
electricity,pretrained,stl,p24_k8,n0.05_m0.1_w2,0.05,0.1,2.0,TSI_warp,0.9894243478775024
electricity,pretrained,stl,p24_k8,n0.05_m0.1_w2,0.05,0.1,2.0,GSP_noise,-0.005154271610081196
electricity,pretrained,stl,p24_k8,n0.05_m0.1_w2,0.05,0.1,2.0,GSP_mask,0.0015872465446591377
electricity,pretrained,stl,p24_k8,n0.05_m0.1_w2,0.05,0.1,2.0,GSP_warp,0.011409255675971508
electricity,pretrained,stl,p24_k12,n0.05_m0.1_w2,0.05,0.1,2.0,LCS_clean,-0.03769192844629288
electricity,pretrained,stl,p24_k12,n0.05_m0.1_w2,0.05,0.1,2.0,LCS_noise,-0.040464043617248535
electricity,pretrained,stl,p24_k12,n0.05_m0.1_w2,0.05,0.1,2.0,LCS_mask,-0.046414732933044434
electricity,pretrained,stl,p24_k12,n0.05_m0.1_w2,0.05,0.1,2.0,LCS_warp,-0.06268001347780228
electricity,pretrained,stl,p24_k12,n0.05_m0.1_w2,0.05,0.1,2.0,TSI_noise,0.9989250302314758
electricity,pretrained,stl,p24_k12,n0.05_m0.1_w2,0.05,0.1,2.0,TSI_mask,0.999691367149353
electricity,pretrained,stl,p24_k12,n0.05_m0.1_w2,0.05,0.1,2.0,TSI_warp,0.9894243478775024
electricity,pretrained,stl,p24_k12,n0.05_m0.1_w2,0.05,0.1,2.0,GSP_noise,0.002772115170955658
electricity,pretrained,stl,p24_k12,n0.05_m0.1_w2,0.05,0.1,2.0,GSP_mask,0.008722804486751556
electricity,pretrained,stl,p24_k12,n0.05_m0.1_w2,0.05,0.1,2.0,GSP_warp,0.0249880850315094
electricity,pretrained,stl,p48_k4,n0.05_m0.1_w2,0.05,0.1,2.0,LCS_clean,-0.02065553329885006
electricity,pretrained,stl,p48_k4,n0.05_m0.1_w2,0.05,0.1,2.0,LCS_noise,-0.01678336411714554
electricity,pretrained,stl,p48_k4,n0.05_m0.1_w2,0.05,0.1,2.0,LCS_mask,-0.019721779972314835
electricity,pretrained,stl,p48_k4,n0.05_m0.1_w2,0.05,0.1,2.0,LCS_warp,-0.015437551774084568
electricity,pretrained,stl,p48_k4,n0.05_m0.1_w2,0.05,0.1,2.0,TSI_noise,0.9989250302314758
electricity,pretrained,stl,p48_k4,n0.05_m0.1_w2,0.05,0.1,2.0,TSI_mask,0.999691367149353
electricity,pretrained,stl,p48_k4,n0.05_m0.1_w2,0.05,0.1,2.0,TSI_warp,0.9894243478775024
electricity,pretrained,stl,p48_k4,n0.05_m0.1_w2,0.05,0.1,2.0,GSP_noise,-0.003872169181704521
electricity,pretrained,stl,p48_k4,n0.05_m0.1_w2,0.05,0.1,2.0,GSP_mask,-0.0009337533265352249
electricity,pretrained,stl,p48_k4,n0.05_m0.1_w2,0.05,0.1,2.0,GSP_warp,-0.0052179815247654915
electricity,pretrained,stl,p48_k8,n0.05_m0.1_w2,0.05,0.1,2.0,LCS_clean,-0.038437195122241974
electricity,pretrained,stl,p48_k8,n0.05_m0.1_w2,0.05,0.1,2.0,LCS_noise,-0.026034843176603317
electricity,pretrained,stl,p48_k8,n0.05_m0.1_w2,0.05,0.1,2.0,LCS_mask,-0.040349800139665604
electricity,pretrained,stl,p48_k8,n0.05_m0.1_w2,0.05,0.1,2.0,LCS_warp,-0.04464816302061081
electricity,pretrained,stl,p48_k8,n0.05_m0.1_w2,0.05,0.1,2.0,TSI_noise,0.9989250302314758
electricity,pretrained,stl,p48_k8,n0.05_m0.1_w2,0.05,0.1,2.0,TSI_mask,0.999691367149353
electricity,pretrained,stl,p48_k8,n0.05_m0.1_w2,0.05,0.1,2.0,TSI_warp,0.9894243478775024
electricity,pretrained,stl,p48_k8,n0.05_m0.1_w2,0.05,0.1,2.0,GSP_noise,-0.012402351945638657
electricity,pretrained,stl,p48_k8,n0.05_m0.1_w2,0.05,0.1,2.0,GSP_mask,0.0019126050174236298
electricity,pretrained,stl,p48_k8,n0.05_m0.1_w2,0.05,0.1,2.0,GSP_warp,0.0062109678983688354
electricity,pretrained,stl,p48_k12,n0.05_m0.1_w2,0.05,0.1,2.0,LCS_clean,-0.03637457638978958
electricity,pretrained,stl,p48_k12,n0.05_m0.1_w2,0.05,0.1,2.0,LCS_noise,-0.03454255685210228
electricity,pretrained,stl,p48_k12,n0.05_m0.1_w2,0.05,0.1,2.0,LCS_mask,-0.03763538599014282
electricity,pretrained,stl,p48_k12,n0.05_m0.1_w2,0.05,0.1,2.0,LCS_warp,-0.048491813242435455
electricity,pretrained,stl,p48_k12,n0.05_m0.1_w2,0.05,0.1,2.0,TSI_noise,0.9989250302314758
electricity,pretrained,stl,p48_k12,n0.05_m0.1_w2,0.05,0.1,2.0,TSI_mask,0.999691367149353
electricity,pretrained,stl,p48_k12,n0.05_m0.1_w2,0.05,0.1,2.0,TSI_warp,0.9894243478775024
electricity,pretrained,stl,p48_k12,n0.05_m0.1_w2,0.05,0.1,2.0,GSP_noise,-0.0018320195376873016
electricity,pretrained,stl,p48_k12,n0.05_m0.1_w2,0.05,0.1,2.0,GSP_mask,0.001260809600353241
electricity,pretrained,stl,p48_k12,n0.05_m0.1_w2,0.05,0.1,2.0,GSP_warp,0.012117236852645874
electricity,pretrained,stl,p96_k4,n0.05_m0.1_w2,0.05,0.1,2.0,LCS_clean,-0.024937734007835388
electricity,pretrained,stl,p96_k4,n0.05_m0.1_w2,0.05,0.1,2.0,LCS_noise,-0.024016041308641434
electricity,pretrained,stl,p96_k4,n0.05_m0.1_w2,0.05,0.1,2.0,LCS_mask,-0.025118721649050713
electricity,pretrained,stl,p96_k4,n0.05_m0.1_w2,0.05,0.1,2.0,LCS_warp,-0.028948137536644936
electricity,pretrained,stl,p96_k4,n0.05_m0.1_w2,0.05,0.1,2.0,TSI_noise,0.9989250302314758
electricity,pretrained,stl,p96_k4,n0.05_m0.1_w2,0.05,0.1,2.0,TSI_mask,0.999691367149353
electricity,pretrained,stl,p96_k4,n0.05_m0.1_w2,0.05,0.1,2.0,TSI_warp,0.9894243478775024
electricity,pretrained,stl,p96_k4,n0.05_m0.1_w2,0.05,0.1,2.0,GSP_noise,-0.0009216926991939545
electricity,pretrained,stl,p96_k4,n0.05_m0.1_w2,0.05,0.1,2.0,GSP_mask,0.0001809876412153244
electricity,pretrained,stl,p96_k4,n0.05_m0.1_w2,0.05,0.1,2.0,GSP_warp,0.004010403528809547
electricity,pretrained,stl,p96_k8,n0.05_m0.1_w2,0.05,0.1,2.0,LCS_clean,-0.05526850000023842
electricity,pretrained,stl,p96_k8,n0.05_m0.1_w2,0.05,0.1,2.0,LCS_noise,-0.04579421877861023
electricity,pretrained,stl,p96_k8,n0.05_m0.1_w2,0.05,0.1,2.0,LCS_mask,-0.054423604160547256
electricity,pretrained,stl,p96_k8,n0.05_m0.1_w2,0.05,0.1,2.0,LCS_warp,-0.0503317192196846
electricity,pretrained,stl,p96_k8,n0.05_m0.1_w2,0.05,0.1,2.0,TSI_noise,0.9989250302314758
electricity,pretrained,stl,p96_k8,n0.05_m0.1_w2,0.05,0.1,2.0,TSI_mask,0.999691367149353
electricity,pretrained,stl,p96_k8,n0.05_m0.1_w2,0.05,0.1,2.0,TSI_warp,0.9894243478775024
electricity,pretrained,stl,p96_k8,n0.05_m0.1_w2,0.05,0.1,2.0,GSP_noise,-0.009474281221628189
electricity,pretrained,stl,p96_k8,n0.05_m0.1_w2,0.05,0.1,2.0,GSP_mask,-0.0008448958396911621
electricity,pretrained,stl,p96_k8,n0.05_m0.1_w2,0.05,0.1,2.0,GSP_warp,-0.004936780780553818
electricity,pretrained,stl,p96_k12,n0.05_m0.1_w2,0.05,0.1,2.0,LCS_clean,-0.059412844479084015
electricity,pretrained,stl,p96_k12,n0.05_m0.1_w2,0.05,0.1,2.0,LCS_noise,-0.07164005935192108
electricity,pretrained,stl,p96_k12,n0.05_m0.1_w2,0.05,0.1,2.0,LCS_mask,-0.061903879046440125
electricity,pretrained,stl,p96_k12,n0.05_m0.1_w2,0.05,0.1,2.0,LCS_warp,-0.07478580623865128
electricity,pretrained,stl,p96_k12,n0.05_m0.1_w2,0.05,0.1,2.0,TSI_noise,0.9989250302314758
electricity,pretrained,stl,p96_k12,n0.05_m0.1_w2,0.05,0.1,2.0,TSI_mask,0.999691367149353
electricity,pretrained,stl,p96_k12,n0.05_m0.1_w2,0.05,0.1,2.0,TSI_warp,0.9894243478775024
electricity,pretrained,stl,p96_k12,n0.05_m0.1_w2,0.05,0.1,2.0,GSP_noise,0.012227214872837067
electricity,pretrained,stl,p96_k12,n0.05_m0.1_w2,0.05,0.1,2.0,GSP_mask,0.0024910345673561096
electricity,pretrained,stl,p96_k12,n0.05_m0.1_w2,0.05,0.1,2.0,GSP_warp,0.01537296175956726
electricity,pretrained,phase8,na,n0.05_m0.1_w3,0.05,0.1,3.0,LCS_clean,-0.03533760830760002
electricity,pretrained,phase8,na,n0.05_m0.1_w3,0.05,0.1,3.0,LCS_noise,-0.03481665998697281
electricity,pretrained,phase8,na,n0.05_m0.1_w3,0.05,0.1,3.0,LCS_mask,-0.034289468079805374
electricity,pretrained,phase8,na,n0.05_m0.1_w3,0.05,0.1,3.0,LCS_warp,-0.03245982527732849
electricity,pretrained,phase8,na,n0.05_m0.1_w3,0.05,0.1,3.0,TSI_noise,0.9989151954650879
electricity,pretrained,phase8,na,n0.05_m0.1_w3,0.05,0.1,3.0,TSI_mask,0.9996984601020813
electricity,pretrained,phase8,na,n0.05_m0.1_w3,0.05,0.1,3.0,TSI_warp,0.9880614280700684
electricity,pretrained,phase8,na,n0.05_m0.1_w3,0.05,0.1,3.0,GSP_noise,-0.0005209483206272125
electricity,pretrained,phase8,na,n0.05_m0.1_w3,0.05,0.1,3.0,GSP_mask,-0.0010481402277946472
electricity,pretrained,phase8,na,n0.05_m0.1_w3,0.05,0.1,3.0,GSP_warp,-0.00287778303027153
electricity,pretrained,stl,p24_k4,n0.05_m0.1_w3,0.05,0.1,3.0,LCS_clean,0.0010033687576651573
electricity,pretrained,stl,p24_k4,n0.05_m0.1_w3,0.05,0.1,3.0,LCS_noise,0.005903361830860376
electricity,pretrained,stl,p24_k4,n0.05_m0.1_w3,0.05,0.1,3.0,LCS_mask,0.00175467599183321
electricity,pretrained,stl,p24_k4,n0.05_m0.1_w3,0.05,0.1,3.0,LCS_warp,-0.0071222418919205666
electricity,pretrained,stl,p24_k4,n0.05_m0.1_w3,0.05,0.1,3.0,TSI_noise,0.9989151954650879
electricity,pretrained,stl,p24_k4,n0.05_m0.1_w3,0.05,0.1,3.0,TSI_mask,0.9996984601020813
electricity,pretrained,stl,p24_k4,n0.05_m0.1_w3,0.05,0.1,3.0,TSI_warp,0.9880614280700684
electricity,pretrained,stl,p24_k4,n0.05_m0.1_w3,0.05,0.1,3.0,GSP_noise,-0.004899993073195219
electricity,pretrained,stl,p24_k4,n0.05_m0.1_w3,0.05,0.1,3.0,GSP_mask,-0.0007513072341680527
electricity,pretrained,stl,p24_k4,n0.05_m0.1_w3,0.05,0.1,3.0,GSP_warp,0.008125610649585724
electricity,pretrained,stl,p24_k8,n0.05_m0.1_w3,0.05,0.1,3.0,LCS_clean,-0.01524264644831419
electricity,pretrained,stl,p24_k8,n0.05_m0.1_w3,0.05,0.1,3.0,LCS_noise,-0.011445006355643272
electricity,pretrained,stl,p24_k8,n0.05_m0.1_w3,0.05,0.1,3.0,LCS_mask,-0.014165764674544334
electricity,pretrained,stl,p24_k8,n0.05_m0.1_w3,0.05,0.1,3.0,LCS_warp,-0.03240305930376053
electricity,pretrained,stl,p24_k8,n0.05_m0.1_w3,0.05,0.1,3.0,TSI_noise,0.9989151954650879
electricity,pretrained,stl,p24_k8,n0.05_m0.1_w3,0.05,0.1,3.0,TSI_mask,0.9996984601020813
electricity,pretrained,stl,p24_k8,n0.05_m0.1_w3,0.05,0.1,3.0,TSI_warp,0.9880614280700684
electricity,pretrained,stl,p24_k8,n0.05_m0.1_w3,0.05,0.1,3.0,GSP_noise,-0.0037976400926709175
electricity,pretrained,stl,p24_k8,n0.05_m0.1_w3,0.05,0.1,3.0,GSP_mask,-0.0010768817737698555
electricity,pretrained,stl,p24_k8,n0.05_m0.1_w3,0.05,0.1,3.0,GSP_warp,0.01716041285544634
electricity,pretrained,stl,p24_k12,n0.05_m0.1_w3,0.05,0.1,3.0,LCS_clean,-0.03769192844629288
electricity,pretrained,stl,p24_k12,n0.05_m0.1_w3,0.05,0.1,3.0,LCS_noise,-0.027763731777668
electricity,pretrained,stl,p24_k12,n0.05_m0.1_w3,0.05,0.1,3.0,LCS_mask,-0.040129974484443665
electricity,pretrained,stl,p24_k12,n0.05_m0.1_w3,0.05,0.1,3.0,LCS_warp,-0.08052899688482285
electricity,pretrained,stl,p24_k12,n0.05_m0.1_w3,0.05,0.1,3.0,TSI_noise,0.9989151954650879
electricity,pretrained,stl,p24_k12,n0.05_m0.1_w3,0.05,0.1,3.0,TSI_mask,0.9996984601020813
electricity,pretrained,stl,p24_k12,n0.05_m0.1_w3,0.05,0.1,3.0,TSI_warp,0.9880614280700684
electricity,pretrained,stl,p24_k12,n0.05_m0.1_w3,0.05,0.1,3.0,GSP_noise,-0.009928196668624878
electricity,pretrained,stl,p24_k12,n0.05_m0.1_w3,0.05,0.1,3.0,GSP_mask,0.0024380460381507874
electricity,pretrained,stl,p24_k12,n0.05_m0.1_w3,0.05,0.1,3.0,GSP_warp,0.04283706843852997
electricity,pretrained,stl,p48_k4,n0.05_m0.1_w3,0.05,0.1,3.0,LCS_clean,-0.02065553329885006
electricity,pretrained,stl,p48_k4,n0.05_m0.1_w3,0.05,0.1,3.0,LCS_noise,-0.01625126227736473
electricity,pretrained,stl,p48_k4,n0.05_m0.1_w3,0.05,0.1,3.0,LCS_mask,-0.020514488220214844
electricity,pretrained,stl,p48_k4,n0.05_m0.1_w3,0.05,0.1,3.0,LCS_warp,-0.01561362762004137
electricity,pretrained,stl,p48_k4,n0.05_m0.1_w3,0.05,0.1,3.0,TSI_noise,0.9989151954650879
electricity,pretrained,stl,p48_k4,n0.05_m0.1_w3,0.05,0.1,3.0,TSI_mask,0.9996984601020813
electricity,pretrained,stl,p48_k4,n0.05_m0.1_w3,0.05,0.1,3.0,TSI_warp,0.9880614280700684
electricity,pretrained,stl,p48_k4,n0.05_m0.1_w3,0.05,0.1,3.0,GSP_noise,-0.004404271021485329
electricity,pretrained,stl,p48_k4,n0.05_m0.1_w3,0.05,0.1,3.0,GSP_mask,-0.00014104507863521576
electricity,pretrained,stl,p48_k4,n0.05_m0.1_w3,0.05,0.1,3.0,GSP_warp,-0.005041905678808689
electricity,pretrained,stl,p48_k8,n0.05_m0.1_w3,0.05,0.1,3.0,LCS_clean,-0.038437195122241974
electricity,pretrained,stl,p48_k8,n0.05_m0.1_w3,0.05,0.1,3.0,LCS_noise,-0.028605690225958824
electricity,pretrained,stl,p48_k8,n0.05_m0.1_w3,0.05,0.1,3.0,LCS_mask,-0.03842766582965851
electricity,pretrained,stl,p48_k8,n0.05_m0.1_w3,0.05,0.1,3.0,LCS_warp,-0.04933782294392586
electricity,pretrained,stl,p48_k8,n0.05_m0.1_w3,0.05,0.1,3.0,TSI_noise,0.9989151954650879
electricity,pretrained,stl,p48_k8,n0.05_m0.1_w3,0.05,0.1,3.0,TSI_mask,0.9996984601020813
electricity,pretrained,stl,p48_k8,n0.05_m0.1_w3,0.05,0.1,3.0,TSI_warp,0.9880614280700684
electricity,pretrained,stl,p48_k8,n0.05_m0.1_w3,0.05,0.1,3.0,GSP_noise,-0.00983150489628315
electricity,pretrained,stl,p48_k8,n0.05_m0.1_w3,0.05,0.1,3.0,GSP_mask,-9.529292583465576e-06
electricity,pretrained,stl,p48_k8,n0.05_m0.1_w3,0.05,0.1,3.0,GSP_warp,0.010900627821683884
electricity,pretrained,stl,p48_k12,n0.05_m0.1_w3,0.05,0.1,3.0,LCS_clean,-0.03637457638978958
electricity,pretrained,stl,p48_k12,n0.05_m0.1_w3,0.05,0.1,3.0,LCS_noise,-0.03489154949784279
electricity,pretrained,stl,p48_k12,n0.05_m0.1_w3,0.05,0.1,3.0,LCS_mask,-0.037510424852371216
electricity,pretrained,stl,p48_k12,n0.05_m0.1_w3,0.05,0.1,3.0,LCS_warp,-0.056038856506347656
electricity,pretrained,stl,p48_k12,n0.05_m0.1_w3,0.05,0.1,3.0,TSI_noise,0.9989151954650879
electricity,pretrained,stl,p48_k12,n0.05_m0.1_w3,0.05,0.1,3.0,TSI_mask,0.9996984601020813
electricity,pretrained,stl,p48_k12,n0.05_m0.1_w3,0.05,0.1,3.0,TSI_warp,0.9880614280700684
electricity,pretrained,stl,p48_k12,n0.05_m0.1_w3,0.05,0.1,3.0,GSP_noise,-0.0014830268919467926
electricity,pretrained,stl,p48_k12,n0.05_m0.1_w3,0.05,0.1,3.0,GSP_mask,0.0011358484625816345
electricity,pretrained,stl,p48_k12,n0.05_m0.1_w3,0.05,0.1,3.0,GSP_warp,0.019664280116558075
electricity,pretrained,stl,p96_k4,n0.05_m0.1_w3,0.05,0.1,3.0,LCS_clean,-0.024937734007835388
electricity,pretrained,stl,p96_k4,n0.05_m0.1_w3,0.05,0.1,3.0,LCS_noise,-0.021782604977488518
electricity,pretrained,stl,p96_k4,n0.05_m0.1_w3,0.05,0.1,3.0,LCS_mask,-0.02467663772404194
electricity,pretrained,stl,p96_k4,n0.05_m0.1_w3,0.05,0.1,3.0,LCS_warp,-0.02883206307888031
electricity,pretrained,stl,p96_k4,n0.05_m0.1_w3,0.05,0.1,3.0,TSI_noise,0.9989151954650879
electricity,pretrained,stl,p96_k4,n0.05_m0.1_w3,0.05,0.1,3.0,TSI_mask,0.9996984601020813
electricity,pretrained,stl,p96_k4,n0.05_m0.1_w3,0.05,0.1,3.0,TSI_warp,0.9880614280700684
electricity,pretrained,stl,p96_k4,n0.05_m0.1_w3,0.05,0.1,3.0,GSP_noise,-0.0031551290303468704
electricity,pretrained,stl,p96_k4,n0.05_m0.1_w3,0.05,0.1,3.0,GSP_mask,-0.0002610962837934494
electricity,pretrained,stl,p96_k4,n0.05_m0.1_w3,0.05,0.1,3.0,GSP_warp,0.003894329071044922
electricity,pretrained,stl,p96_k8,n0.05_m0.1_w3,0.05,0.1,3.0,LCS_clean,-0.05526850000023842
electricity,pretrained,stl,p96_k8,n0.05_m0.1_w3,0.05,0.1,3.0,LCS_noise,-0.0486464761197567
electricity,pretrained,stl,p96_k8,n0.05_m0.1_w3,0.05,0.1,3.0,LCS_mask,-0.05541183426976204
electricity,pretrained,stl,p96_k8,n0.05_m0.1_w3,0.05,0.1,3.0,LCS_warp,-0.04457984119653702
electricity,pretrained,stl,p96_k8,n0.05_m0.1_w3,0.05,0.1,3.0,TSI_noise,0.9989151954650879
electricity,pretrained,stl,p96_k8,n0.05_m0.1_w3,0.05,0.1,3.0,TSI_mask,0.9996984601020813
electricity,pretrained,stl,p96_k8,n0.05_m0.1_w3,0.05,0.1,3.0,TSI_warp,0.9880614280700684
electricity,pretrained,stl,p96_k8,n0.05_m0.1_w3,0.05,0.1,3.0,GSP_noise,-0.00662202388048172
electricity,pretrained,stl,p96_k8,n0.05_m0.1_w3,0.05,0.1,3.0,GSP_mask,0.0001433342695236206
electricity,pretrained,stl,p96_k8,n0.05_m0.1_w3,0.05,0.1,3.0,GSP_warp,-0.0106886588037014
electricity,pretrained,stl,p96_k12,n0.05_m0.1_w3,0.05,0.1,3.0,LCS_clean,-0.059412844479084015
electricity,pretrained,stl,p96_k12,n0.05_m0.1_w3,0.05,0.1,3.0,LCS_noise,-0.06735607981681824
electricity,pretrained,stl,p96_k12,n0.05_m0.1_w3,0.05,0.1,3.0,LCS_mask,-0.058150917291641235
electricity,pretrained,stl,p96_k12,n0.05_m0.1_w3,0.05,0.1,3.0,LCS_warp,-0.07891947031021118
electricity,pretrained,stl,p96_k12,n0.05_m0.1_w3,0.05,0.1,3.0,TSI_noise,0.9989151954650879
electricity,pretrained,stl,p96_k12,n0.05_m0.1_w3,0.05,0.1,3.0,TSI_mask,0.9996984601020813
electricity,pretrained,stl,p96_k12,n0.05_m0.1_w3,0.05,0.1,3.0,TSI_warp,0.9880614280700684
electricity,pretrained,stl,p96_k12,n0.05_m0.1_w3,0.05,0.1,3.0,GSP_noise,0.007943235337734222
electricity,pretrained,stl,p96_k12,n0.05_m0.1_w3,0.05,0.1,3.0,GSP_mask,-0.0012619271874427795
electricity,pretrained,stl,p96_k12,n0.05_m0.1_w3,0.05,0.1,3.0,GSP_warp,0.019506625831127167
electricity,random-reset,phase8,na,n0.01_m0.03_w1.5,0.01,0.03,1.5,LCS_clean,-0.0685289204120636
electricity,random-reset,phase8,na,n0.01_m0.03_w1.5,0.01,0.03,1.5,LCS_noise,-0.06443692743778229
electricity,random-reset,phase8,na,n0.01_m0.03_w1.5,0.01,0.03,1.5,LCS_mask,-0.0693855732679367
electricity,random-reset,phase8,na,n0.01_m0.03_w1.5,0.01,0.03,1.5,LCS_warp,-0.055319495499134064
electricity,random-reset,phase8,na,n0.01_m0.03_w1.5,0.01,0.03,1.5,TSI_noise,0.9999918341636658
electricity,random-reset,phase8,na,n0.01_m0.03_w1.5,0.01,0.03,1.5,TSI_mask,0.9999954700469971
electricity,random-reset,phase8,na,n0.01_m0.03_w1.5,0.01,0.03,1.5,TSI_warp,0.9995633363723755
electricity,random-reset,phase8,na,n0.01_m0.03_w1.5,0.01,0.03,1.5,GSP_noise,-0.004091992974281311
electricity,random-reset,phase8,na,n0.01_m0.03_w1.5,0.01,0.03,1.5,GSP_mask,0.0008566528558731079
electricity,random-reset,phase8,na,n0.01_m0.03_w1.5,0.01,0.03,1.5,GSP_warp,-0.013209424912929535
electricity,random-reset,stl,p24_k4,n0.01_m0.03_w1.5,0.01,0.03,1.5,LCS_clean,-0.022040951997041702
electricity,random-reset,stl,p24_k4,n0.01_m0.03_w1.5,0.01,0.03,1.5,LCS_noise,-0.01984979584813118
electricity,random-reset,stl,p24_k4,n0.01_m0.03_w1.5,0.01,0.03,1.5,LCS_mask,-0.021844055503606796
electricity,random-reset,stl,p24_k4,n0.01_m0.03_w1.5,0.01,0.03,1.5,LCS_warp,-0.016705455258488655
electricity,random-reset,stl,p24_k4,n0.01_m0.03_w1.5,0.01,0.03,1.5,TSI_noise,0.9999918341636658
electricity,random-reset,stl,p24_k4,n0.01_m0.03_w1.5,0.01,0.03,1.5,TSI_mask,0.9999954700469971
electricity,random-reset,stl,p24_k4,n0.01_m0.03_w1.5,0.01,0.03,1.5,TSI_warp,0.9995633363723755
electricity,random-reset,stl,p24_k4,n0.01_m0.03_w1.5,0.01,0.03,1.5,GSP_noise,-0.0021911561489105225
electricity,random-reset,stl,p24_k4,n0.01_m0.03_w1.5,0.01,0.03,1.5,GSP_mask,-0.000196896493434906
electricity,random-reset,stl,p24_k4,n0.01_m0.03_w1.5,0.01,0.03,1.5,GSP_warp,-0.005335496738553047
electricity,random-reset,stl,p24_k8,n0.01_m0.03_w1.5,0.01,0.03,1.5,LCS_clean,-0.03387261554598808
electricity,random-reset,stl,p24_k8,n0.01_m0.03_w1.5,0.01,0.03,1.5,LCS_noise,-0.03183393552899361
electricity,random-reset,stl,p24_k8,n0.01_m0.03_w1.5,0.01,0.03,1.5,LCS_mask,-0.03350914269685745
electricity,random-reset,stl,p24_k8,n0.01_m0.03_w1.5,0.01,0.03,1.5,LCS_warp,-0.029031306505203247
electricity,random-reset,stl,p24_k8,n0.01_m0.03_w1.5,0.01,0.03,1.5,TSI_noise,0.9999918341636658
electricity,random-reset,stl,p24_k8,n0.01_m0.03_w1.5,0.01,0.03,1.5,TSI_mask,0.9999954700469971
electricity,random-reset,stl,p24_k8,n0.01_m0.03_w1.5,0.01,0.03,1.5,TSI_warp,0.9995633363723755
electricity,random-reset,stl,p24_k8,n0.01_m0.03_w1.5,0.01,0.03,1.5,GSP_noise,-0.0020386800169944763
electricity,random-reset,stl,p24_k8,n0.01_m0.03_w1.5,0.01,0.03,1.5,GSP_mask,-0.0003634728491306305
electricity,random-reset,stl,p24_k8,n0.01_m0.03_w1.5,0.01,0.03,1.5,GSP_warp,-0.004841309040784836
electricity,random-reset,stl,p24_k12,n0.01_m0.03_w1.5,0.01,0.03,1.5,LCS_clean,-0.18947455286979675
electricity,random-reset,stl,p24_k12,n0.01_m0.03_w1.5,0.01,0.03,1.5,LCS_noise,-0.18731991946697235
electricity,random-reset,stl,p24_k12,n0.01_m0.03_w1.5,0.01,0.03,1.5,LCS_mask,-0.18950945138931274
electricity,random-reset,stl,p24_k12,n0.01_m0.03_w1.5,0.01,0.03,1.5,LCS_warp,-0.21400147676467896
electricity,random-reset,stl,p24_k12,n0.01_m0.03_w1.5,0.01,0.03,1.5,TSI_noise,0.9999918341636658
electricity,random-reset,stl,p24_k12,n0.01_m0.03_w1.5,0.01,0.03,1.5,TSI_mask,0.9999954700469971
electricity,random-reset,stl,p24_k12,n0.01_m0.03_w1.5,0.01,0.03,1.5,TSI_warp,0.9995633363723755
electricity,random-reset,stl,p24_k12,n0.01_m0.03_w1.5,0.01,0.03,1.5,GSP_noise,-0.002154633402824402
electricity,random-reset,stl,p24_k12,n0.01_m0.03_w1.5,0.01,0.03,1.5,GSP_mask,3.489851951599121e-05
electricity,random-reset,stl,p24_k12,n0.01_m0.03_w1.5,0.01,0.03,1.5,GSP_warp,0.024526923894882202
electricity,random-reset,stl,p48_k4,n0.01_m0.03_w1.5,0.01,0.03,1.5,LCS_clean,-0.029753893613815308
electricity,random-reset,stl,p48_k4,n0.01_m0.03_w1.5,0.01,0.03,1.5,LCS_noise,-0.027483386918902397
electricity,random-reset,stl,p48_k4,n0.01_m0.03_w1.5,0.01,0.03,1.5,LCS_mask,-0.029575597494840622
electricity,random-reset,stl,p48_k4,n0.01_m0.03_w1.5,0.01,0.03,1.5,LCS_warp,-0.027228452265262604
electricity,random-reset,stl,p48_k4,n0.01_m0.03_w1.5,0.01,0.03,1.5,TSI_noise,0.9999918341636658
electricity,random-reset,stl,p48_k4,n0.01_m0.03_w1.5,0.01,0.03,1.5,TSI_mask,0.9999954700469971
electricity,random-reset,stl,p48_k4,n0.01_m0.03_w1.5,0.01,0.03,1.5,TSI_warp,0.9995633363723755
electricity,random-reset,stl,p48_k4,n0.01_m0.03_w1.5,0.01,0.03,1.5,GSP_noise,-0.0022705066949129105
electricity,random-reset,stl,p48_k4,n0.01_m0.03_w1.5,0.01,0.03,1.5,GSP_mask,-0.00017829611897468567
electricity,random-reset,stl,p48_k4,n0.01_m0.03_w1.5,0.01,0.03,1.5,GSP_warp,-0.002525441348552704
electricity,random-reset,stl,p48_k8,n0.01_m0.03_w1.5,0.01,0.03,1.5,LCS_clean,-0.20137032866477966
electricity,random-reset,stl,p48_k8,n0.01_m0.03_w1.5,0.01,0.03,1.5,LCS_noise,-0.19971951842308044
electricity,random-reset,stl,p48_k8,n0.01_m0.03_w1.5,0.01,0.03,1.5,LCS_mask,-0.2015940248966217
electricity,random-reset,stl,p48_k8,n0.01_m0.03_w1.5,0.01,0.03,1.5,LCS_warp,-0.22107207775115967
electricity,random-reset,stl,p48_k8,n0.01_m0.03_w1.5,0.01,0.03,1.5,TSI_noise,0.9999918341636658
electricity,random-reset,stl,p48_k8,n0.01_m0.03_w1.5,0.01,0.03,1.5,TSI_mask,0.9999954700469971
electricity,random-reset,stl,p48_k8,n0.01_m0.03_w1.5,0.01,0.03,1.5,TSI_warp,0.9995633363723755
electricity,random-reset,stl,p48_k8,n0.01_m0.03_w1.5,0.01,0.03,1.5,GSP_noise,-0.0016508102416992188
electricity,random-reset,stl,p48_k8,n0.01_m0.03_w1.5,0.01,0.03,1.5,GSP_mask,0.00022369623184204102
electricity,random-reset,stl,p48_k8,n0.01_m0.03_w1.5,0.01,0.03,1.5,GSP_warp,0.019701749086380005
electricity,random-reset,stl,p48_k12,n0.01_m0.03_w1.5,0.01,0.03,1.5,LCS_clean,-0.1944175660610199
electricity,random-reset,stl,p48_k12,n0.01_m0.03_w1.5,0.01,0.03,1.5,LCS_noise,-0.19411012530326843
electricity,random-reset,stl,p48_k12,n0.01_m0.03_w1.5,0.01,0.03,1.5,LCS_mask,-0.19431157410144806
electricity,random-reset,stl,p48_k12,n0.01_m0.03_w1.5,0.01,0.03,1.5,LCS_warp,-0.21541568636894226
electricity,random-reset,stl,p48_k12,n0.01_m0.03_w1.5,0.01,0.03,1.5,TSI_noise,0.9999918341636658
electricity,random-reset,stl,p48_k12,n0.01_m0.03_w1.5,0.01,0.03,1.5,TSI_mask,0.9999954700469971
electricity,random-reset,stl,p48_k12,n0.01_m0.03_w1.5,0.01,0.03,1.5,TSI_warp,0.9995633363723755
electricity,random-reset,stl,p48_k12,n0.01_m0.03_w1.5,0.01,0.03,1.5,GSP_noise,-0.00030744075775146484
electricity,random-reset,stl,p48_k12,n0.01_m0.03_w1.5,0.01,0.03,1.5,GSP_mask,-0.00010599195957183838
electricity,random-reset,stl,p48_k12,n0.01_m0.03_w1.5,0.01,0.03,1.5,GSP_warp,0.020998120307922363
electricity,random-reset,stl,p96_k4,n0.01_m0.03_w1.5,0.01,0.03,1.5,LCS_clean,-0.23525123298168182
electricity,random-reset,stl,p96_k4,n0.01_m0.03_w1.5,0.01,0.03,1.5,LCS_noise,-0.23218470811843872
electricity,random-reset,stl,p96_k4,n0.01_m0.03_w1.5,0.01,0.03,1.5,LCS_mask,-0.23551656305789948
electricity,random-reset,stl,p96_k4,n0.01_m0.03_w1.5,0.01,0.03,1.5,LCS_warp,-0.24603140354156494
electricity,random-reset,stl,p96_k4,n0.01_m0.03_w1.5,0.01,0.03,1.5,TSI_noise,0.9999918341636658
electricity,random-reset,stl,p96_k4,n0.01_m0.03_w1.5,0.01,0.03,1.5,TSI_mask,0.9999954700469971
electricity,random-reset,stl,p96_k4,n0.01_m0.03_w1.5,0.01,0.03,1.5,TSI_warp,0.9995633363723755
electricity,random-reset,stl,p96_k4,n0.01_m0.03_w1.5,0.01,0.03,1.5,GSP_noise,-0.003066524863243103
electricity,random-reset,stl,p96_k4,n0.01_m0.03_w1.5,0.01,0.03,1.5,GSP_mask,0.00026533007621765137
electricity,random-reset,stl,p96_k4,n0.01_m0.03_w1.5,0.01,0.03,1.5,GSP_warp,0.010780170559883118
electricity,random-reset,stl,p96_k8,n0.01_m0.03_w1.5,0.01,0.03,1.5,LCS_clean,-0.2340952455997467
electricity,random-reset,stl,p96_k8,n0.01_m0.03_w1.5,0.01,0.03,1.5,LCS_noise,-0.23096010088920593
electricity,random-reset,stl,p96_k8,n0.01_m0.03_w1.5,0.01,0.03,1.5,LCS_mask,-0.2344418168067932
electricity,random-reset,stl,p96_k8,n0.01_m0.03_w1.5,0.01,0.03,1.5,LCS_warp,-0.24506190419197083
electricity,random-reset,stl,p96_k8,n0.01_m0.03_w1.5,0.01,0.03,1.5,TSI_noise,0.9999918341636658
electricity,random-reset,stl,p96_k8,n0.01_m0.03_w1.5,0.01,0.03,1.5,TSI_mask,0.9999954700469971
electricity,random-reset,stl,p96_k8,n0.01_m0.03_w1.5,0.01,0.03,1.5,TSI_warp,0.9995633363723755
electricity,random-reset,stl,p96_k8,n0.01_m0.03_w1.5,0.01,0.03,1.5,GSP_noise,-0.0031351447105407715
electricity,random-reset,stl,p96_k8,n0.01_m0.03_w1.5,0.01,0.03,1.5,GSP_mask,0.0003465712070465088
electricity,random-reset,stl,p96_k8,n0.01_m0.03_w1.5,0.01,0.03,1.5,GSP_warp,0.010966658592224121
electricity,random-reset,stl,p96_k12,n0.01_m0.03_w1.5,0.01,0.03,1.5,LCS_clean,-0.22849425673484802
electricity,random-reset,stl,p96_k12,n0.01_m0.03_w1.5,0.01,0.03,1.5,LCS_noise,-0.22564926743507385
electricity,random-reset,stl,p96_k12,n0.01_m0.03_w1.5,0.01,0.03,1.5,LCS_mask,-0.22891944646835327
electricity,random-reset,stl,p96_k12,n0.01_m0.03_w1.5,0.01,0.03,1.5,LCS_warp,-0.24239586293697357
electricity,random-reset,stl,p96_k12,n0.01_m0.03_w1.5,0.01,0.03,1.5,TSI_noise,0.9999918341636658
electricity,random-reset,stl,p96_k12,n0.01_m0.03_w1.5,0.01,0.03,1.5,TSI_mask,0.9999954700469971
electricity,random-reset,stl,p96_k12,n0.01_m0.03_w1.5,0.01,0.03,1.5,TSI_warp,0.9995633363723755
electricity,random-reset,stl,p96_k12,n0.01_m0.03_w1.5,0.01,0.03,1.5,GSP_noise,-0.00284498929977417
electricity,random-reset,stl,p96_k12,n0.01_m0.03_w1.5,0.01,0.03,1.5,GSP_mask,0.000425189733505249
electricity,random-reset,stl,p96_k12,n0.01_m0.03_w1.5,0.01,0.03,1.5,GSP_warp,0.01390160620212555
electricity,random-reset,phase8,na,n0.01_m0.03_w2,0.01,0.03,2.0,LCS_clean,-0.0685289204120636
electricity,random-reset,phase8,na,n0.01_m0.03_w2,0.01,0.03,2.0,LCS_noise,-0.06432546675205231
electricity,random-reset,phase8,na,n0.01_m0.03_w2,0.01,0.03,2.0,LCS_mask,-0.06759175658226013
electricity,random-reset,phase8,na,n0.01_m0.03_w2,0.01,0.03,2.0,LCS_warp,-0.04780225455760956
electricity,random-reset,phase8,na,n0.01_m0.03_w2,0.01,0.03,2.0,TSI_noise,0.9999906420707703
electricity,random-reset,phase8,na,n0.01_m0.03_w2,0.01,0.03,2.0,TSI_mask,0.9999951124191284
electricity,random-reset,phase8,na,n0.01_m0.03_w2,0.01,0.03,2.0,TSI_warp,0.9992566108703613
electricity,random-reset,phase8,na,n0.01_m0.03_w2,0.01,0.03,2.0,GSP_noise,-0.0042034536600112915
electricity,random-reset,phase8,na,n0.01_m0.03_w2,0.01,0.03,2.0,GSP_mask,-0.0009371638298034668
electricity,random-reset,phase8,na,n0.01_m0.03_w2,0.01,0.03,2.0,GSP_warp,-0.02072666585445404
electricity,random-reset,stl,p24_k4,n0.01_m0.03_w2,0.01,0.03,2.0,LCS_clean,-0.022040951997041702
electricity,random-reset,stl,p24_k4,n0.01_m0.03_w2,0.01,0.03,2.0,LCS_noise,-0.019520770758390427
electricity,random-reset,stl,p24_k4,n0.01_m0.03_w2,0.01,0.03,2.0,LCS_mask,-0.021967120468616486
electricity,random-reset,stl,p24_k4,n0.01_m0.03_w2,0.01,0.03,2.0,LCS_warp,-0.013325446285307407
electricity,random-reset,stl,p24_k4,n0.01_m0.03_w2,0.01,0.03,2.0,TSI_noise,0.9999906420707703
electricity,random-reset,stl,p24_k4,n0.01_m0.03_w2,0.01,0.03,2.0,TSI_mask,0.9999951124191284
electricity,random-reset,stl,p24_k4,n0.01_m0.03_w2,0.01,0.03,2.0,TSI_warp,0.9992566108703613
electricity,random-reset,stl,p24_k4,n0.01_m0.03_w2,0.01,0.03,2.0,GSP_noise,-0.0025201812386512756
electricity,random-reset,stl,p24_k4,n0.01_m0.03_w2,0.01,0.03,2.0,GSP_mask,-7.383152842521667e-05
electricity,random-reset,stl,p24_k4,n0.01_m0.03_w2,0.01,0.03,2.0,GSP_warp,-0.008715505711734295
electricity,random-reset,stl,p24_k8,n0.01_m0.03_w2,0.01,0.03,2.0,LCS_clean,-0.03387261554598808
electricity,random-reset,stl,p24_k8,n0.01_m0.03_w2,0.01,0.03,2.0,LCS_noise,-0.031740590929985046
electricity,random-reset,stl,p24_k8,n0.01_m0.03_w2,0.01,0.03,2.0,LCS_mask,-0.03380864858627319
electricity,random-reset,stl,p24_k8,n0.01_m0.03_w2,0.01,0.03,2.0,LCS_warp,-0.028887547552585602
electricity,random-reset,stl,p24_k8,n0.01_m0.03_w2,0.01,0.03,2.0,TSI_noise,0.9999906420707703
electricity,random-reset,stl,p24_k8,n0.01_m0.03_w2,0.01,0.03,2.0,TSI_mask,0.9999951124191284
electricity,random-reset,stl,p24_k8,n0.01_m0.03_w2,0.01,0.03,2.0,TSI_warp,0.9992566108703613
electricity,random-reset,stl,p24_k8,n0.01_m0.03_w2,0.01,0.03,2.0,GSP_noise,-0.0021320246160030365
electricity,random-reset,stl,p24_k8,n0.01_m0.03_w2,0.01,0.03,2.0,GSP_mask,-6.396695971488953e-05
electricity,random-reset,stl,p24_k8,n0.01_m0.03_w2,0.01,0.03,2.0,GSP_warp,-0.004985067993402481
electricity,random-reset,stl,p24_k12,n0.01_m0.03_w2,0.01,0.03,2.0,LCS_clean,-0.18947455286979675
electricity,random-reset,stl,p24_k12,n0.01_m0.03_w2,0.01,0.03,2.0,LCS_noise,-0.18735258281230927
electricity,random-reset,stl,p24_k12,n0.01_m0.03_w2,0.01,0.03,2.0,LCS_mask,-0.18972600996494293
electricity,random-reset,stl,p24_k12,n0.01_m0.03_w2,0.01,0.03,2.0,LCS_warp,-0.23397555947303772
electricity,random-reset,stl,p24_k12,n0.01_m0.03_w2,0.01,0.03,2.0,TSI_noise,0.9999906420707703
electricity,random-reset,stl,p24_k12,n0.01_m0.03_w2,0.01,0.03,2.0,TSI_mask,0.9999951124191284
electricity,random-reset,stl,p24_k12,n0.01_m0.03_w2,0.01,0.03,2.0,TSI_warp,0.9992566108703613
electricity,random-reset,stl,p24_k12,n0.01_m0.03_w2,0.01,0.03,2.0,GSP_noise,-0.002121970057487488
electricity,random-reset,stl,p24_k12,n0.01_m0.03_w2,0.01,0.03,2.0,GSP_mask,0.0002514570951461792
electricity,random-reset,stl,p24_k12,n0.01_m0.03_w2,0.01,0.03,2.0,GSP_warp,0.04450100660324097
electricity,random-reset,stl,p48_k4,n0.01_m0.03_w2,0.01,0.03,2.0,LCS_clean,-0.029753893613815308
electricity,random-reset,stl,p48_k4,n0.01_m0.03_w2,0.01,0.03,2.0,LCS_noise,-0.027008235454559326
electricity,random-reset,stl,p48_k4,n0.01_m0.03_w2,0.01,0.03,2.0,LCS_mask,-0.02949870005249977
electricity,random-reset,stl,p48_k4,n0.01_m0.03_w2,0.01,0.03,2.0,LCS_warp,-0.026202768087387085
electricity,random-reset,stl,p48_k4,n0.01_m0.03_w2,0.01,0.03,2.0,TSI_noise,0.9999906420707703
electricity,random-reset,stl,p48_k4,n0.01_m0.03_w2,0.01,0.03,2.0,TSI_mask,0.9999951124191284
electricity,random-reset,stl,p48_k4,n0.01_m0.03_w2,0.01,0.03,2.0,TSI_warp,0.9992566108703613
electricity,random-reset,stl,p48_k4,n0.01_m0.03_w2,0.01,0.03,2.0,GSP_noise,-0.0027456581592559814
electricity,random-reset,stl,p48_k4,n0.01_m0.03_w2,0.01,0.03,2.0,GSP_mask,-0.0002551935613155365
electricity,random-reset,stl,p48_k4,n0.01_m0.03_w2,0.01,0.03,2.0,GSP_warp,-0.0035511255264282227
electricity,random-reset,stl,p48_k8,n0.01_m0.03_w2,0.01,0.03,2.0,LCS_clean,-0.20137032866477966
electricity,random-reset,stl,p48_k8,n0.01_m0.03_w2,0.01,0.03,2.0,LCS_noise,-0.1996549665927887
electricity,random-reset,stl,p48_k8,n0.01_m0.03_w2,0.01,0.03,2.0,LCS_mask,-0.20151519775390625
electricity,random-reset,stl,p48_k8,n0.01_m0.03_w2,0.01,0.03,2.0,LCS_warp,-0.2317008227109909
electricity,random-reset,stl,p48_k8,n0.01_m0.03_w2,0.01,0.03,2.0,TSI_noise,0.9999906420707703
electricity,random-reset,stl,p48_k8,n0.01_m0.03_w2,0.01,0.03,2.0,TSI_mask,0.9999951124191284
electricity,random-reset,stl,p48_k8,n0.01_m0.03_w2,0.01,0.03,2.0,TSI_warp,0.9992566108703613
electricity,random-reset,stl,p48_k8,n0.01_m0.03_w2,0.01,0.03,2.0,GSP_noise,-0.0017153620719909668
electricity,random-reset,stl,p48_k8,n0.01_m0.03_w2,0.01,0.03,2.0,GSP_mask,0.00014486908912658691
electricity,random-reset,stl,p48_k8,n0.01_m0.03_w2,0.01,0.03,2.0,GSP_warp,0.030330494046211243
electricity,random-reset,stl,p48_k12,n0.01_m0.03_w2,0.01,0.03,2.0,LCS_clean,-0.1944175660610199
electricity,random-reset,stl,p48_k12,n0.01_m0.03_w2,0.01,0.03,2.0,LCS_noise,-0.19391953945159912
electricity,random-reset,stl,p48_k12,n0.01_m0.03_w2,0.01,0.03,2.0,LCS_mask,-0.1946791112422943
electricity,random-reset,stl,p48_k12,n0.01_m0.03_w2,0.01,0.03,2.0,LCS_warp,-0.22914591431617737
electricity,random-reset,stl,p48_k12,n0.01_m0.03_w2,0.01,0.03,2.0,TSI_noise,0.9999906420707703
electricity,random-reset,stl,p48_k12,n0.01_m0.03_w2,0.01,0.03,2.0,TSI_mask,0.9999951124191284
electricity,random-reset,stl,p48_k12,n0.01_m0.03_w2,0.01,0.03,2.0,TSI_warp,0.9992566108703613
electricity,random-reset,stl,p48_k12,n0.01_m0.03_w2,0.01,0.03,2.0,GSP_noise,-0.0004980266094207764
electricity,random-reset,stl,p48_k12,n0.01_m0.03_w2,0.01,0.03,2.0,GSP_mask,0.00026154518127441406
electricity,random-reset,stl,p48_k12,n0.01_m0.03_w2,0.01,0.03,2.0,GSP_warp,0.03472834825515747
electricity,random-reset,stl,p96_k4,n0.01_m0.03_w2,0.01,0.03,2.0,LCS_clean,-0.23525123298168182
electricity,random-reset,stl,p96_k4,n0.01_m0.03_w2,0.01,0.03,2.0,LCS_noise,-0.23183825612068176
electricity,random-reset,stl,p96_k4,n0.01_m0.03_w2,0.01,0.03,2.0,LCS_mask,-0.23537716269493103
electricity,random-reset,stl,p96_k4,n0.01_m0.03_w2,0.01,0.03,2.0,LCS_warp,-0.2571951746940613
electricity,random-reset,stl,p96_k4,n0.01_m0.03_w2,0.01,0.03,2.0,TSI_noise,0.9999906420707703
electricity,random-reset,stl,p96_k4,n0.01_m0.03_w2,0.01,0.03,2.0,TSI_mask,0.9999951124191284
electricity,random-reset,stl,p96_k4,n0.01_m0.03_w2,0.01,0.03,2.0,TSI_warp,0.9992566108703613
electricity,random-reset,stl,p96_k4,n0.01_m0.03_w2,0.01,0.03,2.0,GSP_noise,-0.003412976861000061
electricity,random-reset,stl,p96_k4,n0.01_m0.03_w2,0.01,0.03,2.0,GSP_mask,0.00012592971324920654
electricity,random-reset,stl,p96_k4,n0.01_m0.03_w2,0.01,0.03,2.0,GSP_warp,0.021943941712379456
electricity,random-reset,stl,p96_k8,n0.01_m0.03_w2,0.01,0.03,2.0,LCS_clean,-0.2340952455997467
electricity,random-reset,stl,p96_k8,n0.01_m0.03_w2,0.01,0.03,2.0,LCS_noise,-0.23058179020881653
electricity,random-reset,stl,p96_k8,n0.01_m0.03_w2,0.01,0.03,2.0,LCS_mask,-0.23425748944282532
electricity,random-reset,stl,p96_k8,n0.01_m0.03_w2,0.01,0.03,2.0,LCS_warp,-0.2574703097343445
electricity,random-reset,stl,p96_k8,n0.01_m0.03_w2,0.01,0.03,2.0,TSI_noise,0.9999906420707703
electricity,random-reset,stl,p96_k8,n0.01_m0.03_w2,0.01,0.03,2.0,TSI_mask,0.9999951124191284
electricity,random-reset,stl,p96_k8,n0.01_m0.03_w2,0.01,0.03,2.0,TSI_warp,0.9992566108703613
electricity,random-reset,stl,p96_k8,n0.01_m0.03_w2,0.01,0.03,2.0,GSP_noise,-0.0035134553909301758
electricity,random-reset,stl,p96_k8,n0.01_m0.03_w2,0.01,0.03,2.0,GSP_mask,0.00016224384307861328
electricity,random-reset,stl,p96_k8,n0.01_m0.03_w2,0.01,0.03,2.0,GSP_warp,0.02337506413459778
electricity,random-reset,stl,p96_k12,n0.01_m0.03_w2,0.01,0.03,2.0,LCS_clean,-0.22849425673484802
electricity,random-reset,stl,p96_k12,n0.01_m0.03_w2,0.01,0.03,2.0,LCS_noise,-0.2253546416759491
electricity,random-reset,stl,p96_k12,n0.01_m0.03_w2,0.01,0.03,2.0,LCS_mask,-0.22872394323349
electricity,random-reset,stl,p96_k12,n0.01_m0.03_w2,0.01,0.03,2.0,LCS_warp,-0.2546028792858124
electricity,random-reset,stl,p96_k12,n0.01_m0.03_w2,0.01,0.03,2.0,TSI_noise,0.9999906420707703
electricity,random-reset,stl,p96_k12,n0.01_m0.03_w2,0.01,0.03,2.0,TSI_mask,0.9999951124191284
electricity,random-reset,stl,p96_k12,n0.01_m0.03_w2,0.01,0.03,2.0,TSI_warp,0.9992566108703613
electricity,random-reset,stl,p96_k12,n0.01_m0.03_w2,0.01,0.03,2.0,GSP_noise,-0.0031396150588989258
electricity,random-reset,stl,p96_k12,n0.01_m0.03_w2,0.01,0.03,2.0,GSP_mask,0.00022968649864196777
electricity,random-reset,stl,p96_k12,n0.01_m0.03_w2,0.01,0.03,2.0,GSP_warp,0.026108622550964355
electricity,random-reset,phase8,na,n0.01_m0.03_w3,0.01,0.03,3.0,LCS_clean,-0.0685289204120636
electricity,random-reset,phase8,na,n0.01_m0.03_w3,0.01,0.03,3.0,LCS_noise,-0.06321917474269867
electricity,random-reset,phase8,na,n0.01_m0.03_w3,0.01,0.03,3.0,LCS_mask,-0.06815274059772491
electricity,random-reset,phase8,na,n0.01_m0.03_w3,0.01,0.03,3.0,LCS_warp,-0.05157030373811722
electricity,random-reset,phase8,na,n0.01_m0.03_w3,0.01,0.03,3.0,TSI_noise,0.999989926815033
electricity,random-reset,phase8,na,n0.01_m0.03_w3,0.01,0.03,3.0,TSI_mask,0.9999949932098389
electricity,random-reset,phase8,na,n0.01_m0.03_w3,0.01,0.03,3.0,TSI_warp,0.9990662336349487
electricity,random-reset,phase8,na,n0.01_m0.03_w3,0.01,0.03,3.0,GSP_noise,-0.005309745669364929
electricity,random-reset,phase8,na,n0.01_m0.03_w3,0.01,0.03,3.0,GSP_mask,-0.0003761798143386841
electricity,random-reset,phase8,na,n0.01_m0.03_w3,0.01,0.03,3.0,GSP_warp,-0.01695861667394638
electricity,random-reset,stl,p24_k4,n0.01_m0.03_w3,0.01,0.03,3.0,LCS_clean,-0.022040951997041702
electricity,random-reset,stl,p24_k4,n0.01_m0.03_w3,0.01,0.03,3.0,LCS_noise,-0.018955957144498825
electricity,random-reset,stl,p24_k4,n0.01_m0.03_w3,0.01,0.03,3.0,LCS_mask,-0.022238794714212418
electricity,random-reset,stl,p24_k4,n0.01_m0.03_w3,0.01,0.03,3.0,LCS_warp,-0.01627897284924984
electricity,random-reset,stl,p24_k4,n0.01_m0.03_w3,0.01,0.03,3.0,TSI_noise,0.999989926815033
electricity,random-reset,stl,p24_k4,n0.01_m0.03_w3,0.01,0.03,3.0,TSI_mask,0.9999949932098389
electricity,random-reset,stl,p24_k4,n0.01_m0.03_w3,0.01,0.03,3.0,TSI_warp,0.9990662336349487
electricity,random-reset,stl,p24_k4,n0.01_m0.03_w3,0.01,0.03,3.0,GSP_noise,-0.003084994852542877
electricity,random-reset,stl,p24_k4,n0.01_m0.03_w3,0.01,0.03,3.0,GSP_mask,0.00019784271717071533
electricity,random-reset,stl,p24_k4,n0.01_m0.03_w3,0.01,0.03,3.0,GSP_warp,-0.0057619791477918625
electricity,random-reset,stl,p24_k8,n0.01_m0.03_w3,0.01,0.03,3.0,LCS_clean,-0.03387261554598808
electricity,random-reset,stl,p24_k8,n0.01_m0.03_w3,0.01,0.03,3.0,LCS_noise,-0.030880263075232506
electricity,random-reset,stl,p24_k8,n0.01_m0.03_w3,0.01,0.03,3.0,LCS_mask,-0.03411562368273735
electricity,random-reset,stl,p24_k8,n0.01_m0.03_w3,0.01,0.03,3.0,LCS_warp,-0.028856977820396423
electricity,random-reset,stl,p24_k8,n0.01_m0.03_w3,0.01,0.03,3.0,TSI_noise,0.999989926815033
electricity,random-reset,stl,p24_k8,n0.01_m0.03_w3,0.01,0.03,3.0,TSI_mask,0.9999949932098389
electricity,random-reset,stl,p24_k8,n0.01_m0.03_w3,0.01,0.03,3.0,TSI_warp,0.9990662336349487
electricity,random-reset,stl,p24_k8,n0.01_m0.03_w3,0.01,0.03,3.0,GSP_noise,-0.002992352470755577
electricity,random-reset,stl,p24_k8,n0.01_m0.03_w3,0.01,0.03,3.0,GSP_mask,0.00024300813674926758
electricity,random-reset,stl,p24_k8,n0.01_m0.03_w3,0.01,0.03,3.0,GSP_warp,-0.0050156377255916595
electricity,random-reset,stl,p24_k12,n0.01_m0.03_w3,0.01,0.03,3.0,LCS_clean,-0.18947455286979675
electricity,random-reset,stl,p24_k12,n0.01_m0.03_w3,0.01,0.03,3.0,LCS_noise,-0.18706747889518738
electricity,random-reset,stl,p24_k12,n0.01_m0.03_w3,0.01,0.03,3.0,LCS_mask,-0.1898709237575531
electricity,random-reset,stl,p24_k12,n0.01_m0.03_w3,0.01,0.03,3.0,LCS_warp,-0.2338053286075592
electricity,random-reset,stl,p24_k12,n0.01_m0.03_w3,0.01,0.03,3.0,TSI_noise,0.999989926815033
electricity,random-reset,stl,p24_k12,n0.01_m0.03_w3,0.01,0.03,3.0,TSI_mask,0.9999949932098389
electricity,random-reset,stl,p24_k12,n0.01_m0.03_w3,0.01,0.03,3.0,TSI_warp,0.9990662336349487
electricity,random-reset,stl,p24_k12,n0.01_m0.03_w3,0.01,0.03,3.0,GSP_noise,-0.002407073974609375
electricity,random-reset,stl,p24_k12,n0.01_m0.03_w3,0.01,0.03,3.0,GSP_mask,0.00039637088775634766
electricity,random-reset,stl,p24_k12,n0.01_m0.03_w3,0.01,0.03,3.0,GSP_warp,0.04433077573776245
electricity,random-reset,stl,p48_k4,n0.01_m0.03_w3,0.01,0.03,3.0,LCS_clean,-0.029753893613815308
electricity,random-reset,stl,p48_k4,n0.01_m0.03_w3,0.01,0.03,3.0,LCS_noise,-0.027743365615606308
electricity,random-reset,stl,p48_k4,n0.01_m0.03_w3,0.01,0.03,3.0,LCS_mask,-0.029525820165872574
electricity,random-reset,stl,p48_k4,n0.01_m0.03_w3,0.01,0.03,3.0,LCS_warp,-0.023814108222723007
electricity,random-reset,stl,p48_k4,n0.01_m0.03_w3,0.01,0.03,3.0,TSI_noise,0.999989926815033
electricity,random-reset,stl,p48_k4,n0.01_m0.03_w3,0.01,0.03,3.0,TSI_mask,0.9999949932098389
electricity,random-reset,stl,p48_k4,n0.01_m0.03_w3,0.01,0.03,3.0,TSI_warp,0.9990662336349487
electricity,random-reset,stl,p48_k4,n0.01_m0.03_w3,0.01,0.03,3.0,GSP_noise,-0.0020105279982089996
electricity,random-reset,stl,p48_k4,n0.01_m0.03_w3,0.01,0.03,3.0,GSP_mask,-0.00022807344794273376
electricity,random-reset,stl,p48_k4,n0.01_m0.03_w3,0.01,0.03,3.0,GSP_warp,-0.0059397853910923
electricity,random-reset,stl,p48_k8,n0.01_m0.03_w3,0.01,0.03,3.0,LCS_clean,-0.20137032866477966
electricity,random-reset,stl,p48_k8,n0.01_m0.03_w3,0.01,0.03,3.0,LCS_noise,-0.19891692698001862
electricity,random-reset,stl,p48_k8,n0.01_m0.03_w3,0.01,0.03,3.0,LCS_mask,-0.2019103318452835
electricity,random-reset,stl,p48_k8,n0.01_m0.03_w3,0.01,0.03,3.0,LCS_warp,-0.2356986701488495
electricity,random-reset,stl,p48_k8,n0.01_m0.03_w3,0.01,0.03,3.0,TSI_noise,0.999989926815033
electricity,random-reset,stl,p48_k8,n0.01_m0.03_w3,0.01,0.03,3.0,TSI_mask,0.9999949932098389
electricity,random-reset,stl,p48_k8,n0.01_m0.03_w3,0.01,0.03,3.0,TSI_warp,0.9990662336349487
electricity,random-reset,stl,p48_k8,n0.01_m0.03_w3,0.01,0.03,3.0,GSP_noise,-0.0024534016847610474
electricity,random-reset,stl,p48_k8,n0.01_m0.03_w3,0.01,0.03,3.0,GSP_mask,0.0005400031805038452
electricity,random-reset,stl,p48_k8,n0.01_m0.03_w3,0.01,0.03,3.0,GSP_warp,0.034328341484069824
electricity,random-reset,stl,p48_k12,n0.01_m0.03_w3,0.01,0.03,3.0,LCS_clean,-0.1944175660610199
electricity,random-reset,stl,p48_k12,n0.01_m0.03_w3,0.01,0.03,3.0,LCS_noise,-0.193364679813385
electricity,random-reset,stl,p48_k12,n0.01_m0.03_w3,0.01,0.03,3.0,LCS_mask,-0.1951972246170044
electricity,random-reset,stl,p48_k12,n0.01_m0.03_w3,0.01,0.03,3.0,LCS_warp,-0.2326093316078186
electricity,random-reset,stl,p48_k12,n0.01_m0.03_w3,0.01,0.03,3.0,TSI_noise,0.999989926815033
electricity,random-reset,stl,p48_k12,n0.01_m0.03_w3,0.01,0.03,3.0,TSI_mask,0.9999949932098389
electricity,random-reset,stl,p48_k12,n0.01_m0.03_w3,0.01,0.03,3.0,TSI_warp,0.9990662336349487
electricity,random-reset,stl,p48_k12,n0.01_m0.03_w3,0.01,0.03,3.0,GSP_noise,-0.0010528862476348877
electricity,random-reset,stl,p48_k12,n0.01_m0.03_w3,0.01,0.03,3.0,GSP_mask,0.0007796585559844971
electricity,random-reset,stl,p48_k12,n0.01_m0.03_w3,0.01,0.03,3.0,GSP_warp,0.038191765546798706
electricity,random-reset,stl,p96_k4,n0.01_m0.03_w3,0.01,0.03,3.0,LCS_clean,-0.23525123298168182
electricity,random-reset,stl,p96_k4,n0.01_m0.03_w3,0.01,0.03,3.0,LCS_noise,-0.23095132410526276
electricity,random-reset,stl,p96_k4,n0.01_m0.03_w3,0.01,0.03,3.0,LCS_mask,-0.2356424331665039
electricity,random-reset,stl,p96_k4,n0.01_m0.03_w3,0.01,0.03,3.0,LCS_warp,-0.25557076930999756
electricity,random-reset,stl,p96_k4,n0.01_m0.03_w3,0.01,0.03,3.0,TSI_noise,0.999989926815033
electricity,random-reset,stl,p96_k4,n0.01_m0.03_w3,0.01,0.03,3.0,TSI_mask,0.9999949932098389
electricity,random-reset,stl,p96_k4,n0.01_m0.03_w3,0.01,0.03,3.0,TSI_warp,0.9990662336349487
electricity,random-reset,stl,p96_k4,n0.01_m0.03_w3,0.01,0.03,3.0,GSP_noise,-0.004299908876419067
electricity,random-reset,stl,p96_k4,n0.01_m0.03_w3,0.01,0.03,3.0,GSP_mask,0.0003912001848220825
electricity,random-reset,stl,p96_k4,n0.01_m0.03_w3,0.01,0.03,3.0,GSP_warp,0.020319536328315735
electricity,random-reset,stl,p96_k8,n0.01_m0.03_w3,0.01,0.03,3.0,LCS_clean,-0.2340952455997467
electricity,random-reset,stl,p96_k8,n0.01_m0.03_w3,0.01,0.03,3.0,LCS_noise,-0.22988778352737427
electricity,random-reset,stl,p96_k8,n0.01_m0.03_w3,0.01,0.03,3.0,LCS_mask,-0.23462708294391632
electricity,random-reset,stl,p96_k8,n0.01_m0.03_w3,0.01,0.03,3.0,LCS_warp,-0.25451990962028503
electricity,random-reset,stl,p96_k8,n0.01_m0.03_w3,0.01,0.03,3.0,TSI_noise,0.999989926815033
electricity,random-reset,stl,p96_k8,n0.01_m0.03_w3,0.01,0.03,3.0,TSI_mask,0.9999949932098389
electricity,random-reset,stl,p96_k8,n0.01_m0.03_w3,0.01,0.03,3.0,TSI_warp,0.9990662336349487
electricity,random-reset,stl,p96_k8,n0.01_m0.03_w3,0.01,0.03,3.0,GSP_noise,-0.0042074620723724365
electricity,random-reset,stl,p96_k8,n0.01_m0.03_w3,0.01,0.03,3.0,GSP_mask,0.0005318373441696167
electricity,random-reset,stl,p96_k8,n0.01_m0.03_w3,0.01,0.03,3.0,GSP_warp,0.02042466402053833
electricity,random-reset,stl,p96_k12,n0.01_m0.03_w3,0.01,0.03,3.0,LCS_clean,-0.22849425673484802
electricity,random-reset,stl,p96_k12,n0.01_m0.03_w3,0.01,0.03,3.0,LCS_noise,-0.22468829154968262
electricity,random-reset,stl,p96_k12,n0.01_m0.03_w3,0.01,0.03,3.0,LCS_mask,-0.22907093167304993
electricity,random-reset,stl,p96_k12,n0.01_m0.03_w3,0.01,0.03,3.0,LCS_warp,-0.2525300085544586
electricity,random-reset,stl,p96_k12,n0.01_m0.03_w3,0.01,0.03,3.0,TSI_noise,0.999989926815033
electricity,random-reset,stl,p96_k12,n0.01_m0.03_w3,0.01,0.03,3.0,TSI_mask,0.9999949932098389
electricity,random-reset,stl,p96_k12,n0.01_m0.03_w3,0.01,0.03,3.0,TSI_warp,0.9990662336349487
electricity,random-reset,stl,p96_k12,n0.01_m0.03_w3,0.01,0.03,3.0,GSP_noise,-0.0038059651851654053
electricity,random-reset,stl,p96_k12,n0.01_m0.03_w3,0.01,0.03,3.0,GSP_mask,0.0005766749382019043
electricity,random-reset,stl,p96_k12,n0.01_m0.03_w3,0.01,0.03,3.0,GSP_warp,0.024035751819610596
electricity,random-reset,phase8,na,n0.01_m0.05_w1.5,0.01,0.05,1.5,LCS_clean,-0.0685289204120636
electricity,random-reset,phase8,na,n0.01_m0.05_w1.5,0.01,0.05,1.5,LCS_noise,-0.06576409935951233
electricity,random-reset,phase8,na,n0.01_m0.05_w1.5,0.01,0.05,1.5,LCS_mask,-0.06849674880504608
electricity,random-reset,phase8,na,n0.01_m0.05_w1.5,0.01,0.05,1.5,LCS_warp,-0.051909372210502625
electricity,random-reset,phase8,na,n0.01_m0.05_w1.5,0.01,0.05,1.5,TSI_noise,0.9999920129776001
electricity,random-reset,phase8,na,n0.01_m0.05_w1.5,0.01,0.05,1.5,TSI_mask,0.9999920725822449
electricity,random-reset,phase8,na,n0.01_m0.05_w1.5,0.01,0.05,1.5,TSI_warp,0.9995203614234924
electricity,random-reset,phase8,na,n0.01_m0.05_w1.5,0.01,0.05,1.5,GSP_noise,-0.0027648210525512695
electricity,random-reset,phase8,na,n0.01_m0.05_w1.5,0.01,0.05,1.5,GSP_mask,-3.217160701751709e-05
electricity,random-reset,phase8,na,n0.01_m0.05_w1.5,0.01,0.05,1.5,GSP_warp,-0.016619548201560974
electricity,random-reset,stl,p24_k4,n0.01_m0.05_w1.5,0.01,0.05,1.5,LCS_clean,-0.022040951997041702
electricity,random-reset,stl,p24_k4,n0.01_m0.05_w1.5,0.01,0.05,1.5,LCS_noise,-0.020136702805757523
electricity,random-reset,stl,p24_k4,n0.01_m0.05_w1.5,0.01,0.05,1.5,LCS_mask,-0.022288329899311066
electricity,random-reset,stl,p24_k4,n0.01_m0.05_w1.5,0.01,0.05,1.5,LCS_warp,-0.013796987012028694
electricity,random-reset,stl,p24_k4,n0.01_m0.05_w1.5,0.01,0.05,1.5,TSI_noise,0.9999920129776001
electricity,random-reset,stl,p24_k4,n0.01_m0.05_w1.5,0.01,0.05,1.5,TSI_mask,0.9999920725822449
electricity,random-reset,stl,p24_k4,n0.01_m0.05_w1.5,0.01,0.05,1.5,TSI_warp,0.9995203614234924
electricity,random-reset,stl,p24_k4,n0.01_m0.05_w1.5,0.01,0.05,1.5,GSP_noise,-0.0019042491912841797
electricity,random-reset,stl,p24_k4,n0.01_m0.05_w1.5,0.01,0.05,1.5,GSP_mask,0.0002473779022693634
electricity,random-reset,stl,p24_k4,n0.01_m0.05_w1.5,0.01,0.05,1.5,GSP_warp,-0.008243964985013008
electricity,random-reset,stl,p24_k8,n0.01_m0.05_w1.5,0.01,0.05,1.5,LCS_clean,-0.03387261554598808
electricity,random-reset,stl,p24_k8,n0.01_m0.05_w1.5,0.01,0.05,1.5,LCS_noise,-0.03219589963555336
electricity,random-reset,stl,p24_k8,n0.01_m0.05_w1.5,0.01,0.05,1.5,LCS_mask,-0.03401624411344528
electricity,random-reset,stl,p24_k8,n0.01_m0.05_w1.5,0.01,0.05,1.5,LCS_warp,-0.022977640852332115
electricity,random-reset,stl,p24_k8,n0.01_m0.05_w1.5,0.01,0.05,1.5,TSI_noise,0.9999920129776001
electricity,random-reset,stl,p24_k8,n0.01_m0.05_w1.5,0.01,0.05,1.5,TSI_mask,0.9999920725822449
electricity,random-reset,stl,p24_k8,n0.01_m0.05_w1.5,0.01,0.05,1.5,TSI_warp,0.9995203614234924
electricity,random-reset,stl,p24_k8,n0.01_m0.05_w1.5,0.01,0.05,1.5,GSP_noise,-0.001676715910434723
electricity,random-reset,stl,p24_k8,n0.01_m0.05_w1.5,0.01,0.05,1.5,GSP_mask,0.0001436285674571991
electricity,random-reset,stl,p24_k8,n0.01_m0.05_w1.5,0.01,0.05,1.5,GSP_warp,-0.010894974693655968
electricity,random-reset,stl,p24_k12,n0.01_m0.05_w1.5,0.01,0.05,1.5,LCS_clean,-0.18947455286979675
electricity,random-reset,stl,p24_k12,n0.01_m0.05_w1.5,0.01,0.05,1.5,LCS_noise,-0.18846271932125092
electricity,random-reset,stl,p24_k12,n0.01_m0.05_w1.5,0.01,0.05,1.5,LCS_mask,-0.19033922255039215
electricity,random-reset,stl,p24_k12,n0.01_m0.05_w1.5,0.01,0.05,1.5,LCS_warp,-0.21732375025749207
electricity,random-reset,stl,p24_k12,n0.01_m0.05_w1.5,0.01,0.05,1.5,TSI_noise,0.9999920129776001
electricity,random-reset,stl,p24_k12,n0.01_m0.05_w1.5,0.01,0.05,1.5,TSI_mask,0.9999920725822449
electricity,random-reset,stl,p24_k12,n0.01_m0.05_w1.5,0.01,0.05,1.5,TSI_warp,0.9995203614234924
electricity,random-reset,stl,p24_k12,n0.01_m0.05_w1.5,0.01,0.05,1.5,GSP_noise,-0.0010118335485458374
electricity,random-reset,stl,p24_k12,n0.01_m0.05_w1.5,0.01,0.05,1.5,GSP_mask,0.000864669680595398
electricity,random-reset,stl,p24_k12,n0.01_m0.05_w1.5,0.01,0.05,1.5,GSP_warp,0.027849197387695312
electricity,random-reset,stl,p48_k4,n0.01_m0.05_w1.5,0.01,0.05,1.5,LCS_clean,-0.029753893613815308
electricity,random-reset,stl,p48_k4,n0.01_m0.05_w1.5,0.01,0.05,1.5,LCS_noise,-0.027761630713939667
electricity,random-reset,stl,p48_k4,n0.01_m0.05_w1.5,0.01,0.05,1.5,LCS_mask,-0.029844235628843307
electricity,random-reset,stl,p48_k4,n0.01_m0.05_w1.5,0.01,0.05,1.5,LCS_warp,-0.029578369110822678
electricity,random-reset,stl,p48_k4,n0.01_m0.05_w1.5,0.01,0.05,1.5,TSI_noise,0.9999920129776001
electricity,random-reset,stl,p48_k4,n0.01_m0.05_w1.5,0.01,0.05,1.5,TSI_mask,0.9999920725822449
electricity,random-reset,stl,p48_k4,n0.01_m0.05_w1.5,0.01,0.05,1.5,TSI_warp,0.9995203614234924
electricity,random-reset,stl,p48_k4,n0.01_m0.05_w1.5,0.01,0.05,1.5,GSP_noise,-0.001992262899875641
electricity,random-reset,stl,p48_k4,n0.01_m0.05_w1.5,0.01,0.05,1.5,GSP_mask,9.034201502799988e-05
electricity,random-reset,stl,p48_k4,n0.01_m0.05_w1.5,0.01,0.05,1.5,GSP_warp,-0.00017552450299263
electricity,random-reset,stl,p48_k8,n0.01_m0.05_w1.5,0.01,0.05,1.5,LCS_clean,-0.20137032866477966
electricity,random-reset,stl,p48_k8,n0.01_m0.05_w1.5,0.01,0.05,1.5,LCS_noise,-0.19998714327812195
electricity,random-reset,stl,p48_k8,n0.01_m0.05_w1.5,0.01,0.05,1.5,LCS_mask,-0.20205453038215637
electricity,random-reset,stl,p48_k8,n0.01_m0.05_w1.5,0.01,0.05,1.5,LCS_warp,-0.21873536705970764
electricity,random-reset,stl,p48_k8,n0.01_m0.05_w1.5,0.01,0.05,1.5,TSI_noise,0.9999920129776001
electricity,random-reset,stl,p48_k8,n0.01_m0.05_w1.5,0.01,0.05,1.5,TSI_mask,0.9999920725822449
electricity,random-reset,stl,p48_k8,n0.01_m0.05_w1.5,0.01,0.05,1.5,TSI_warp,0.9995203614234924
electricity,random-reset,stl,p48_k8,n0.01_m0.05_w1.5,0.01,0.05,1.5,GSP_noise,-0.0013831853866577148
electricity,random-reset,stl,p48_k8,n0.01_m0.05_w1.5,0.01,0.05,1.5,GSP_mask,0.000684201717376709
electricity,random-reset,stl,p48_k8,n0.01_m0.05_w1.5,0.01,0.05,1.5,GSP_warp,0.01736503839492798
electricity,random-reset,stl,p48_k12,n0.01_m0.05_w1.5,0.01,0.05,1.5,LCS_clean,-0.1944175660610199
electricity,random-reset,stl,p48_k12,n0.01_m0.05_w1.5,0.01,0.05,1.5,LCS_noise,-0.19435539841651917
electricity,random-reset,stl,p48_k12,n0.01_m0.05_w1.5,0.01,0.05,1.5,LCS_mask,-0.1951759308576584
electricity,random-reset,stl,p48_k12,n0.01_m0.05_w1.5,0.01,0.05,1.5,LCS_warp,-0.2159959077835083
electricity,random-reset,stl,p48_k12,n0.01_m0.05_w1.5,0.01,0.05,1.5,TSI_noise,0.9999920129776001
electricity,random-reset,stl,p48_k12,n0.01_m0.05_w1.5,0.01,0.05,1.5,TSI_mask,0.9999920725822449
electricity,random-reset,stl,p48_k12,n0.01_m0.05_w1.5,0.01,0.05,1.5,TSI_warp,0.9995203614234924
electricity,random-reset,stl,p48_k12,n0.01_m0.05_w1.5,0.01,0.05,1.5,GSP_noise,-6.216764450073242e-05
electricity,random-reset,stl,p48_k12,n0.01_m0.05_w1.5,0.01,0.05,1.5,GSP_mask,0.0007583647966384888
electricity,random-reset,stl,p48_k12,n0.01_m0.05_w1.5,0.01,0.05,1.5,GSP_warp,0.021578341722488403
electricity,random-reset,stl,p96_k4,n0.01_m0.05_w1.5,0.01,0.05,1.5,LCS_clean,-0.23525123298168182
electricity,random-reset,stl,p96_k4,n0.01_m0.05_w1.5,0.01,0.05,1.5,LCS_noise,-0.23283566534519196
electricity,random-reset,stl,p96_k4,n0.01_m0.05_w1.5,0.01,0.05,1.5,LCS_mask,-0.23622862994670868
electricity,random-reset,stl,p96_k4,n0.01_m0.05_w1.5,0.01,0.05,1.5,LCS_warp,-0.24508565664291382
electricity,random-reset,stl,p96_k4,n0.01_m0.05_w1.5,0.01,0.05,1.5,TSI_noise,0.9999920129776001
electricity,random-reset,stl,p96_k4,n0.01_m0.05_w1.5,0.01,0.05,1.5,TSI_mask,0.9999920725822449
electricity,random-reset,stl,p96_k4,n0.01_m0.05_w1.5,0.01,0.05,1.5,TSI_warp,0.9995203614234924
electricity,random-reset,stl,p96_k4,n0.01_m0.05_w1.5,0.01,0.05,1.5,GSP_noise,-0.002415567636489868
electricity,random-reset,stl,p96_k4,n0.01_m0.05_w1.5,0.01,0.05,1.5,GSP_mask,0.0009773969650268555
electricity,random-reset,stl,p96_k4,n0.01_m0.05_w1.5,0.01,0.05,1.5,GSP_warp,0.009834423661231995
electricity,random-reset,stl,p96_k8,n0.01_m0.05_w1.5,0.01,0.05,1.5,LCS_clean,-0.2340952455997467
electricity,random-reset,stl,p96_k8,n0.01_m0.05_w1.5,0.01,0.05,1.5,LCS_noise,-0.231652170419693
electricity,random-reset,stl,p96_k8,n0.01_m0.05_w1.5,0.01,0.05,1.5,LCS_mask,-0.23493364453315735
electricity,random-reset,stl,p96_k8,n0.01_m0.05_w1.5,0.01,0.05,1.5,LCS_warp,-0.24564482271671295
electricity,random-reset,stl,p96_k8,n0.01_m0.05_w1.5,0.01,0.05,1.5,TSI_noise,0.9999920129776001
electricity,random-reset,stl,p96_k8,n0.01_m0.05_w1.5,0.01,0.05,1.5,TSI_mask,0.9999920725822449
electricity,random-reset,stl,p96_k8,n0.01_m0.05_w1.5,0.01,0.05,1.5,TSI_warp,0.9995203614234924
electricity,random-reset,stl,p96_k8,n0.01_m0.05_w1.5,0.01,0.05,1.5,GSP_noise,-0.002443075180053711
electricity,random-reset,stl,p96_k8,n0.01_m0.05_w1.5,0.01,0.05,1.5,GSP_mask,0.0008383989334106445
electricity,random-reset,stl,p96_k8,n0.01_m0.05_w1.5,0.01,0.05,1.5,GSP_warp,0.011549577116966248
electricity,random-reset,stl,p96_k12,n0.01_m0.05_w1.5,0.01,0.05,1.5,LCS_clean,-0.22849425673484802
electricity,random-reset,stl,p96_k12,n0.01_m0.05_w1.5,0.01,0.05,1.5,LCS_noise,-0.22626684606075287
electricity,random-reset,stl,p96_k12,n0.01_m0.05_w1.5,0.01,0.05,1.5,LCS_mask,-0.22930997610092163
electricity,random-reset,stl,p96_k12,n0.01_m0.05_w1.5,0.01,0.05,1.5,LCS_warp,-0.24256065487861633
electricity,random-reset,stl,p96_k12,n0.01_m0.05_w1.5,0.01,0.05,1.5,TSI_noise,0.9999920129776001
electricity,random-reset,stl,p96_k12,n0.01_m0.05_w1.5,0.01,0.05,1.5,TSI_mask,0.9999920725822449
electricity,random-reset,stl,p96_k12,n0.01_m0.05_w1.5,0.01,0.05,1.5,TSI_warp,0.9995203614234924
electricity,random-reset,stl,p96_k12,n0.01_m0.05_w1.5,0.01,0.05,1.5,GSP_noise,-0.002227410674095154
electricity,random-reset,stl,p96_k12,n0.01_m0.05_w1.5,0.01,0.05,1.5,GSP_mask,0.0008157193660736084
electricity,random-reset,stl,p96_k12,n0.01_m0.05_w1.5,0.01,0.05,1.5,GSP_warp,0.01406639814376831
electricity,random-reset,phase8,na,n0.01_m0.05_w2,0.01,0.05,2.0,LCS_clean,-0.0685289204120636
electricity,random-reset,phase8,na,n0.01_m0.05_w2,0.01,0.05,2.0,LCS_noise,-0.06379568576812744
electricity,random-reset,phase8,na,n0.01_m0.05_w2,0.01,0.05,2.0,LCS_mask,-0.06733360141515732
electricity,random-reset,phase8,na,n0.01_m0.05_w2,0.01,0.05,2.0,LCS_warp,-0.03933040052652359
electricity,random-reset,phase8,na,n0.01_m0.05_w2,0.01,0.05,2.0,TSI_noise,0.9999902844429016
electricity,random-reset,phase8,na,n0.01_m0.05_w2,0.01,0.05,2.0,TSI_mask,0.9999898672103882
electricity,random-reset,phase8,na,n0.01_m0.05_w2,0.01,0.05,2.0,TSI_warp,0.999228835105896
electricity,random-reset,phase8,na,n0.01_m0.05_w2,0.01,0.05,2.0,GSP_noise,-0.004733234643936157
electricity,random-reset,phase8,na,n0.01_m0.05_w2,0.01,0.05,2.0,GSP_mask,-0.0011953189969062805
electricity,random-reset,phase8,na,n0.01_m0.05_w2,0.01,0.05,2.0,GSP_warp,-0.02919851988554001
electricity,random-reset,stl,p24_k4,n0.01_m0.05_w2,0.01,0.05,2.0,LCS_clean,-0.022040951997041702
electricity,random-reset,stl,p24_k4,n0.01_m0.05_w2,0.01,0.05,2.0,LCS_noise,-0.019122909754514694
electricity,random-reset,stl,p24_k4,n0.01_m0.05_w2,0.01,0.05,2.0,LCS_mask,-0.021863343194127083
electricity,random-reset,stl,p24_k4,n0.01_m0.05_w2,0.01,0.05,2.0,LCS_warp,-0.015349378809332848
electricity,random-reset,stl,p24_k4,n0.01_m0.05_w2,0.01,0.05,2.0,TSI_noise,0.9999902844429016
electricity,random-reset,stl,p24_k4,n0.01_m0.05_w2,0.01,0.05,2.0,TSI_mask,0.9999898672103882
electricity,random-reset,stl,p24_k4,n0.01_m0.05_w2,0.01,0.05,2.0,TSI_warp,0.999228835105896
electricity,random-reset,stl,p24_k4,n0.01_m0.05_w2,0.01,0.05,2.0,GSP_noise,-0.002918042242527008
electricity,random-reset,stl,p24_k4,n0.01_m0.05_w2,0.01,0.05,2.0,GSP_mask,-0.00017760880291461945
electricity,random-reset,stl,p24_k4,n0.01_m0.05_w2,0.01,0.05,2.0,GSP_warp,-0.006691573187708855
electricity,random-reset,stl,p24_k8,n0.01_m0.05_w2,0.01,0.05,2.0,LCS_clean,-0.03387261554598808
electricity,random-reset,stl,p24_k8,n0.01_m0.05_w2,0.01,0.05,2.0,LCS_noise,-0.03125502169132233
electricity,random-reset,stl,p24_k8,n0.01_m0.05_w2,0.01,0.05,2.0,LCS_mask,-0.033769216388463974
electricity,random-reset,stl,p24_k8,n0.01_m0.05_w2,0.01,0.05,2.0,LCS_warp,-0.02345873974263668
electricity,random-reset,stl,p24_k8,n0.01_m0.05_w2,0.01,0.05,2.0,TSI_noise,0.9999902844429016
electricity,random-reset,stl,p24_k8,n0.01_m0.05_w2,0.01,0.05,2.0,TSI_mask,0.9999898672103882
electricity,random-reset,stl,p24_k8,n0.01_m0.05_w2,0.01,0.05,2.0,TSI_warp,0.999228835105896
electricity,random-reset,stl,p24_k8,n0.01_m0.05_w2,0.01,0.05,2.0,GSP_noise,-0.0026175938546657562
electricity,random-reset,stl,p24_k8,n0.01_m0.05_w2,0.01,0.05,2.0,GSP_mask,-0.00010339915752410889
electricity,random-reset,stl,p24_k8,n0.01_m0.05_w2,0.01,0.05,2.0,GSP_warp,-0.010413875803351402
electricity,random-reset,stl,p24_k12,n0.01_m0.05_w2,0.01,0.05,2.0,LCS_clean,-0.18947455286979675
electricity,random-reset,stl,p24_k12,n0.01_m0.05_w2,0.01,0.05,2.0,LCS_noise,-0.1869676411151886
electricity,random-reset,stl,p24_k12,n0.01_m0.05_w2,0.01,0.05,2.0,LCS_mask,-0.19307300448417664
electricity,random-reset,stl,p24_k12,n0.01_m0.05_w2,0.01,0.05,2.0,LCS_warp,-0.2509015202522278
electricity,random-reset,stl,p24_k12,n0.01_m0.05_w2,0.01,0.05,2.0,TSI_noise,0.9999902844429016
electricity,random-reset,stl,p24_k12,n0.01_m0.05_w2,0.01,0.05,2.0,TSI_mask,0.9999898672103882
electricity,random-reset,stl,p24_k12,n0.01_m0.05_w2,0.01,0.05,2.0,TSI_warp,0.999228835105896
electricity,random-reset,stl,p24_k12,n0.01_m0.05_w2,0.01,0.05,2.0,GSP_noise,-0.0025069117546081543
electricity,random-reset,stl,p24_k12,n0.01_m0.05_w2,0.01,0.05,2.0,GSP_mask,0.003598451614379883
electricity,random-reset,stl,p24_k12,n0.01_m0.05_w2,0.01,0.05,2.0,GSP_warp,0.06142696738243103
electricity,random-reset,stl,p48_k4,n0.01_m0.05_w2,0.01,0.05,2.0,LCS_clean,-0.029753893613815308
electricity,random-reset,stl,p48_k4,n0.01_m0.05_w2,0.01,0.05,2.0,LCS_noise,-0.0279100202023983
electricity,random-reset,stl,p48_k4,n0.01_m0.05_w2,0.01,0.05,2.0,LCS_mask,-0.029382389038801193
electricity,random-reset,stl,p48_k4,n0.01_m0.05_w2,0.01,0.05,2.0,LCS_warp,-0.027555003762245178
electricity,random-reset,stl,p48_k4,n0.01_m0.05_w2,0.01,0.05,2.0,TSI_noise,0.9999902844429016
electricity,random-reset,stl,p48_k4,n0.01_m0.05_w2,0.01,0.05,2.0,TSI_mask,0.9999898672103882
electricity,random-reset,stl,p48_k4,n0.01_m0.05_w2,0.01,0.05,2.0,TSI_warp,0.999228835105896
electricity,random-reset,stl,p48_k4,n0.01_m0.05_w2,0.01,0.05,2.0,GSP_noise,-0.0018438734114170074
electricity,random-reset,stl,p48_k4,n0.01_m0.05_w2,0.01,0.05,2.0,GSP_mask,-0.0003715045750141144
electricity,random-reset,stl,p48_k4,n0.01_m0.05_w2,0.01,0.05,2.0,GSP_warp,-0.0021988898515701294
electricity,random-reset,stl,p48_k8,n0.01_m0.05_w2,0.01,0.05,2.0,LCS_clean,-0.20137032866477966
electricity,random-reset,stl,p48_k8,n0.01_m0.05_w2,0.01,0.05,2.0,LCS_noise,-0.19921362400054932
electricity,random-reset,stl,p48_k8,n0.01_m0.05_w2,0.01,0.05,2.0,LCS_mask,-0.20137988030910492
electricity,random-reset,stl,p48_k8,n0.01_m0.05_w2,0.01,0.05,2.0,LCS_warp,-0.233083114027977
electricity,random-reset,stl,p48_k8,n0.01_m0.05_w2,0.01,0.05,2.0,TSI_noise,0.9999902844429016
electricity,random-reset,stl,p48_k8,n0.01_m0.05_w2,0.01,0.05,2.0,TSI_mask,0.9999898672103882
electricity,random-reset,stl,p48_k8,n0.01_m0.05_w2,0.01,0.05,2.0,TSI_warp,0.999228835105896
electricity,random-reset,stl,p48_k8,n0.01_m0.05_w2,0.01,0.05,2.0,GSP_noise,-0.0021567046642303467
electricity,random-reset,stl,p48_k8,n0.01_m0.05_w2,0.01,0.05,2.0,GSP_mask,9.551644325256348e-06
electricity,random-reset,stl,p48_k8,n0.01_m0.05_w2,0.01,0.05,2.0,GSP_warp,0.03171278536319733
electricity,random-reset,stl,p48_k12,n0.01_m0.05_w2,0.01,0.05,2.0,LCS_clean,-0.1944175660610199
electricity,random-reset,stl,p48_k12,n0.01_m0.05_w2,0.01,0.05,2.0,LCS_noise,-0.1936960369348526
electricity,random-reset,stl,p48_k12,n0.01_m0.05_w2,0.01,0.05,2.0,LCS_mask,-0.1943136304616928
electricity,random-reset,stl,p48_k12,n0.01_m0.05_w2,0.01,0.05,2.0,LCS_warp,-0.22777807712554932
electricity,random-reset,stl,p48_k12,n0.01_m0.05_w2,0.01,0.05,2.0,TSI_noise,0.9999902844429016
electricity,random-reset,stl,p48_k12,n0.01_m0.05_w2,0.01,0.05,2.0,TSI_mask,0.9999898672103882
electricity,random-reset,stl,p48_k12,n0.01_m0.05_w2,0.01,0.05,2.0,TSI_warp,0.999228835105896
electricity,random-reset,stl,p48_k12,n0.01_m0.05_w2,0.01,0.05,2.0,GSP_noise,-0.0007215291261672974
electricity,random-reset,stl,p48_k12,n0.01_m0.05_w2,0.01,0.05,2.0,GSP_mask,-0.0001039355993270874
electricity,random-reset,stl,p48_k12,n0.01_m0.05_w2,0.01,0.05,2.0,GSP_warp,0.03336051106452942
electricity,random-reset,stl,p96_k4,n0.01_m0.05_w2,0.01,0.05,2.0,LCS_clean,-0.23525123298168182
electricity,random-reset,stl,p96_k4,n0.01_m0.05_w2,0.01,0.05,2.0,LCS_noise,-0.23152336478233337
electricity,random-reset,stl,p96_k4,n0.01_m0.05_w2,0.01,0.05,2.0,LCS_mask,-0.2352464497089386
electricity,random-reset,stl,p96_k4,n0.01_m0.05_w2,0.01,0.05,2.0,LCS_warp,-0.25001853704452515
electricity,random-reset,stl,p96_k4,n0.01_m0.05_w2,0.01,0.05,2.0,TSI_noise,0.9999902844429016
electricity,random-reset,stl,p96_k4,n0.01_m0.05_w2,0.01,0.05,2.0,TSI_mask,0.9999898672103882
electricity,random-reset,stl,p96_k4,n0.01_m0.05_w2,0.01,0.05,2.0,TSI_warp,0.999228835105896
electricity,random-reset,stl,p96_k4,n0.01_m0.05_w2,0.01,0.05,2.0,GSP_noise,-0.0037278681993484497
electricity,random-reset,stl,p96_k4,n0.01_m0.05_w2,0.01,0.05,2.0,GSP_mask,-4.783272743225098e-06
electricity,random-reset,stl,p96_k4,n0.01_m0.05_w2,0.01,0.05,2.0,GSP_warp,0.014767304062843323
electricity,random-reset,stl,p96_k8,n0.01_m0.05_w2,0.01,0.05,2.0,LCS_clean,-0.2340952455997467
electricity,random-reset,stl,p96_k8,n0.01_m0.05_w2,0.01,0.05,2.0,LCS_noise,-0.23035778105258942
electricity,random-reset,stl,p96_k8,n0.01_m0.05_w2,0.01,0.05,2.0,LCS_mask,-0.23410403728485107
electricity,random-reset,stl,p96_k8,n0.01_m0.05_w2,0.01,0.05,2.0,LCS_warp,-0.2503011226654053
electricity,random-reset,stl,p96_k8,n0.01_m0.05_w2,0.01,0.05,2.0,TSI_noise,0.9999902844429016
electricity,random-reset,stl,p96_k8,n0.01_m0.05_w2,0.01,0.05,2.0,TSI_mask,0.9999898672103882
electricity,random-reset,stl,p96_k8,n0.01_m0.05_w2,0.01,0.05,2.0,TSI_warp,0.999228835105896
electricity,random-reset,stl,p96_k8,n0.01_m0.05_w2,0.01,0.05,2.0,GSP_noise,-0.0037374645471572876
electricity,random-reset,stl,p96_k8,n0.01_m0.05_w2,0.01,0.05,2.0,GSP_mask,8.791685104370117e-06
electricity,random-reset,stl,p96_k8,n0.01_m0.05_w2,0.01,0.05,2.0,GSP_warp,0.01620587706565857
electricity,random-reset,stl,p96_k12,n0.01_m0.05_w2,0.01,0.05,2.0,LCS_clean,-0.22849425673484802
electricity,random-reset,stl,p96_k12,n0.01_m0.05_w2,0.01,0.05,2.0,LCS_noise,-0.22519442439079285
electricity,random-reset,stl,p96_k12,n0.01_m0.05_w2,0.01,0.05,2.0,LCS_mask,-0.22875231504440308
electricity,random-reset,stl,p96_k12,n0.01_m0.05_w2,0.01,0.05,2.0,LCS_warp,-0.2480570375919342
electricity,random-reset,stl,p96_k12,n0.01_m0.05_w2,0.01,0.05,2.0,TSI_noise,0.9999902844429016
electricity,random-reset,stl,p96_k12,n0.01_m0.05_w2,0.01,0.05,2.0,TSI_mask,0.9999898672103882
electricity,random-reset,stl,p96_k12,n0.01_m0.05_w2,0.01,0.05,2.0,TSI_warp,0.999228835105896
electricity,random-reset,stl,p96_k12,n0.01_m0.05_w2,0.01,0.05,2.0,GSP_noise,-0.0032998323440551758
electricity,random-reset,stl,p96_k12,n0.01_m0.05_w2,0.01,0.05,2.0,GSP_mask,0.0002580583095550537
electricity,random-reset,stl,p96_k12,n0.01_m0.05_w2,0.01,0.05,2.0,GSP_warp,0.01956278085708618
electricity,random-reset,phase8,na,n0.01_m0.05_w3,0.01,0.05,3.0,LCS_clean,-0.0685289204120636
electricity,random-reset,phase8,na,n0.01_m0.05_w3,0.01,0.05,3.0,LCS_noise,-0.0637984573841095
electricity,random-reset,phase8,na,n0.01_m0.05_w3,0.01,0.05,3.0,LCS_mask,-0.06879675388336182
electricity,random-reset,phase8,na,n0.01_m0.05_w3,0.01,0.05,3.0,LCS_warp,-0.0487268827855587
electricity,random-reset,phase8,na,n0.01_m0.05_w3,0.01,0.05,3.0,TSI_noise,0.9999917149543762
electricity,random-reset,phase8,na,n0.01_m0.05_w3,0.01,0.05,3.0,TSI_mask,0.9999915361404419
electricity,random-reset,phase8,na,n0.01_m0.05_w3,0.01,0.05,3.0,TSI_warp,0.999048113822937
electricity,random-reset,phase8,na,n0.01_m0.05_w3,0.01,0.05,3.0,GSP_noise,-0.0047304630279541016
electricity,random-reset,phase8,na,n0.01_m0.05_w3,0.01,0.05,3.0,GSP_mask,0.0002678334712982178
electricity,random-reset,phase8,na,n0.01_m0.05_w3,0.01,0.05,3.0,GSP_warp,-0.019802037626504898
electricity,random-reset,stl,p24_k4,n0.01_m0.05_w3,0.01,0.05,3.0,LCS_clean,-0.022040951997041702
electricity,random-reset,stl,p24_k4,n0.01_m0.05_w3,0.01,0.05,3.0,LCS_noise,-0.018883783370256424
electricity,random-reset,stl,p24_k4,n0.01_m0.05_w3,0.01,0.05,3.0,LCS_mask,-0.022528156638145447
electricity,random-reset,stl,p24_k4,n0.01_m0.05_w3,0.01,0.05,3.0,LCS_warp,-0.007224215194582939
electricity,random-reset,stl,p24_k4,n0.01_m0.05_w3,0.01,0.05,3.0,TSI_noise,0.9999917149543762
electricity,random-reset,stl,p24_k4,n0.01_m0.05_w3,0.01,0.05,3.0,TSI_mask,0.9999915361404419
electricity,random-reset,stl,p24_k4,n0.01_m0.05_w3,0.01,0.05,3.0,TSI_warp,0.999048113822937
electricity,random-reset,stl,p24_k4,n0.01_m0.05_w3,0.01,0.05,3.0,GSP_noise,-0.0031571686267852783
electricity,random-reset,stl,p24_k4,n0.01_m0.05_w3,0.01,0.05,3.0,GSP_mask,0.0004872046411037445
electricity,random-reset,stl,p24_k4,n0.01_m0.05_w3,0.01,0.05,3.0,GSP_warp,-0.014816736802458763
electricity,random-reset,stl,p24_k8,n0.01_m0.05_w3,0.01,0.05,3.0,LCS_clean,-0.03387261554598808
electricity,random-reset,stl,p24_k8,n0.01_m0.05_w3,0.01,0.05,3.0,LCS_noise,-0.031124748289585114
electricity,random-reset,stl,p24_k8,n0.01_m0.05_w3,0.01,0.05,3.0,LCS_mask,-0.03426455333828926
electricity,random-reset,stl,p24_k8,n0.01_m0.05_w3,0.01,0.05,3.0,LCS_warp,-0.02281983755528927
electricity,random-reset,stl,p24_k8,n0.01_m0.05_w3,0.01,0.05,3.0,TSI_noise,0.9999917149543762
electricity,random-reset,stl,p24_k8,n0.01_m0.05_w3,0.01,0.05,3.0,TSI_mask,0.9999915361404419
electricity,random-reset,stl,p24_k8,n0.01_m0.05_w3,0.01,0.05,3.0,TSI_warp,0.999048113822937
electricity,random-reset,stl,p24_k8,n0.01_m0.05_w3,0.01,0.05,3.0,GSP_noise,-0.0027478672564029694
electricity,random-reset,stl,p24_k8,n0.01_m0.05_w3,0.01,0.05,3.0,GSP_mask,0.000391937792301178
electricity,random-reset,stl,p24_k8,n0.01_m0.05_w3,0.01,0.05,3.0,GSP_warp,-0.011052777990698814
electricity,random-reset,stl,p24_k12,n0.01_m0.05_w3,0.01,0.05,3.0,LCS_clean,-0.18947455286979675
electricity,random-reset,stl,p24_k12,n0.01_m0.05_w3,0.01,0.05,3.0,LCS_noise,-0.18703672289848328
electricity,random-reset,stl,p24_k12,n0.01_m0.05_w3,0.01,0.05,3.0,LCS_mask,-0.1904902309179306
electricity,random-reset,stl,p24_k12,n0.01_m0.05_w3,0.01,0.05,3.0,LCS_warp,-0.22613680362701416
electricity,random-reset,stl,p24_k12,n0.01_m0.05_w3,0.01,0.05,3.0,TSI_noise,0.9999917149543762
electricity,random-reset,stl,p24_k12,n0.01_m0.05_w3,0.01,0.05,3.0,TSI_mask,0.9999915361404419
electricity,random-reset,stl,p24_k12,n0.01_m0.05_w3,0.01,0.05,3.0,TSI_warp,0.999048113822937
electricity,random-reset,stl,p24_k12,n0.01_m0.05_w3,0.01,0.05,3.0,GSP_noise,-0.0024378299713134766
electricity,random-reset,stl,p24_k12,n0.01_m0.05_w3,0.01,0.05,3.0,GSP_mask,0.00101567804813385
electricity,random-reset,stl,p24_k12,n0.01_m0.05_w3,0.01,0.05,3.0,GSP_warp,0.03666225075721741
electricity,random-reset,stl,p48_k4,n0.01_m0.05_w3,0.01,0.05,3.0,LCS_clean,-0.029753893613815308
electricity,random-reset,stl,p48_k4,n0.01_m0.05_w3,0.01,0.05,3.0,LCS_noise,-0.028684251010417938
electricity,random-reset,stl,p48_k4,n0.01_m0.05_w3,0.01,0.05,3.0,LCS_mask,-0.029809551313519478
electricity,random-reset,stl,p48_k4,n0.01_m0.05_w3,0.01,0.05,3.0,LCS_warp,-0.013699325732886791
electricity,random-reset,stl,p48_k4,n0.01_m0.05_w3,0.01,0.05,3.0,TSI_noise,0.9999917149543762
electricity,random-reset,stl,p48_k4,n0.01_m0.05_w3,0.01,0.05,3.0,TSI_mask,0.9999915361404419
electricity,random-reset,stl,p48_k4,n0.01_m0.05_w3,0.01,0.05,3.0,TSI_warp,0.999048113822937
electricity,random-reset,stl,p48_k4,n0.01_m0.05_w3,0.01,0.05,3.0,GSP_noise,-0.0010696426033973694
electricity,random-reset,stl,p48_k4,n0.01_m0.05_w3,0.01,0.05,3.0,GSP_mask,5.565769970417023e-05
electricity,random-reset,stl,p48_k4,n0.01_m0.05_w3,0.01,0.05,3.0,GSP_warp,-0.016054567880928516
electricity,random-reset,stl,p48_k8,n0.01_m0.05_w3,0.01,0.05,3.0,LCS_clean,-0.20137032866477966
electricity,random-reset,stl,p48_k8,n0.01_m0.05_w3,0.01,0.05,3.0,LCS_noise,-0.19907590746879578
electricity,random-reset,stl,p48_k8,n0.01_m0.05_w3,0.01,0.05,3.0,LCS_mask,-0.20217621326446533
electricity,random-reset,stl,p48_k8,n0.01_m0.05_w3,0.01,0.05,3.0,LCS_warp,-0.23087987303733826
electricity,random-reset,stl,p48_k8,n0.01_m0.05_w3,0.01,0.05,3.0,TSI_noise,0.9999917149543762
electricity,random-reset,stl,p48_k8,n0.01_m0.05_w3,0.01,0.05,3.0,TSI_mask,0.9999915361404419
electricity,random-reset,stl,p48_k8,n0.01_m0.05_w3,0.01,0.05,3.0,TSI_warp,0.999048113822937
electricity,random-reset,stl,p48_k8,n0.01_m0.05_w3,0.01,0.05,3.0,GSP_noise,-0.0022944211959838867
electricity,random-reset,stl,p48_k8,n0.01_m0.05_w3,0.01,0.05,3.0,GSP_mask,0.0008058845996856689
electricity,random-reset,stl,p48_k8,n0.01_m0.05_w3,0.01,0.05,3.0,GSP_warp,0.029509544372558594
electricity,random-reset,stl,p48_k12,n0.01_m0.05_w3,0.01,0.05,3.0,LCS_clean,-0.1944175660610199
electricity,random-reset,stl,p48_k12,n0.01_m0.05_w3,0.01,0.05,3.0,LCS_noise,-0.19335924088954926
electricity,random-reset,stl,p48_k12,n0.01_m0.05_w3,0.01,0.05,3.0,LCS_mask,-0.19519264996051788
electricity,random-reset,stl,p48_k12,n0.01_m0.05_w3,0.01,0.05,3.0,LCS_warp,-0.23283427953720093
electricity,random-reset,stl,p48_k12,n0.01_m0.05_w3,0.01,0.05,3.0,TSI_noise,0.9999917149543762
electricity,random-reset,stl,p48_k12,n0.01_m0.05_w3,0.01,0.05,3.0,TSI_mask,0.9999915361404419
electricity,random-reset,stl,p48_k12,n0.01_m0.05_w3,0.01,0.05,3.0,TSI_warp,0.999048113822937
electricity,random-reset,stl,p48_k12,n0.01_m0.05_w3,0.01,0.05,3.0,GSP_noise,-0.001058325171470642
electricity,random-reset,stl,p48_k12,n0.01_m0.05_w3,0.01,0.05,3.0,GSP_mask,0.0007750838994979858
electricity,random-reset,stl,p48_k12,n0.01_m0.05_w3,0.01,0.05,3.0,GSP_warp,0.03841671347618103
electricity,random-reset,stl,p96_k4,n0.01_m0.05_w3,0.01,0.05,3.0,LCS_clean,-0.23525123298168182
electricity,random-reset,stl,p96_k4,n0.01_m0.05_w3,0.01,0.05,3.0,LCS_noise,-0.231353759765625
electricity,random-reset,stl,p96_k4,n0.01_m0.05_w3,0.01,0.05,3.0,LCS_mask,-0.23634062707424164
electricity,random-reset,stl,p96_k4,n0.01_m0.05_w3,0.01,0.05,3.0,LCS_warp,-0.2482464760541916
electricity,random-reset,stl,p96_k4,n0.01_m0.05_w3,0.01,0.05,3.0,TSI_noise,0.9999917149543762
electricity,random-reset,stl,p96_k4,n0.01_m0.05_w3,0.01,0.05,3.0,TSI_mask,0.9999915361404419
electricity,random-reset,stl,p96_k4,n0.01_m0.05_w3,0.01,0.05,3.0,TSI_warp,0.999048113822937
electricity,random-reset,stl,p96_k4,n0.01_m0.05_w3,0.01,0.05,3.0,GSP_noise,-0.0038974732160568237
electricity,random-reset,stl,p96_k4,n0.01_m0.05_w3,0.01,0.05,3.0,GSP_mask,0.0010893940925598145
electricity,random-reset,stl,p96_k4,n0.01_m0.05_w3,0.01,0.05,3.0,GSP_warp,0.012995243072509766
electricity,random-reset,stl,p96_k8,n0.01_m0.05_w3,0.01,0.05,3.0,LCS_clean,-0.2340952455997467
electricity,random-reset,stl,p96_k8,n0.01_m0.05_w3,0.01,0.05,3.0,LCS_noise,-0.2302001416683197
electricity,random-reset,stl,p96_k8,n0.01_m0.05_w3,0.01,0.05,3.0,LCS_mask,-0.23526430130004883
electricity,random-reset,stl,p96_k8,n0.01_m0.05_w3,0.01,0.05,3.0,LCS_warp,-0.2490997016429901
electricity,random-reset,stl,p96_k8,n0.01_m0.05_w3,0.01,0.05,3.0,TSI_noise,0.9999917149543762
electricity,random-reset,stl,p96_k8,n0.01_m0.05_w3,0.01,0.05,3.0,TSI_mask,0.9999915361404419
electricity,random-reset,stl,p96_k8,n0.01_m0.05_w3,0.01,0.05,3.0,TSI_warp,0.999048113822937
electricity,random-reset,stl,p96_k8,n0.01_m0.05_w3,0.01,0.05,3.0,GSP_noise,-0.003895103931427002
electricity,random-reset,stl,p96_k8,n0.01_m0.05_w3,0.01,0.05,3.0,GSP_mask,0.001169055700302124
electricity,random-reset,stl,p96_k8,n0.01_m0.05_w3,0.01,0.05,3.0,GSP_warp,0.015004456043243408
electricity,random-reset,stl,p96_k12,n0.01_m0.05_w3,0.01,0.05,3.0,LCS_clean,-0.22849425673484802
electricity,random-reset,stl,p96_k12,n0.01_m0.05_w3,0.01,0.05,3.0,LCS_noise,-0.22495418787002563
electricity,random-reset,stl,p96_k12,n0.01_m0.05_w3,0.01,0.05,3.0,LCS_mask,-0.2296099066734314
electricity,random-reset,stl,p96_k12,n0.01_m0.05_w3,0.01,0.05,3.0,LCS_warp,-0.24665288627147675
electricity,random-reset,stl,p96_k12,n0.01_m0.05_w3,0.01,0.05,3.0,TSI_noise,0.9999917149543762
electricity,random-reset,stl,p96_k12,n0.01_m0.05_w3,0.01,0.05,3.0,TSI_mask,0.9999915361404419
electricity,random-reset,stl,p96_k12,n0.01_m0.05_w3,0.01,0.05,3.0,TSI_warp,0.999048113822937
electricity,random-reset,stl,p96_k12,n0.01_m0.05_w3,0.01,0.05,3.0,GSP_noise,-0.0035400688648223877
electricity,random-reset,stl,p96_k12,n0.01_m0.05_w3,0.01,0.05,3.0,GSP_mask,0.001115649938583374
electricity,random-reset,stl,p96_k12,n0.01_m0.05_w3,0.01,0.05,3.0,GSP_warp,0.018158629536628723
electricity,random-reset,phase8,na,n0.01_m0.1_w1.5,0.01,0.1,1.5,LCS_clean,-0.0685289204120636
electricity,random-reset,phase8,na,n0.01_m0.1_w1.5,0.01,0.1,1.5,LCS_noise,-0.06481649726629257
electricity,random-reset,phase8,na,n0.01_m0.1_w1.5,0.01,0.1,1.5,LCS_mask,-0.06832802295684814
electricity,random-reset,phase8,na,n0.01_m0.1_w1.5,0.01,0.1,1.5,LCS_warp,-0.054719626903533936
electricity,random-reset,phase8,na,n0.01_m0.1_w1.5,0.01,0.1,1.5,TSI_noise,0.9999922513961792
electricity,random-reset,phase8,na,n0.01_m0.1_w1.5,0.01,0.1,1.5,TSI_mask,0.9999823570251465
electricity,random-reset,phase8,na,n0.01_m0.1_w1.5,0.01,0.1,1.5,TSI_warp,0.9995287656784058
electricity,random-reset,phase8,na,n0.01_m0.1_w1.5,0.01,0.1,1.5,GSP_noise,-0.0037124231457710266
electricity,random-reset,phase8,na,n0.01_m0.1_w1.5,0.01,0.1,1.5,GSP_mask,-0.0002008974552154541
electricity,random-reset,phase8,na,n0.01_m0.1_w1.5,0.01,0.1,1.5,GSP_warp,-0.013809293508529663
electricity,random-reset,stl,p24_k4,n0.01_m0.1_w1.5,0.01,0.1,1.5,LCS_clean,-0.022040951997041702
electricity,random-reset,stl,p24_k4,n0.01_m0.1_w1.5,0.01,0.1,1.5,LCS_noise,-0.01990269124507904
electricity,random-reset,stl,p24_k4,n0.01_m0.1_w1.5,0.01,0.1,1.5,LCS_mask,-0.021679362282156944
electricity,random-reset,stl,p24_k4,n0.01_m0.1_w1.5,0.01,0.1,1.5,LCS_warp,-0.018028922379016876
electricity,random-reset,stl,p24_k4,n0.01_m0.1_w1.5,0.01,0.1,1.5,TSI_noise,0.9999922513961792
electricity,random-reset,stl,p24_k4,n0.01_m0.1_w1.5,0.01,0.1,1.5,TSI_mask,0.9999823570251465
electricity,random-reset,stl,p24_k4,n0.01_m0.1_w1.5,0.01,0.1,1.5,TSI_warp,0.9995287656784058
electricity,random-reset,stl,p24_k4,n0.01_m0.1_w1.5,0.01,0.1,1.5,GSP_noise,-0.0021382607519626617
electricity,random-reset,stl,p24_k4,n0.01_m0.1_w1.5,0.01,0.1,1.5,GSP_mask,-0.000361589714884758
electricity,random-reset,stl,p24_k4,n0.01_m0.1_w1.5,0.01,0.1,1.5,GSP_warp,-0.004012029618024826
electricity,random-reset,stl,p24_k8,n0.01_m0.1_w1.5,0.01,0.1,1.5,LCS_clean,-0.03387261554598808
electricity,random-reset,stl,p24_k8,n0.01_m0.1_w1.5,0.01,0.1,1.5,LCS_noise,-0.03205458074808121
electricity,random-reset,stl,p24_k8,n0.01_m0.1_w1.5,0.01,0.1,1.5,LCS_mask,-0.033735502511262894
electricity,random-reset,stl,p24_k8,n0.01_m0.1_w1.5,0.01,0.1,1.5,LCS_warp,-0.02850426733493805
electricity,random-reset,stl,p24_k8,n0.01_m0.1_w1.5,0.01,0.1,1.5,TSI_noise,0.9999922513961792
electricity,random-reset,stl,p24_k8,n0.01_m0.1_w1.5,0.01,0.1,1.5,TSI_mask,0.9999823570251465
electricity,random-reset,stl,p24_k8,n0.01_m0.1_w1.5,0.01,0.1,1.5,TSI_warp,0.9995287656784058
electricity,random-reset,stl,p24_k8,n0.01_m0.1_w1.5,0.01,0.1,1.5,GSP_noise,-0.0018180347979068756
electricity,random-reset,stl,p24_k8,n0.01_m0.1_w1.5,0.01,0.1,1.5,GSP_mask,-0.0001371130347251892
electricity,random-reset,stl,p24_k8,n0.01_m0.1_w1.5,0.01,0.1,1.5,GSP_warp,-0.005368348211050034
electricity,random-reset,stl,p24_k12,n0.01_m0.1_w1.5,0.01,0.1,1.5,LCS_clean,-0.18947455286979675
electricity,random-reset,stl,p24_k12,n0.01_m0.1_w1.5,0.01,0.1,1.5,LCS_noise,-0.1875125765800476
electricity,random-reset,stl,p24_k12,n0.01_m0.1_w1.5,0.01,0.1,1.5,LCS_mask,-0.19120459258556366
electricity,random-reset,stl,p24_k12,n0.01_m0.1_w1.5,0.01,0.1,1.5,LCS_warp,-0.21636804938316345
electricity,random-reset,stl,p24_k12,n0.01_m0.1_w1.5,0.01,0.1,1.5,TSI_noise,0.9999922513961792
electricity,random-reset,stl,p24_k12,n0.01_m0.1_w1.5,0.01,0.1,1.5,TSI_mask,0.9999823570251465
electricity,random-reset,stl,p24_k12,n0.01_m0.1_w1.5,0.01,0.1,1.5,TSI_warp,0.9995287656784058
electricity,random-reset,stl,p24_k12,n0.01_m0.1_w1.5,0.01,0.1,1.5,GSP_noise,-0.0019619762897491455
electricity,random-reset,stl,p24_k12,n0.01_m0.1_w1.5,0.01,0.1,1.5,GSP_mask,0.0017300397157669067
electricity,random-reset,stl,p24_k12,n0.01_m0.1_w1.5,0.01,0.1,1.5,GSP_warp,0.0268934965133667
electricity,random-reset,stl,p48_k4,n0.01_m0.1_w1.5,0.01,0.1,1.5,LCS_clean,-0.029753893613815308
electricity,random-reset,stl,p48_k4,n0.01_m0.1_w1.5,0.01,0.1,1.5,LCS_noise,-0.026701565831899643
electricity,random-reset,stl,p48_k4,n0.01_m0.1_w1.5,0.01,0.1,1.5,LCS_mask,-0.02973182126879692
electricity,random-reset,stl,p48_k4,n0.01_m0.1_w1.5,0.01,0.1,1.5,LCS_warp,-0.02560557797551155
electricity,random-reset,stl,p48_k4,n0.01_m0.1_w1.5,0.01,0.1,1.5,TSI_noise,0.9999922513961792
electricity,random-reset,stl,p48_k4,n0.01_m0.1_w1.5,0.01,0.1,1.5,TSI_mask,0.9999823570251465
electricity,random-reset,stl,p48_k4,n0.01_m0.1_w1.5,0.01,0.1,1.5,TSI_warp,0.9995287656784058
electricity,random-reset,stl,p48_k4,n0.01_m0.1_w1.5,0.01,0.1,1.5,GSP_noise,-0.0030523277819156647
electricity,random-reset,stl,p48_k4,n0.01_m0.1_w1.5,0.01,0.1,1.5,GSP_mask,-2.207234501838684e-05
electricity,random-reset,stl,p48_k4,n0.01_m0.1_w1.5,0.01,0.1,1.5,GSP_warp,-0.004148315638303757
electricity,random-reset,stl,p48_k8,n0.01_m0.1_w1.5,0.01,0.1,1.5,LCS_clean,-0.20137032866477966
electricity,random-reset,stl,p48_k8,n0.01_m0.1_w1.5,0.01,0.1,1.5,LCS_noise,-0.1995154619216919
electricity,random-reset,stl,p48_k8,n0.01_m0.1_w1.5,0.01,0.1,1.5,LCS_mask,-0.20175358653068542
electricity,random-reset,stl,p48_k8,n0.01_m0.1_w1.5,0.01,0.1,1.5,LCS_warp,-0.22065535187721252
electricity,random-reset,stl,p48_k8,n0.01_m0.1_w1.5,0.01,0.1,1.5,TSI_noise,0.9999922513961792
electricity,random-reset,stl,p48_k8,n0.01_m0.1_w1.5,0.01,0.1,1.5,TSI_mask,0.9999823570251465
electricity,random-reset,stl,p48_k8,n0.01_m0.1_w1.5,0.01,0.1,1.5,TSI_warp,0.9995287656784058
electricity,random-reset,stl,p48_k8,n0.01_m0.1_w1.5,0.01,0.1,1.5,GSP_noise,-0.0018548667430877686
electricity,random-reset,stl,p48_k8,n0.01_m0.1_w1.5,0.01,0.1,1.5,GSP_mask,0.0003832578659057617
electricity,random-reset,stl,p48_k8,n0.01_m0.1_w1.5,0.01,0.1,1.5,GSP_warp,0.01928502321243286
electricity,random-reset,stl,p48_k12,n0.01_m0.1_w1.5,0.01,0.1,1.5,LCS_clean,-0.1944175660610199
electricity,random-reset,stl,p48_k12,n0.01_m0.1_w1.5,0.01,0.1,1.5,LCS_noise,-0.1936458796262741
electricity,random-reset,stl,p48_k12,n0.01_m0.1_w1.5,0.01,0.1,1.5,LCS_mask,-0.19473853707313538
electricity,random-reset,stl,p48_k12,n0.01_m0.1_w1.5,0.01,0.1,1.5,LCS_warp,-0.21512152254581451
electricity,random-reset,stl,p48_k12,n0.01_m0.1_w1.5,0.01,0.1,1.5,TSI_noise,0.9999922513961792
electricity,random-reset,stl,p48_k12,n0.01_m0.1_w1.5,0.01,0.1,1.5,TSI_mask,0.9999823570251465
electricity,random-reset,stl,p48_k12,n0.01_m0.1_w1.5,0.01,0.1,1.5,TSI_warp,0.9995287656784058
electricity,random-reset,stl,p48_k12,n0.01_m0.1_w1.5,0.01,0.1,1.5,GSP_noise,-0.0007716864347457886
electricity,random-reset,stl,p48_k12,n0.01_m0.1_w1.5,0.01,0.1,1.5,GSP_mask,0.0003209710121154785
electricity,random-reset,stl,p48_k12,n0.01_m0.1_w1.5,0.01,0.1,1.5,GSP_warp,0.020703956484794617
electricity,random-reset,stl,p96_k4,n0.01_m0.1_w1.5,0.01,0.1,1.5,LCS_clean,-0.23525123298168182
electricity,random-reset,stl,p96_k4,n0.01_m0.1_w1.5,0.01,0.1,1.5,LCS_noise,-0.23194754123687744
electricity,random-reset,stl,p96_k4,n0.01_m0.1_w1.5,0.01,0.1,1.5,LCS_mask,-0.23550057411193848
electricity,random-reset,stl,p96_k4,n0.01_m0.1_w1.5,0.01,0.1,1.5,LCS_warp,-0.24642957746982574
electricity,random-reset,stl,p96_k4,n0.01_m0.1_w1.5,0.01,0.1,1.5,TSI_noise,0.9999922513961792
electricity,random-reset,stl,p96_k4,n0.01_m0.1_w1.5,0.01,0.1,1.5,TSI_mask,0.9999823570251465
electricity,random-reset,stl,p96_k4,n0.01_m0.1_w1.5,0.01,0.1,1.5,TSI_warp,0.9995287656784058
electricity,random-reset,stl,p96_k4,n0.01_m0.1_w1.5,0.01,0.1,1.5,GSP_noise,-0.0033036917448043823
electricity,random-reset,stl,p96_k4,n0.01_m0.1_w1.5,0.01,0.1,1.5,GSP_mask,0.00024934113025665283
electricity,random-reset,stl,p96_k4,n0.01_m0.1_w1.5,0.01,0.1,1.5,GSP_warp,0.011178344488143921
electricity,random-reset,stl,p96_k8,n0.01_m0.1_w1.5,0.01,0.1,1.5,LCS_clean,-0.2340952455997467
electricity,random-reset,stl,p96_k8,n0.01_m0.1_w1.5,0.01,0.1,1.5,LCS_noise,-0.23069563508033752
electricity,random-reset,stl,p96_k8,n0.01_m0.1_w1.5,0.01,0.1,1.5,LCS_mask,-0.23430778086185455
electricity,random-reset,stl,p96_k8,n0.01_m0.1_w1.5,0.01,0.1,1.5,LCS_warp,-0.2478429526090622
electricity,random-reset,stl,p96_k8,n0.01_m0.1_w1.5,0.01,0.1,1.5,TSI_noise,0.9999922513961792
electricity,random-reset,stl,p96_k8,n0.01_m0.1_w1.5,0.01,0.1,1.5,TSI_mask,0.9999823570251465
electricity,random-reset,stl,p96_k8,n0.01_m0.1_w1.5,0.01,0.1,1.5,TSI_warp,0.9995287656784058
electricity,random-reset,stl,p96_k8,n0.01_m0.1_w1.5,0.01,0.1,1.5,GSP_noise,-0.0033996105194091797
electricity,random-reset,stl,p96_k8,n0.01_m0.1_w1.5,0.01,0.1,1.5,GSP_mask,0.00021253526210784912
electricity,random-reset,stl,p96_k8,n0.01_m0.1_w1.5,0.01,0.1,1.5,GSP_warp,0.01374770700931549
electricity,random-reset,stl,p96_k12,n0.01_m0.1_w1.5,0.01,0.1,1.5,LCS_clean,-0.22849425673484802
electricity,random-reset,stl,p96_k12,n0.01_m0.1_w1.5,0.01,0.1,1.5,LCS_noise,-0.2255232334136963
electricity,random-reset,stl,p96_k12,n0.01_m0.1_w1.5,0.01,0.1,1.5,LCS_mask,-0.2286856472492218
electricity,random-reset,stl,p96_k12,n0.01_m0.1_w1.5,0.01,0.1,1.5,LCS_warp,-0.2448086440563202
electricity,random-reset,stl,p96_k12,n0.01_m0.1_w1.5,0.01,0.1,1.5,TSI_noise,0.9999922513961792
electricity,random-reset,stl,p96_k12,n0.01_m0.1_w1.5,0.01,0.1,1.5,TSI_mask,0.9999823570251465
electricity,random-reset,stl,p96_k12,n0.01_m0.1_w1.5,0.01,0.1,1.5,TSI_warp,0.9995287656784058
electricity,random-reset,stl,p96_k12,n0.01_m0.1_w1.5,0.01,0.1,1.5,GSP_noise,-0.0029710233211517334
electricity,random-reset,stl,p96_k12,n0.01_m0.1_w1.5,0.01,0.1,1.5,GSP_mask,0.0001913905143737793
electricity,random-reset,stl,p96_k12,n0.01_m0.1_w1.5,0.01,0.1,1.5,GSP_warp,0.016314387321472168
electricity,random-reset,phase8,na,n0.01_m0.1_w2,0.01,0.1,2.0,LCS_clean,-0.0685289204120636
electricity,random-reset,phase8,na,n0.01_m0.1_w2,0.01,0.1,2.0,LCS_noise,-0.06465311348438263
electricity,random-reset,phase8,na,n0.01_m0.1_w2,0.01,0.1,2.0,LCS_mask,-0.06672265380620956
electricity,random-reset,phase8,na,n0.01_m0.1_w2,0.01,0.1,2.0,LCS_warp,-0.04897313565015793
electricity,random-reset,phase8,na,n0.01_m0.1_w2,0.01,0.1,2.0,TSI_noise,0.999994695186615
electricity,random-reset,phase8,na,n0.01_m0.1_w2,0.01,0.1,2.0,TSI_mask,0.9999809861183167
electricity,random-reset,phase8,na,n0.01_m0.1_w2,0.01,0.1,2.0,TSI_warp,0.9992548227310181
electricity,random-reset,phase8,na,n0.01_m0.1_w2,0.01,0.1,2.0,GSP_noise,-0.0038758069276809692
electricity,random-reset,phase8,na,n0.01_m0.1_w2,0.01,0.1,2.0,GSP_mask,-0.0018062666058540344
electricity,random-reset,phase8,na,n0.01_m0.1_w2,0.01,0.1,2.0,GSP_warp,-0.01955578476190567
electricity,random-reset,stl,p24_k4,n0.01_m0.1_w2,0.01,0.1,2.0,LCS_clean,-0.022040951997041702
electricity,random-reset,stl,p24_k4,n0.01_m0.1_w2,0.01,0.1,2.0,LCS_noise,-0.0194968581199646
electricity,random-reset,stl,p24_k4,n0.01_m0.1_w2,0.01,0.1,2.0,LCS_mask,-0.02207261696457863
electricity,random-reset,stl,p24_k4,n0.01_m0.1_w2,0.01,0.1,2.0,LCS_warp,-0.013708598911762238
electricity,random-reset,stl,p24_k4,n0.01_m0.1_w2,0.01,0.1,2.0,TSI_noise,0.999994695186615
electricity,random-reset,stl,p24_k4,n0.01_m0.1_w2,0.01,0.1,2.0,TSI_mask,0.9999809861183167
electricity,random-reset,stl,p24_k4,n0.01_m0.1_w2,0.01,0.1,2.0,TSI_warp,0.9992548227310181
electricity,random-reset,stl,p24_k4,n0.01_m0.1_w2,0.01,0.1,2.0,GSP_noise,-0.0025440938770771027
electricity,random-reset,stl,p24_k4,n0.01_m0.1_w2,0.01,0.1,2.0,GSP_mask,3.166496753692627e-05
electricity,random-reset,stl,p24_k4,n0.01_m0.1_w2,0.01,0.1,2.0,GSP_warp,-0.008332353085279465
electricity,random-reset,stl,p24_k8,n0.01_m0.1_w2,0.01,0.1,2.0,LCS_clean,-0.03387261554598808
electricity,random-reset,stl,p24_k8,n0.01_m0.1_w2,0.01,0.1,2.0,LCS_noise,-0.031478218734264374
electricity,random-reset,stl,p24_k8,n0.01_m0.1_w2,0.01,0.1,2.0,LCS_mask,-0.03336073458194733
electricity,random-reset,stl,p24_k8,n0.01_m0.1_w2,0.01,0.1,2.0,LCS_warp,-0.02589184045791626
electricity,random-reset,stl,p24_k8,n0.01_m0.1_w2,0.01,0.1,2.0,TSI_noise,0.999994695186615
electricity,random-reset,stl,p24_k8,n0.01_m0.1_w2,0.01,0.1,2.0,TSI_mask,0.9999809861183167
electricity,random-reset,stl,p24_k8,n0.01_m0.1_w2,0.01,0.1,2.0,TSI_warp,0.9992548227310181
electricity,random-reset,stl,p24_k8,n0.01_m0.1_w2,0.01,0.1,2.0,GSP_noise,-0.002394396811723709
electricity,random-reset,stl,p24_k8,n0.01_m0.1_w2,0.01,0.1,2.0,GSP_mask,-0.0005118809640407562
electricity,random-reset,stl,p24_k8,n0.01_m0.1_w2,0.01,0.1,2.0,GSP_warp,-0.007980775088071823
electricity,random-reset,stl,p24_k12,n0.01_m0.1_w2,0.01,0.1,2.0,LCS_clean,-0.18947455286979675
electricity,random-reset,stl,p24_k12,n0.01_m0.1_w2,0.01,0.1,2.0,LCS_noise,-0.1872495710849762
electricity,random-reset,stl,p24_k12,n0.01_m0.1_w2,0.01,0.1,2.0,LCS_mask,-0.19046494364738464
electricity,random-reset,stl,p24_k12,n0.01_m0.1_w2,0.01,0.1,2.0,LCS_warp,-0.22862669825553894
electricity,random-reset,stl,p24_k12,n0.01_m0.1_w2,0.01,0.1,2.0,TSI_noise,0.999994695186615
electricity,random-reset,stl,p24_k12,n0.01_m0.1_w2,0.01,0.1,2.0,TSI_mask,0.9999809861183167
electricity,random-reset,stl,p24_k12,n0.01_m0.1_w2,0.01,0.1,2.0,TSI_warp,0.9992548227310181
electricity,random-reset,stl,p24_k12,n0.01_m0.1_w2,0.01,0.1,2.0,GSP_noise,-0.0022249817848205566
electricity,random-reset,stl,p24_k12,n0.01_m0.1_w2,0.01,0.1,2.0,GSP_mask,0.0009903907775878906
electricity,random-reset,stl,p24_k12,n0.01_m0.1_w2,0.01,0.1,2.0,GSP_warp,0.03915214538574219
electricity,random-reset,stl,p48_k4,n0.01_m0.1_w2,0.01,0.1,2.0,LCS_clean,-0.029753893613815308
electricity,random-reset,stl,p48_k4,n0.01_m0.1_w2,0.01,0.1,2.0,LCS_noise,-0.028269415721297264
electricity,random-reset,stl,p48_k4,n0.01_m0.1_w2,0.01,0.1,2.0,LCS_mask,-0.029054969549179077
electricity,random-reset,stl,p48_k4,n0.01_m0.1_w2,0.01,0.1,2.0,LCS_warp,-0.02263808622956276
electricity,random-reset,stl,p48_k4,n0.01_m0.1_w2,0.01,0.1,2.0,TSI_noise,0.999994695186615
electricity,random-reset,stl,p48_k4,n0.01_m0.1_w2,0.01,0.1,2.0,TSI_mask,0.9999809861183167
electricity,random-reset,stl,p48_k4,n0.01_m0.1_w2,0.01,0.1,2.0,TSI_warp,0.9992548227310181
electricity,random-reset,stl,p48_k4,n0.01_m0.1_w2,0.01,0.1,2.0,GSP_noise,-0.0014844778925180435
electricity,random-reset,stl,p48_k4,n0.01_m0.1_w2,0.01,0.1,2.0,GSP_mask,-0.0006989240646362305
electricity,random-reset,stl,p48_k4,n0.01_m0.1_w2,0.01,0.1,2.0,GSP_warp,-0.007115807384252548
electricity,random-reset,stl,p48_k8,n0.01_m0.1_w2,0.01,0.1,2.0,LCS_clean,-0.20137032866477966
electricity,random-reset,stl,p48_k8,n0.01_m0.1_w2,0.01,0.1,2.0,LCS_noise,-0.19926007091999054
electricity,random-reset,stl,p48_k8,n0.01_m0.1_w2,0.01,0.1,2.0,LCS_mask,-0.20224988460540771
electricity,random-reset,stl,p48_k8,n0.01_m0.1_w2,0.01,0.1,2.0,LCS_warp,-0.2328512966632843
electricity,random-reset,stl,p48_k8,n0.01_m0.1_w2,0.01,0.1,2.0,TSI_noise,0.999994695186615
electricity,random-reset,stl,p48_k8,n0.01_m0.1_w2,0.01,0.1,2.0,TSI_mask,0.9999809861183167
electricity,random-reset,stl,p48_k8,n0.01_m0.1_w2,0.01,0.1,2.0,TSI_warp,0.9992548227310181
electricity,random-reset,stl,p48_k8,n0.01_m0.1_w2,0.01,0.1,2.0,GSP_noise,-0.0021102577447891235
electricity,random-reset,stl,p48_k8,n0.01_m0.1_w2,0.01,0.1,2.0,GSP_mask,0.0008795559406280518
electricity,random-reset,stl,p48_k8,n0.01_m0.1_w2,0.01,0.1,2.0,GSP_warp,0.03148096799850464
electricity,random-reset,stl,p48_k12,n0.01_m0.1_w2,0.01,0.1,2.0,LCS_clean,-0.1944175660610199
electricity,random-reset,stl,p48_k12,n0.01_m0.1_w2,0.01,0.1,2.0,LCS_noise,-0.1931259036064148
electricity,random-reset,stl,p48_k12,n0.01_m0.1_w2,0.01,0.1,2.0,LCS_mask,-0.1948184370994568
electricity,random-reset,stl,p48_k12,n0.01_m0.1_w2,0.01,0.1,2.0,LCS_warp,-0.22932881116867065
electricity,random-reset,stl,p48_k12,n0.01_m0.1_w2,0.01,0.1,2.0,TSI_noise,0.999994695186615
electricity,random-reset,stl,p48_k12,n0.01_m0.1_w2,0.01,0.1,2.0,TSI_mask,0.9999809861183167
electricity,random-reset,stl,p48_k12,n0.01_m0.1_w2,0.01,0.1,2.0,TSI_warp,0.9992548227310181
electricity,random-reset,stl,p48_k12,n0.01_m0.1_w2,0.01,0.1,2.0,GSP_noise,-0.0012916624546051025
electricity,random-reset,stl,p48_k12,n0.01_m0.1_w2,0.01,0.1,2.0,GSP_mask,0.00040087103843688965
electricity,random-reset,stl,p48_k12,n0.01_m0.1_w2,0.01,0.1,2.0,GSP_warp,0.03491124510765076
electricity,random-reset,stl,p96_k4,n0.01_m0.1_w2,0.01,0.1,2.0,LCS_clean,-0.23525123298168182
electricity,random-reset,stl,p96_k4,n0.01_m0.1_w2,0.01,0.1,2.0,LCS_noise,-0.2317538857460022
electricity,random-reset,stl,p96_k4,n0.01_m0.1_w2,0.01,0.1,2.0,LCS_mask,-0.23525144159793854
electricity,random-reset,stl,p96_k4,n0.01_m0.1_w2,0.01,0.1,2.0,LCS_warp,-0.2558805048465729
electricity,random-reset,stl,p96_k4,n0.01_m0.1_w2,0.01,0.1,2.0,TSI_noise,0.999994695186615
electricity,random-reset,stl,p96_k4,n0.01_m0.1_w2,0.01,0.1,2.0,TSI_mask,0.9999809861183167
electricity,random-reset,stl,p96_k4,n0.01_m0.1_w2,0.01,0.1,2.0,TSI_warp,0.9992548227310181
electricity,random-reset,stl,p96_k4,n0.01_m0.1_w2,0.01,0.1,2.0,GSP_noise,-0.0034973472356796265
electricity,random-reset,stl,p96_k4,n0.01_m0.1_w2,0.01,0.1,2.0,GSP_mask,2.086162567138672e-07
electricity,random-reset,stl,p96_k4,n0.01_m0.1_w2,0.01,0.1,2.0,GSP_warp,0.020629271864891052
electricity,random-reset,stl,p96_k8,n0.01_m0.1_w2,0.01,0.1,2.0,LCS_clean,-0.2340952455997467
electricity,random-reset,stl,p96_k8,n0.01_m0.1_w2,0.01,0.1,2.0,LCS_noise,-0.2305634319782257
electricity,random-reset,stl,p96_k8,n0.01_m0.1_w2,0.01,0.1,2.0,LCS_mask,-0.23401670157909393
electricity,random-reset,stl,p96_k8,n0.01_m0.1_w2,0.01,0.1,2.0,LCS_warp,-0.25516748428344727
electricity,random-reset,stl,p96_k8,n0.01_m0.1_w2,0.01,0.1,2.0,TSI_noise,0.999994695186615
electricity,random-reset,stl,p96_k8,n0.01_m0.1_w2,0.01,0.1,2.0,TSI_mask,0.9999809861183167
electricity,random-reset,stl,p96_k8,n0.01_m0.1_w2,0.01,0.1,2.0,TSI_warp,0.9992548227310181
electricity,random-reset,stl,p96_k8,n0.01_m0.1_w2,0.01,0.1,2.0,GSP_noise,-0.003531813621520996
electricity,random-reset,stl,p96_k8,n0.01_m0.1_w2,0.01,0.1,2.0,GSP_mask,-7.8544020652771e-05
electricity,random-reset,stl,p96_k8,n0.01_m0.1_w2,0.01,0.1,2.0,GSP_warp,0.02107223868370056
electricity,random-reset,stl,p96_k12,n0.01_m0.1_w2,0.01,0.1,2.0,LCS_clean,-0.22849425673484802
electricity,random-reset,stl,p96_k12,n0.01_m0.1_w2,0.01,0.1,2.0,LCS_noise,-0.2252751588821411
electricity,random-reset,stl,p96_k12,n0.01_m0.1_w2,0.01,0.1,2.0,LCS_mask,-0.22897455096244812
electricity,random-reset,stl,p96_k12,n0.01_m0.1_w2,0.01,0.1,2.0,LCS_warp,-0.25137877464294434
electricity,random-reset,stl,p96_k12,n0.01_m0.1_w2,0.01,0.1,2.0,TSI_noise,0.999994695186615
electricity,random-reset,stl,p96_k12,n0.01_m0.1_w2,0.01,0.1,2.0,TSI_mask,0.9999809861183167
electricity,random-reset,stl,p96_k12,n0.01_m0.1_w2,0.01,0.1,2.0,TSI_warp,0.9992548227310181
electricity,random-reset,stl,p96_k12,n0.01_m0.1_w2,0.01,0.1,2.0,GSP_noise,-0.003219097852706909
electricity,random-reset,stl,p96_k12,n0.01_m0.1_w2,0.01,0.1,2.0,GSP_mask,0.00048029422760009766
electricity,random-reset,stl,p96_k12,n0.01_m0.1_w2,0.01,0.1,2.0,GSP_warp,0.022884517908096313
electricity,random-reset,phase8,na,n0.01_m0.1_w3,0.01,0.1,3.0,LCS_clean,-0.0685289204120636
electricity,random-reset,phase8,na,n0.01_m0.1_w3,0.01,0.1,3.0,LCS_noise,-0.06331117451190948
electricity,random-reset,phase8,na,n0.01_m0.1_w3,0.01,0.1,3.0,LCS_mask,-0.06807152926921844
electricity,random-reset,phase8,na,n0.01_m0.1_w3,0.01,0.1,3.0,LCS_warp,-0.04873976856470108
electricity,random-reset,phase8,na,n0.01_m0.1_w3,0.01,0.1,3.0,TSI_noise,0.9999865293502808
electricity,random-reset,phase8,na,n0.01_m0.1_w3,0.01,0.1,3.0,TSI_mask,0.9999829530715942
electricity,random-reset,phase8,na,n0.01_m0.1_w3,0.01,0.1,3.0,TSI_warp,0.999065637588501
electricity,random-reset,phase8,na,n0.01_m0.1_w3,0.01,0.1,3.0,GSP_noise,-0.005217745900154114
electricity,random-reset,phase8,na,n0.01_m0.1_w3,0.01,0.1,3.0,GSP_mask,-0.0004573911428451538
electricity,random-reset,phase8,na,n0.01_m0.1_w3,0.01,0.1,3.0,GSP_warp,-0.01978915184736252
electricity,random-reset,stl,p24_k4,n0.01_m0.1_w3,0.01,0.1,3.0,LCS_clean,-0.022040951997041702
electricity,random-reset,stl,p24_k4,n0.01_m0.1_w3,0.01,0.1,3.0,LCS_noise,-0.01897507905960083
electricity,random-reset,stl,p24_k4,n0.01_m0.1_w3,0.01,0.1,3.0,LCS_mask,-0.021807923913002014
electricity,random-reset,stl,p24_k4,n0.01_m0.1_w3,0.01,0.1,3.0,LCS_warp,-0.015515750274062157
electricity,random-reset,stl,p24_k4,n0.01_m0.1_w3,0.01,0.1,3.0,TSI_noise,0.9999865293502808
electricity,random-reset,stl,p24_k4,n0.01_m0.1_w3,0.01,0.1,3.0,TSI_mask,0.9999829530715942
electricity,random-reset,stl,p24_k4,n0.01_m0.1_w3,0.01,0.1,3.0,TSI_warp,0.999065637588501
electricity,random-reset,stl,p24_k4,n0.01_m0.1_w3,0.01,0.1,3.0,GSP_noise,-0.003065872937440872
electricity,random-reset,stl,p24_k4,n0.01_m0.1_w3,0.01,0.1,3.0,GSP_mask,-0.0002330280840396881
electricity,random-reset,stl,p24_k4,n0.01_m0.1_w3,0.01,0.1,3.0,GSP_warp,-0.006525201722979546
electricity,random-reset,stl,p24_k8,n0.01_m0.1_w3,0.01,0.1,3.0,LCS_clean,-0.03387261554598808
electricity,random-reset,stl,p24_k8,n0.01_m0.1_w3,0.01,0.1,3.0,LCS_noise,-0.03116798773407936
electricity,random-reset,stl,p24_k8,n0.01_m0.1_w3,0.01,0.1,3.0,LCS_mask,-0.0332566574215889
electricity,random-reset,stl,p24_k8,n0.01_m0.1_w3,0.01,0.1,3.0,LCS_warp,-0.04166160523891449
electricity,random-reset,stl,p24_k8,n0.01_m0.1_w3,0.01,0.1,3.0,TSI_noise,0.9999865293502808
electricity,random-reset,stl,p24_k8,n0.01_m0.1_w3,0.01,0.1,3.0,TSI_mask,0.9999829530715942
electricity,random-reset,stl,p24_k8,n0.01_m0.1_w3,0.01,0.1,3.0,TSI_warp,0.999065637588501
electricity,random-reset,stl,p24_k8,n0.01_m0.1_w3,0.01,0.1,3.0,GSP_noise,-0.002704627811908722
electricity,random-reset,stl,p24_k8,n0.01_m0.1_w3,0.01,0.1,3.0,GSP_mask,-0.0006159581243991852
electricity,random-reset,stl,p24_k8,n0.01_m0.1_w3,0.01,0.1,3.0,GSP_warp,0.007788989692926407
electricity,random-reset,stl,p24_k12,n0.01_m0.1_w3,0.01,0.1,3.0,LCS_clean,-0.18947455286979675
electricity,random-reset,stl,p24_k12,n0.01_m0.1_w3,0.01,0.1,3.0,LCS_noise,-0.1866993010044098
electricity,random-reset,stl,p24_k12,n0.01_m0.1_w3,0.01,0.1,3.0,LCS_mask,-0.19061137735843658
electricity,random-reset,stl,p24_k12,n0.01_m0.1_w3,0.01,0.1,3.0,LCS_warp,-0.23411276936531067
electricity,random-reset,stl,p24_k12,n0.01_m0.1_w3,0.01,0.1,3.0,TSI_noise,0.9999865293502808
electricity,random-reset,stl,p24_k12,n0.01_m0.1_w3,0.01,0.1,3.0,TSI_mask,0.9999829530715942
electricity,random-reset,stl,p24_k12,n0.01_m0.1_w3,0.01,0.1,3.0,TSI_warp,0.999065637588501
electricity,random-reset,stl,p24_k12,n0.01_m0.1_w3,0.01,0.1,3.0,GSP_noise,-0.002775251865386963
electricity,random-reset,stl,p24_k12,n0.01_m0.1_w3,0.01,0.1,3.0,GSP_mask,0.0011368244886398315
electricity,random-reset,stl,p24_k12,n0.01_m0.1_w3,0.01,0.1,3.0,GSP_warp,0.044638216495513916
electricity,random-reset,stl,p48_k4,n0.01_m0.1_w3,0.01,0.1,3.0,LCS_clean,-0.029753893613815308
electricity,random-reset,stl,p48_k4,n0.01_m0.1_w3,0.01,0.1,3.0,LCS_noise,-0.02706415206193924
electricity,random-reset,stl,p48_k4,n0.01_m0.1_w3,0.01,0.1,3.0,LCS_mask,-0.029012631624937057
electricity,random-reset,stl,p48_k4,n0.01_m0.1_w3,0.01,0.1,3.0,LCS_warp,-0.02520197443664074
electricity,random-reset,stl,p48_k4,n0.01_m0.1_w3,0.01,0.1,3.0,TSI_noise,0.9999865293502808
electricity,random-reset,stl,p48_k4,n0.01_m0.1_w3,0.01,0.1,3.0,TSI_mask,0.9999829530715942
electricity,random-reset,stl,p48_k4,n0.01_m0.1_w3,0.01,0.1,3.0,TSI_warp,0.999065637588501
electricity,random-reset,stl,p48_k4,n0.01_m0.1_w3,0.01,0.1,3.0,GSP_noise,-0.002689741551876068
electricity,random-reset,stl,p48_k4,n0.01_m0.1_w3,0.01,0.1,3.0,GSP_mask,-0.0007412619888782501
electricity,random-reset,stl,p48_k4,n0.01_m0.1_w3,0.01,0.1,3.0,GSP_warp,-0.004551919177174568
electricity,random-reset,stl,p48_k8,n0.01_m0.1_w3,0.01,0.1,3.0,LCS_clean,-0.20137032866477966
electricity,random-reset,stl,p48_k8,n0.01_m0.1_w3,0.01,0.1,3.0,LCS_noise,-0.19903995096683502
electricity,random-reset,stl,p48_k8,n0.01_m0.1_w3,0.01,0.1,3.0,LCS_mask,-0.20171168446540833
electricity,random-reset,stl,p48_k8,n0.01_m0.1_w3,0.01,0.1,3.0,LCS_warp,-0.238893061876297
electricity,random-reset,stl,p48_k8,n0.01_m0.1_w3,0.01,0.1,3.0,TSI_noise,0.9999865293502808
electricity,random-reset,stl,p48_k8,n0.01_m0.1_w3,0.01,0.1,3.0,TSI_mask,0.9999829530715942
electricity,random-reset,stl,p48_k8,n0.01_m0.1_w3,0.01,0.1,3.0,TSI_warp,0.999065637588501
electricity,random-reset,stl,p48_k8,n0.01_m0.1_w3,0.01,0.1,3.0,GSP_noise,-0.002330377697944641
electricity,random-reset,stl,p48_k8,n0.01_m0.1_w3,0.01,0.1,3.0,GSP_mask,0.0003413558006286621
electricity,random-reset,stl,p48_k8,n0.01_m0.1_w3,0.01,0.1,3.0,GSP_warp,0.037522733211517334
electricity,random-reset,stl,p48_k12,n0.01_m0.1_w3,0.01,0.1,3.0,LCS_clean,-0.1944175660610199
electricity,random-reset,stl,p48_k12,n0.01_m0.1_w3,0.01,0.1,3.0,LCS_noise,-0.19380785524845123
electricity,random-reset,stl,p48_k12,n0.01_m0.1_w3,0.01,0.1,3.0,LCS_mask,-0.19469697773456573
electricity,random-reset,stl,p48_k12,n0.01_m0.1_w3,0.01,0.1,3.0,LCS_warp,-0.23643767833709717
electricity,random-reset,stl,p48_k12,n0.01_m0.1_w3,0.01,0.1,3.0,TSI_noise,0.9999865293502808
electricity,random-reset,stl,p48_k12,n0.01_m0.1_w3,0.01,0.1,3.0,TSI_mask,0.9999829530715942
electricity,random-reset,stl,p48_k12,n0.01_m0.1_w3,0.01,0.1,3.0,TSI_warp,0.999065637588501
electricity,random-reset,stl,p48_k12,n0.01_m0.1_w3,0.01,0.1,3.0,GSP_noise,-0.0006097108125686646
electricity,random-reset,stl,p48_k12,n0.01_m0.1_w3,0.01,0.1,3.0,GSP_mask,0.0002794116735458374
electricity,random-reset,stl,p48_k12,n0.01_m0.1_w3,0.01,0.1,3.0,GSP_warp,0.04202011227607727
electricity,random-reset,stl,p96_k4,n0.01_m0.1_w3,0.01,0.1,3.0,LCS_clean,-0.23525123298168182
electricity,random-reset,stl,p96_k4,n0.01_m0.1_w3,0.01,0.1,3.0,LCS_noise,-0.231014221906662
electricity,random-reset,stl,p96_k4,n0.01_m0.1_w3,0.01,0.1,3.0,LCS_mask,-0.23513251543045044
electricity,random-reset,stl,p96_k4,n0.01_m0.1_w3,0.01,0.1,3.0,LCS_warp,-0.2556028962135315
electricity,random-reset,stl,p96_k4,n0.01_m0.1_w3,0.01,0.1,3.0,TSI_noise,0.9999865293502808
electricity,random-reset,stl,p96_k4,n0.01_m0.1_w3,0.01,0.1,3.0,TSI_mask,0.9999829530715942
electricity,random-reset,stl,p96_k4,n0.01_m0.1_w3,0.01,0.1,3.0,TSI_warp,0.999065637588501
electricity,random-reset,stl,p96_k4,n0.01_m0.1_w3,0.01,0.1,3.0,GSP_noise,-0.004237011075019836
electricity,random-reset,stl,p96_k4,n0.01_m0.1_w3,0.01,0.1,3.0,GSP_mask,-0.00011871755123138428
electricity,random-reset,stl,p96_k4,n0.01_m0.1_w3,0.01,0.1,3.0,GSP_warp,0.02035166323184967
electricity,random-reset,stl,p96_k8,n0.01_m0.1_w3,0.01,0.1,3.0,LCS_clean,-0.2340952455997467
electricity,random-reset,stl,p96_k8,n0.01_m0.1_w3,0.01,0.1,3.0,LCS_noise,-0.2297750860452652
electricity,random-reset,stl,p96_k8,n0.01_m0.1_w3,0.01,0.1,3.0,LCS_mask,-0.23411649465560913
electricity,random-reset,stl,p96_k8,n0.01_m0.1_w3,0.01,0.1,3.0,LCS_warp,-0.25430479645729065
electricity,random-reset,stl,p96_k8,n0.01_m0.1_w3,0.01,0.1,3.0,TSI_noise,0.9999865293502808
electricity,random-reset,stl,p96_k8,n0.01_m0.1_w3,0.01,0.1,3.0,TSI_mask,0.9999829530715942
electricity,random-reset,stl,p96_k8,n0.01_m0.1_w3,0.01,0.1,3.0,TSI_warp,0.999065637588501
electricity,random-reset,stl,p96_k8,n0.01_m0.1_w3,0.01,0.1,3.0,GSP_noise,-0.004320159554481506
electricity,random-reset,stl,p96_k8,n0.01_m0.1_w3,0.01,0.1,3.0,GSP_mask,2.1249055862426758e-05
electricity,random-reset,stl,p96_k8,n0.01_m0.1_w3,0.01,0.1,3.0,GSP_warp,0.020209550857543945
electricity,random-reset,stl,p96_k12,n0.01_m0.1_w3,0.01,0.1,3.0,LCS_clean,-0.22849425673484802
electricity,random-reset,stl,p96_k12,n0.01_m0.1_w3,0.01,0.1,3.0,LCS_noise,-0.2245587706565857
electricity,random-reset,stl,p96_k12,n0.01_m0.1_w3,0.01,0.1,3.0,LCS_mask,-0.2291383147239685
electricity,random-reset,stl,p96_k12,n0.01_m0.1_w3,0.01,0.1,3.0,LCS_warp,-0.2520666718482971
electricity,random-reset,stl,p96_k12,n0.01_m0.1_w3,0.01,0.1,3.0,TSI_noise,0.9999865293502808
electricity,random-reset,stl,p96_k12,n0.01_m0.1_w3,0.01,0.1,3.0,TSI_mask,0.9999829530715942
electricity,random-reset,stl,p96_k12,n0.01_m0.1_w3,0.01,0.1,3.0,TSI_warp,0.999065637588501
electricity,random-reset,stl,p96_k12,n0.01_m0.1_w3,0.01,0.1,3.0,GSP_noise,-0.003935486078262329
electricity,random-reset,stl,p96_k12,n0.01_m0.1_w3,0.01,0.1,3.0,GSP_mask,0.0006440579891204834
electricity,random-reset,stl,p96_k12,n0.01_m0.1_w3,0.01,0.1,3.0,GSP_warp,0.023572415113449097
electricity,random-reset,phase8,na,n0.02_m0.03_w1.5,0.02,0.03,1.5,LCS_clean,-0.0685289204120636
electricity,random-reset,phase8,na,n0.02_m0.03_w1.5,0.02,0.03,1.5,LCS_noise,-0.06075547635555267
electricity,random-reset,phase8,na,n0.02_m0.03_w1.5,0.02,0.03,1.5,LCS_mask,-0.06916987895965576
electricity,random-reset,phase8,na,n0.02_m0.03_w1.5,0.02,0.03,1.5,LCS_warp,-0.047329895198345184
electricity,random-reset,phase8,na,n0.02_m0.03_w1.5,0.02,0.03,1.5,TSI_noise,0.9999710321426392
electricity,random-reset,phase8,na,n0.02_m0.03_w1.5,0.02,0.03,1.5,TSI_mask,0.9999947547912598
electricity,random-reset,phase8,na,n0.02_m0.03_w1.5,0.02,0.03,1.5,TSI_warp,0.9995294809341431
electricity,random-reset,phase8,na,n0.02_m0.03_w1.5,0.02,0.03,1.5,GSP_noise,-0.007773444056510925
electricity,random-reset,phase8,na,n0.02_m0.03_w1.5,0.02,0.03,1.5,GSP_mask,0.0006409585475921631
electricity,random-reset,phase8,na,n0.02_m0.03_w1.5,0.02,0.03,1.5,GSP_warp,-0.021199025213718414
electricity,random-reset,stl,p24_k4,n0.02_m0.03_w1.5,0.02,0.03,1.5,LCS_clean,-0.022040951997041702
electricity,random-reset,stl,p24_k4,n0.02_m0.03_w1.5,0.02,0.03,1.5,LCS_noise,-0.017161179333925247
electricity,random-reset,stl,p24_k4,n0.02_m0.03_w1.5,0.02,0.03,1.5,LCS_mask,-0.02234429121017456
electricity,random-reset,stl,p24_k4,n0.02_m0.03_w1.5,0.02,0.03,1.5,LCS_warp,-0.015216123312711716
electricity,random-reset,stl,p24_k4,n0.02_m0.03_w1.5,0.02,0.03,1.5,TSI_noise,0.9999710321426392
electricity,random-reset,stl,p24_k4,n0.02_m0.03_w1.5,0.02,0.03,1.5,TSI_mask,0.9999947547912598
electricity,random-reset,stl,p24_k4,n0.02_m0.03_w1.5,0.02,0.03,1.5,TSI_warp,0.9995294809341431
electricity,random-reset,stl,p24_k4,n0.02_m0.03_w1.5,0.02,0.03,1.5,GSP_noise,-0.004879772663116455
electricity,random-reset,stl,p24_k4,n0.02_m0.03_w1.5,0.02,0.03,1.5,GSP_mask,0.0003033392131328583
electricity,random-reset,stl,p24_k4,n0.02_m0.03_w1.5,0.02,0.03,1.5,GSP_warp,-0.006824828684329987
electricity,random-reset,stl,p24_k8,n0.02_m0.03_w1.5,0.02,0.03,1.5,LCS_clean,-0.03387261554598808
electricity,random-reset,stl,p24_k8,n0.02_m0.03_w1.5,0.02,0.03,1.5,LCS_noise,-0.029143819585442543
electricity,random-reset,stl,p24_k8,n0.02_m0.03_w1.5,0.02,0.03,1.5,LCS_mask,-0.034440912306308746
electricity,random-reset,stl,p24_k8,n0.02_m0.03_w1.5,0.02,0.03,1.5,LCS_warp,-0.02454923652112484
electricity,random-reset,stl,p24_k8,n0.02_m0.03_w1.5,0.02,0.03,1.5,TSI_noise,0.9999710321426392
electricity,random-reset,stl,p24_k8,n0.02_m0.03_w1.5,0.02,0.03,1.5,TSI_mask,0.9999947547912598
electricity,random-reset,stl,p24_k8,n0.02_m0.03_w1.5,0.02,0.03,1.5,TSI_warp,0.9995294809341431
electricity,random-reset,stl,p24_k8,n0.02_m0.03_w1.5,0.02,0.03,1.5,GSP_noise,-0.00472879596054554
electricity,random-reset,stl,p24_k8,n0.02_m0.03_w1.5,0.02,0.03,1.5,GSP_mask,0.0005682967603206635
electricity,random-reset,stl,p24_k8,n0.02_m0.03_w1.5,0.02,0.03,1.5,GSP_warp,-0.009323379024863243
electricity,random-reset,stl,p24_k12,n0.02_m0.03_w1.5,0.02,0.03,1.5,LCS_clean,-0.18947455286979675
electricity,random-reset,stl,p24_k12,n0.02_m0.03_w1.5,0.02,0.03,1.5,LCS_noise,-0.18611012399196625
electricity,random-reset,stl,p24_k12,n0.02_m0.03_w1.5,0.02,0.03,1.5,LCS_mask,-0.18987718224525452
electricity,random-reset,stl,p24_k12,n0.02_m0.03_w1.5,0.02,0.03,1.5,LCS_warp,-0.2239435315132141
electricity,random-reset,stl,p24_k12,n0.02_m0.03_w1.5,0.02,0.03,1.5,TSI_noise,0.9999710321426392
electricity,random-reset,stl,p24_k12,n0.02_m0.03_w1.5,0.02,0.03,1.5,TSI_mask,0.9999947547912598
electricity,random-reset,stl,p24_k12,n0.02_m0.03_w1.5,0.02,0.03,1.5,TSI_warp,0.9995294809341431
electricity,random-reset,stl,p24_k12,n0.02_m0.03_w1.5,0.02,0.03,1.5,GSP_noise,-0.0033644288778305054
electricity,random-reset,stl,p24_k12,n0.02_m0.03_w1.5,0.02,0.03,1.5,GSP_mask,0.00040262937545776367
electricity,random-reset,stl,p24_k12,n0.02_m0.03_w1.5,0.02,0.03,1.5,GSP_warp,0.03446897864341736
electricity,random-reset,stl,p48_k4,n0.02_m0.03_w1.5,0.02,0.03,1.5,LCS_clean,-0.029753893613815308
electricity,random-reset,stl,p48_k4,n0.02_m0.03_w1.5,0.02,0.03,1.5,LCS_noise,-0.025543933734297752
electricity,random-reset,stl,p48_k4,n0.02_m0.03_w1.5,0.02,0.03,1.5,LCS_mask,-0.030309105291962624
electricity,random-reset,stl,p48_k4,n0.02_m0.03_w1.5,0.02,0.03,1.5,LCS_warp,-0.026894833892583847
electricity,random-reset,stl,p48_k4,n0.02_m0.03_w1.5,0.02,0.03,1.5,TSI_noise,0.9999710321426392
electricity,random-reset,stl,p48_k4,n0.02_m0.03_w1.5,0.02,0.03,1.5,TSI_mask,0.9999947547912598
electricity,random-reset,stl,p48_k4,n0.02_m0.03_w1.5,0.02,0.03,1.5,TSI_warp,0.9995294809341431
electricity,random-reset,stl,p48_k4,n0.02_m0.03_w1.5,0.02,0.03,1.5,GSP_noise,-0.004209959879517555
electricity,random-reset,stl,p48_k4,n0.02_m0.03_w1.5,0.02,0.03,1.5,GSP_mask,0.000555211678147316
electricity,random-reset,stl,p48_k4,n0.02_m0.03_w1.5,0.02,0.03,1.5,GSP_warp,-0.0028590597212314606
electricity,random-reset,stl,p48_k8,n0.02_m0.03_w1.5,0.02,0.03,1.5,LCS_clean,-0.20137032866477966
electricity,random-reset,stl,p48_k8,n0.02_m0.03_w1.5,0.02,0.03,1.5,LCS_noise,-0.19813624024391174
electricity,random-reset,stl,p48_k8,n0.02_m0.03_w1.5,0.02,0.03,1.5,LCS_mask,-0.20195534825325012
electricity,random-reset,stl,p48_k8,n0.02_m0.03_w1.5,0.02,0.03,1.5,LCS_warp,-0.2202056348323822
electricity,random-reset,stl,p48_k8,n0.02_m0.03_w1.5,0.02,0.03,1.5,TSI_noise,0.9999710321426392
electricity,random-reset,stl,p48_k8,n0.02_m0.03_w1.5,0.02,0.03,1.5,TSI_mask,0.9999947547912598
electricity,random-reset,stl,p48_k8,n0.02_m0.03_w1.5,0.02,0.03,1.5,TSI_warp,0.9995294809341431
electricity,random-reset,stl,p48_k8,n0.02_m0.03_w1.5,0.02,0.03,1.5,GSP_noise,-0.00323408842086792
electricity,random-reset,stl,p48_k8,n0.02_m0.03_w1.5,0.02,0.03,1.5,GSP_mask,0.000585019588470459
electricity,random-reset,stl,p48_k8,n0.02_m0.03_w1.5,0.02,0.03,1.5,GSP_warp,0.01883530616760254
electricity,random-reset,stl,p48_k12,n0.02_m0.03_w1.5,0.02,0.03,1.5,LCS_clean,-0.1944175660610199
electricity,random-reset,stl,p48_k12,n0.02_m0.03_w1.5,0.02,0.03,1.5,LCS_noise,-0.1940077245235443
electricity,random-reset,stl,p48_k12,n0.02_m0.03_w1.5,0.02,0.03,1.5,LCS_mask,-0.19485405087471008
electricity,random-reset,stl,p48_k12,n0.02_m0.03_w1.5,0.02,0.03,1.5,LCS_warp,-0.21649885177612305
electricity,random-reset,stl,p48_k12,n0.02_m0.03_w1.5,0.02,0.03,1.5,TSI_noise,0.9999710321426392
electricity,random-reset,stl,p48_k12,n0.02_m0.03_w1.5,0.02,0.03,1.5,TSI_mask,0.9999947547912598
electricity,random-reset,stl,p48_k12,n0.02_m0.03_w1.5,0.02,0.03,1.5,TSI_warp,0.9995294809341431
electricity,random-reset,stl,p48_k12,n0.02_m0.03_w1.5,0.02,0.03,1.5,GSP_noise,-0.00040984153747558594
electricity,random-reset,stl,p48_k12,n0.02_m0.03_w1.5,0.02,0.03,1.5,GSP_mask,0.00043648481369018555
electricity,random-reset,stl,p48_k12,n0.02_m0.03_w1.5,0.02,0.03,1.5,GSP_warp,0.02208128571510315
electricity,random-reset,stl,p96_k4,n0.02_m0.03_w1.5,0.02,0.03,1.5,LCS_clean,-0.23525123298168182
electricity,random-reset,stl,p96_k4,n0.02_m0.03_w1.5,0.02,0.03,1.5,LCS_noise,-0.2290060967206955
electricity,random-reset,stl,p96_k4,n0.02_m0.03_w1.5,0.02,0.03,1.5,LCS_mask,-0.23575955629348755
electricity,random-reset,stl,p96_k4,n0.02_m0.03_w1.5,0.02,0.03,1.5,LCS_warp,-0.2476872056722641
electricity,random-reset,stl,p96_k4,n0.02_m0.03_w1.5,0.02,0.03,1.5,TSI_noise,0.9999710321426392
electricity,random-reset,stl,p96_k4,n0.02_m0.03_w1.5,0.02,0.03,1.5,TSI_mask,0.9999947547912598
electricity,random-reset,stl,p96_k4,n0.02_m0.03_w1.5,0.02,0.03,1.5,TSI_warp,0.9995294809341431
electricity,random-reset,stl,p96_k4,n0.02_m0.03_w1.5,0.02,0.03,1.5,GSP_noise,-0.006245136260986328
electricity,random-reset,stl,p96_k4,n0.02_m0.03_w1.5,0.02,0.03,1.5,GSP_mask,0.0005083233118057251
electricity,random-reset,stl,p96_k4,n0.02_m0.03_w1.5,0.02,0.03,1.5,GSP_warp,0.012435972690582275
electricity,random-reset,stl,p96_k8,n0.02_m0.03_w1.5,0.02,0.03,1.5,LCS_clean,-0.2340952455997467
electricity,random-reset,stl,p96_k8,n0.02_m0.03_w1.5,0.02,0.03,1.5,LCS_noise,-0.22784143686294556
electricity,random-reset,stl,p96_k8,n0.02_m0.03_w1.5,0.02,0.03,1.5,LCS_mask,-0.23472926020622253
electricity,random-reset,stl,p96_k8,n0.02_m0.03_w1.5,0.02,0.03,1.5,LCS_warp,-0.24645502865314484
electricity,random-reset,stl,p96_k8,n0.02_m0.03_w1.5,0.02,0.03,1.5,TSI_noise,0.9999710321426392
electricity,random-reset,stl,p96_k8,n0.02_m0.03_w1.5,0.02,0.03,1.5,TSI_mask,0.9999947547912598
electricity,random-reset,stl,p96_k8,n0.02_m0.03_w1.5,0.02,0.03,1.5,TSI_warp,0.9995294809341431
electricity,random-reset,stl,p96_k8,n0.02_m0.03_w1.5,0.02,0.03,1.5,GSP_noise,-0.0062538087368011475
electricity,random-reset,stl,p96_k8,n0.02_m0.03_w1.5,0.02,0.03,1.5,GSP_mask,0.0006340146064758301
electricity,random-reset,stl,p96_k8,n0.02_m0.03_w1.5,0.02,0.03,1.5,GSP_warp,0.012359783053398132
electricity,random-reset,stl,p96_k12,n0.02_m0.03_w1.5,0.02,0.03,1.5,LCS_clean,-0.22849425673484802
electricity,random-reset,stl,p96_k12,n0.02_m0.03_w1.5,0.02,0.03,1.5,LCS_noise,-0.2228316068649292
electricity,random-reset,stl,p96_k12,n0.02_m0.03_w1.5,0.02,0.03,1.5,LCS_mask,-0.22920021414756775
electricity,random-reset,stl,p96_k12,n0.02_m0.03_w1.5,0.02,0.03,1.5,LCS_warp,-0.24297547340393066
electricity,random-reset,stl,p96_k12,n0.02_m0.03_w1.5,0.02,0.03,1.5,TSI_noise,0.9999710321426392
electricity,random-reset,stl,p96_k12,n0.02_m0.03_w1.5,0.02,0.03,1.5,TSI_mask,0.9999947547912598
electricity,random-reset,stl,p96_k12,n0.02_m0.03_w1.5,0.02,0.03,1.5,TSI_warp,0.9995294809341431
electricity,random-reset,stl,p96_k12,n0.02_m0.03_w1.5,0.02,0.03,1.5,GSP_noise,-0.005662649869918823
electricity,random-reset,stl,p96_k12,n0.02_m0.03_w1.5,0.02,0.03,1.5,GSP_mask,0.0007059574127197266
electricity,random-reset,stl,p96_k12,n0.02_m0.03_w1.5,0.02,0.03,1.5,GSP_warp,0.014481216669082642
electricity,random-reset,phase8,na,n0.02_m0.03_w2,0.02,0.03,2.0,LCS_clean,-0.0685289204120636
electricity,random-reset,phase8,na,n0.02_m0.03_w2,0.02,0.03,2.0,LCS_noise,-0.05847029387950897
electricity,random-reset,phase8,na,n0.02_m0.03_w2,0.02,0.03,2.0,LCS_mask,-0.06848032772541046
electricity,random-reset,phase8,na,n0.02_m0.03_w2,0.02,0.03,2.0,LCS_warp,-0.05047469586133957
electricity,random-reset,phase8,na,n0.02_m0.03_w2,0.02,0.03,2.0,TSI_noise,0.9999675154685974
electricity,random-reset,phase8,na,n0.02_m0.03_w2,0.02,0.03,2.0,TSI_mask,0.9999942183494568
electricity,random-reset,phase8,na,n0.02_m0.03_w2,0.02,0.03,2.0,TSI_warp,0.9992275238037109
electricity,random-reset,phase8,na,n0.02_m0.03_w2,0.02,0.03,2.0,GSP_noise,-0.010058626532554626
electricity,random-reset,phase8,na,n0.02_m0.03_w2,0.02,0.03,2.0,GSP_mask,-4.859268665313721e-05
electricity,random-reset,phase8,na,n0.02_m0.03_w2,0.02,0.03,2.0,GSP_warp,-0.01805422455072403
electricity,random-reset,stl,p24_k4,n0.02_m0.03_w2,0.02,0.03,2.0,LCS_clean,-0.022040951997041702
electricity,random-reset,stl,p24_k4,n0.02_m0.03_w2,0.02,0.03,2.0,LCS_noise,-0.016046147793531418
electricity,random-reset,stl,p24_k4,n0.02_m0.03_w2,0.02,0.03,2.0,LCS_mask,-0.022154320031404495
electricity,random-reset,stl,p24_k4,n0.02_m0.03_w2,0.02,0.03,2.0,LCS_warp,-0.013720998540520668
electricity,random-reset,stl,p24_k4,n0.02_m0.03_w2,0.02,0.03,2.0,TSI_noise,0.9999675154685974
electricity,random-reset,stl,p24_k4,n0.02_m0.03_w2,0.02,0.03,2.0,TSI_mask,0.9999942183494568
electricity,random-reset,stl,p24_k4,n0.02_m0.03_w2,0.02,0.03,2.0,TSI_warp,0.9992275238037109
electricity,random-reset,stl,p24_k4,n0.02_m0.03_w2,0.02,0.03,2.0,GSP_noise,-0.005994804203510284
electricity,random-reset,stl,p24_k4,n0.02_m0.03_w2,0.02,0.03,2.0,GSP_mask,0.00011336803436279297
electricity,random-reset,stl,p24_k4,n0.02_m0.03_w2,0.02,0.03,2.0,GSP_warp,-0.008319953456521034
electricity,random-reset,stl,p24_k8,n0.02_m0.03_w2,0.02,0.03,2.0,LCS_clean,-0.03387261554598808
electricity,random-reset,stl,p24_k8,n0.02_m0.03_w2,0.02,0.03,2.0,LCS_noise,-0.028498049825429916
electricity,random-reset,stl,p24_k8,n0.02_m0.03_w2,0.02,0.03,2.0,LCS_mask,-0.033933546394109726
electricity,random-reset,stl,p24_k8,n0.02_m0.03_w2,0.02,0.03,2.0,LCS_warp,-0.01864074543118477
electricity,random-reset,stl,p24_k8,n0.02_m0.03_w2,0.02,0.03,2.0,TSI_noise,0.9999675154685974
electricity,random-reset,stl,p24_k8,n0.02_m0.03_w2,0.02,0.03,2.0,TSI_mask,0.9999942183494568
electricity,random-reset,stl,p24_k8,n0.02_m0.03_w2,0.02,0.03,2.0,TSI_warp,0.9992275238037109
electricity,random-reset,stl,p24_k8,n0.02_m0.03_w2,0.02,0.03,2.0,GSP_noise,-0.0053745657205581665
electricity,random-reset,stl,p24_k8,n0.02_m0.03_w2,0.02,0.03,2.0,GSP_mask,6.0930848121643066e-05
electricity,random-reset,stl,p24_k8,n0.02_m0.03_w2,0.02,0.03,2.0,GSP_warp,-0.015231870114803314
electricity,random-reset,stl,p24_k12,n0.02_m0.03_w2,0.02,0.03,2.0,LCS_clean,-0.18947455286979675
electricity,random-reset,stl,p24_k12,n0.02_m0.03_w2,0.02,0.03,2.0,LCS_noise,-0.185146301984787
electricity,random-reset,stl,p24_k12,n0.02_m0.03_w2,0.02,0.03,2.0,LCS_mask,-0.1900945007801056
electricity,random-reset,stl,p24_k12,n0.02_m0.03_w2,0.02,0.03,2.0,LCS_warp,-0.22372177243232727
electricity,random-reset,stl,p24_k12,n0.02_m0.03_w2,0.02,0.03,2.0,TSI_noise,0.9999675154685974
electricity,random-reset,stl,p24_k12,n0.02_m0.03_w2,0.02,0.03,2.0,TSI_mask,0.9999942183494568
electricity,random-reset,stl,p24_k12,n0.02_m0.03_w2,0.02,0.03,2.0,TSI_warp,0.9992275238037109
electricity,random-reset,stl,p24_k12,n0.02_m0.03_w2,0.02,0.03,2.0,GSP_noise,-0.004328250885009766
electricity,random-reset,stl,p24_k12,n0.02_m0.03_w2,0.02,0.03,2.0,GSP_mask,0.0006199479103088379
electricity,random-reset,stl,p24_k12,n0.02_m0.03_w2,0.02,0.03,2.0,GSP_warp,0.03424721956253052
electricity,random-reset,stl,p48_k4,n0.02_m0.03_w2,0.02,0.03,2.0,LCS_clean,-0.029753893613815308
electricity,random-reset,stl,p48_k4,n0.02_m0.03_w2,0.02,0.03,2.0,LCS_noise,-0.02412775531411171
electricity,random-reset,stl,p48_k4,n0.02_m0.03_w2,0.02,0.03,2.0,LCS_mask,-0.029483191668987274
electricity,random-reset,stl,p48_k4,n0.02_m0.03_w2,0.02,0.03,2.0,LCS_warp,-0.02494346722960472
electricity,random-reset,stl,p48_k4,n0.02_m0.03_w2,0.02,0.03,2.0,TSI_noise,0.9999675154685974
electricity,random-reset,stl,p48_k4,n0.02_m0.03_w2,0.02,0.03,2.0,TSI_mask,0.9999942183494568
electricity,random-reset,stl,p48_k4,n0.02_m0.03_w2,0.02,0.03,2.0,TSI_warp,0.9992275238037109
electricity,random-reset,stl,p48_k4,n0.02_m0.03_w2,0.02,0.03,2.0,GSP_noise,-0.005626138299703598
electricity,random-reset,stl,p48_k4,n0.02_m0.03_w2,0.02,0.03,2.0,GSP_mask,-0.00027070194482803345
electricity,random-reset,stl,p48_k4,n0.02_m0.03_w2,0.02,0.03,2.0,GSP_warp,-0.0048104263842105865
electricity,random-reset,stl,p48_k8,n0.02_m0.03_w2,0.02,0.03,2.0,LCS_clean,-0.20137032866477966
electricity,random-reset,stl,p48_k8,n0.02_m0.03_w2,0.02,0.03,2.0,LCS_noise,-0.19692790508270264
electricity,random-reset,stl,p48_k8,n0.02_m0.03_w2,0.02,0.03,2.0,LCS_mask,-0.20165322721004486
electricity,random-reset,stl,p48_k8,n0.02_m0.03_w2,0.02,0.03,2.0,LCS_warp,-0.2273106575012207
electricity,random-reset,stl,p48_k8,n0.02_m0.03_w2,0.02,0.03,2.0,TSI_noise,0.9999675154685974
electricity,random-reset,stl,p48_k8,n0.02_m0.03_w2,0.02,0.03,2.0,TSI_mask,0.9999942183494568
electricity,random-reset,stl,p48_k8,n0.02_m0.03_w2,0.02,0.03,2.0,TSI_warp,0.9992275238037109
electricity,random-reset,stl,p48_k8,n0.02_m0.03_w2,0.02,0.03,2.0,GSP_noise,-0.004442423582077026
electricity,random-reset,stl,p48_k8,n0.02_m0.03_w2,0.02,0.03,2.0,GSP_mask,0.00028289854526519775
electricity,random-reset,stl,p48_k8,n0.02_m0.03_w2,0.02,0.03,2.0,GSP_warp,0.02594032883644104
electricity,random-reset,stl,p48_k12,n0.02_m0.03_w2,0.02,0.03,2.0,LCS_clean,-0.1944175660610199
electricity,random-reset,stl,p48_k12,n0.02_m0.03_w2,0.02,0.03,2.0,LCS_noise,-0.19277480244636536
electricity,random-reset,stl,p48_k12,n0.02_m0.03_w2,0.02,0.03,2.0,LCS_mask,-0.19476154446601868
electricity,random-reset,stl,p48_k12,n0.02_m0.03_w2,0.02,0.03,2.0,LCS_warp,-0.22388856112957
electricity,random-reset,stl,p48_k12,n0.02_m0.03_w2,0.02,0.03,2.0,TSI_noise,0.9999675154685974
electricity,random-reset,stl,p48_k12,n0.02_m0.03_w2,0.02,0.03,2.0,TSI_mask,0.9999942183494568
electricity,random-reset,stl,p48_k12,n0.02_m0.03_w2,0.02,0.03,2.0,TSI_warp,0.9992275238037109
electricity,random-reset,stl,p48_k12,n0.02_m0.03_w2,0.02,0.03,2.0,GSP_noise,-0.001642763614654541
electricity,random-reset,stl,p48_k12,n0.02_m0.03_w2,0.02,0.03,2.0,GSP_mask,0.0003439784049987793
electricity,random-reset,stl,p48_k12,n0.02_m0.03_w2,0.02,0.03,2.0,GSP_warp,0.02947099506855011
electricity,random-reset,stl,p96_k4,n0.02_m0.03_w2,0.02,0.03,2.0,LCS_clean,-0.23525123298168182
electricity,random-reset,stl,p96_k4,n0.02_m0.03_w2,0.02,0.03,2.0,LCS_noise,-0.2269955426454544
electricity,random-reset,stl,p96_k4,n0.02_m0.03_w2,0.02,0.03,2.0,LCS_mask,-0.2353937327861786
electricity,random-reset,stl,p96_k4,n0.02_m0.03_w2,0.02,0.03,2.0,LCS_warp,-0.24914878606796265
electricity,random-reset,stl,p96_k4,n0.02_m0.03_w2,0.02,0.03,2.0,TSI_noise,0.9999675154685974
electricity,random-reset,stl,p96_k4,n0.02_m0.03_w2,0.02,0.03,2.0,TSI_mask,0.9999942183494568
electricity,random-reset,stl,p96_k4,n0.02_m0.03_w2,0.02,0.03,2.0,TSI_warp,0.9992275238037109
electricity,random-reset,stl,p96_k4,n0.02_m0.03_w2,0.02,0.03,2.0,GSP_noise,-0.008255690336227417
electricity,random-reset,stl,p96_k4,n0.02_m0.03_w2,0.02,0.03,2.0,GSP_mask,0.00014249980449676514
electricity,random-reset,stl,p96_k4,n0.02_m0.03_w2,0.02,0.03,2.0,GSP_warp,0.013897553086280823
electricity,random-reset,stl,p96_k8,n0.02_m0.03_w2,0.02,0.03,2.0,LCS_clean,-0.2340952455997467
electricity,random-reset,stl,p96_k8,n0.02_m0.03_w2,0.02,0.03,2.0,LCS_noise,-0.2258857935667038
electricity,random-reset,stl,p96_k8,n0.02_m0.03_w2,0.02,0.03,2.0,LCS_mask,-0.23430094122886658
electricity,random-reset,stl,p96_k8,n0.02_m0.03_w2,0.02,0.03,2.0,LCS_warp,-0.25171899795532227
electricity,random-reset,stl,p96_k8,n0.02_m0.03_w2,0.02,0.03,2.0,TSI_noise,0.9999675154685974
electricity,random-reset,stl,p96_k8,n0.02_m0.03_w2,0.02,0.03,2.0,TSI_mask,0.9999942183494568
electricity,random-reset,stl,p96_k8,n0.02_m0.03_w2,0.02,0.03,2.0,TSI_warp,0.9992275238037109
electricity,random-reset,stl,p96_k8,n0.02_m0.03_w2,0.02,0.03,2.0,GSP_noise,-0.008209452033042908
electricity,random-reset,stl,p96_k8,n0.02_m0.03_w2,0.02,0.03,2.0,GSP_mask,0.00020569562911987305
electricity,random-reset,stl,p96_k8,n0.02_m0.03_w2,0.02,0.03,2.0,GSP_warp,0.01762375235557556
electricity,random-reset,stl,p96_k12,n0.02_m0.03_w2,0.02,0.03,2.0,LCS_clean,-0.22849425673484802
electricity,random-reset,stl,p96_k12,n0.02_m0.03_w2,0.02,0.03,2.0,LCS_noise,-0.22116290032863617
electricity,random-reset,stl,p96_k12,n0.02_m0.03_w2,0.02,0.03,2.0,LCS_mask,-0.2285948097705841
electricity,random-reset,stl,p96_k12,n0.02_m0.03_w2,0.02,0.03,2.0,LCS_warp,-0.250730037689209
electricity,random-reset,stl,p96_k12,n0.02_m0.03_w2,0.02,0.03,2.0,TSI_noise,0.9999675154685974
electricity,random-reset,stl,p96_k12,n0.02_m0.03_w2,0.02,0.03,2.0,TSI_mask,0.9999942183494568
electricity,random-reset,stl,p96_k12,n0.02_m0.03_w2,0.02,0.03,2.0,TSI_warp,0.9992275238037109
electricity,random-reset,stl,p96_k12,n0.02_m0.03_w2,0.02,0.03,2.0,GSP_noise,-0.007331356406211853
electricity,random-reset,stl,p96_k12,n0.02_m0.03_w2,0.02,0.03,2.0,GSP_mask,0.00010055303573608398
electricity,random-reset,stl,p96_k12,n0.02_m0.03_w2,0.02,0.03,2.0,GSP_warp,0.022235780954360962
electricity,random-reset,phase8,na,n0.02_m0.03_w3,0.02,0.03,3.0,LCS_clean,-0.0685289204120636
electricity,random-reset,phase8,na,n0.02_m0.03_w3,0.02,0.03,3.0,LCS_noise,-0.05850894749164581
electricity,random-reset,phase8,na,n0.02_m0.03_w3,0.02,0.03,3.0,LCS_mask,-0.06797214597463608
electricity,random-reset,phase8,na,n0.02_m0.03_w3,0.02,0.03,3.0,LCS_warp,-0.04875659942626953
electricity,random-reset,phase8,na,n0.02_m0.03_w3,0.02,0.03,3.0,TSI_noise,0.9999697208404541
electricity,random-reset,phase8,na,n0.02_m0.03_w3,0.02,0.03,3.0,TSI_mask,0.9999946355819702
electricity,random-reset,phase8,na,n0.02_m0.03_w3,0.02,0.03,3.0,TSI_warp,0.9989836812019348
electricity,random-reset,phase8,na,n0.02_m0.03_w3,0.02,0.03,3.0,GSP_noise,-0.010019972920417786
electricity,random-reset,phase8,na,n0.02_m0.03_w3,0.02,0.03,3.0,GSP_mask,-0.0005567744374275208
electricity,random-reset,phase8,na,n0.02_m0.03_w3,0.02,0.03,3.0,GSP_warp,-0.019772320985794067
electricity,random-reset,stl,p24_k4,n0.02_m0.03_w3,0.02,0.03,3.0,LCS_clean,-0.022040951997041702
electricity,random-reset,stl,p24_k4,n0.02_m0.03_w3,0.02,0.03,3.0,LCS_noise,-0.015961062163114548
electricity,random-reset,stl,p24_k4,n0.02_m0.03_w3,0.02,0.03,3.0,LCS_mask,-0.022130006924271584
electricity,random-reset,stl,p24_k4,n0.02_m0.03_w3,0.02,0.03,3.0,LCS_warp,-0.0249103344976902
electricity,random-reset,stl,p24_k4,n0.02_m0.03_w3,0.02,0.03,3.0,TSI_noise,0.9999697208404541
electricity,random-reset,stl,p24_k4,n0.02_m0.03_w3,0.02,0.03,3.0,TSI_mask,0.9999946355819702
electricity,random-reset,stl,p24_k4,n0.02_m0.03_w3,0.02,0.03,3.0,TSI_warp,0.9989836812019348
electricity,random-reset,stl,p24_k4,n0.02_m0.03_w3,0.02,0.03,3.0,GSP_noise,-0.0060798898339271545
electricity,random-reset,stl,p24_k4,n0.02_m0.03_w3,0.02,0.03,3.0,GSP_mask,8.905492722988129e-05
electricity,random-reset,stl,p24_k4,n0.02_m0.03_w3,0.02,0.03,3.0,GSP_warp,0.0028693825006484985
electricity,random-reset,stl,p24_k8,n0.02_m0.03_w3,0.02,0.03,3.0,LCS_clean,-0.03387261554598808
electricity,random-reset,stl,p24_k8,n0.02_m0.03_w3,0.02,0.03,3.0,LCS_noise,-0.02848103828728199
electricity,random-reset,stl,p24_k8,n0.02_m0.03_w3,0.02,0.03,3.0,LCS_mask,-0.03362990915775299
electricity,random-reset,stl,p24_k8,n0.02_m0.03_w3,0.02,0.03,3.0,LCS_warp,-0.03773234412074089
electricity,random-reset,stl,p24_k8,n0.02_m0.03_w3,0.02,0.03,3.0,TSI_noise,0.9999697208404541
electricity,random-reset,stl,p24_k8,n0.02_m0.03_w3,0.02,0.03,3.0,TSI_mask,0.9999946355819702
electricity,random-reset,stl,p24_k8,n0.02_m0.03_w3,0.02,0.03,3.0,TSI_warp,0.9989836812019348
electricity,random-reset,stl,p24_k8,n0.02_m0.03_w3,0.02,0.03,3.0,GSP_noise,-0.005391577258706093
electricity,random-reset,stl,p24_k8,n0.02_m0.03_w3,0.02,0.03,3.0,GSP_mask,-0.00024270638823509216
electricity,random-reset,stl,p24_k8,n0.02_m0.03_w3,0.02,0.03,3.0,GSP_warp,0.0038597285747528076
electricity,random-reset,stl,p24_k12,n0.02_m0.03_w3,0.02,0.03,3.0,LCS_clean,-0.18947455286979675
electricity,random-reset,stl,p24_k12,n0.02_m0.03_w3,0.02,0.03,3.0,LCS_noise,-0.18481019139289856
electricity,random-reset,stl,p24_k12,n0.02_m0.03_w3,0.02,0.03,3.0,LCS_mask,-0.18975061178207397
electricity,random-reset,stl,p24_k12,n0.02_m0.03_w3,0.02,0.03,3.0,LCS_warp,-0.23344263434410095
electricity,random-reset,stl,p24_k12,n0.02_m0.03_w3,0.02,0.03,3.0,TSI_noise,0.9999697208404541
electricity,random-reset,stl,p24_k12,n0.02_m0.03_w3,0.02,0.03,3.0,TSI_mask,0.9999946355819702
electricity,random-reset,stl,p24_k12,n0.02_m0.03_w3,0.02,0.03,3.0,TSI_warp,0.9989836812019348
electricity,random-reset,stl,p24_k12,n0.02_m0.03_w3,0.02,0.03,3.0,GSP_noise,-0.004664361476898193
electricity,random-reset,stl,p24_k12,n0.02_m0.03_w3,0.02,0.03,3.0,GSP_mask,0.0002760589122772217
electricity,random-reset,stl,p24_k12,n0.02_m0.03_w3,0.02,0.03,3.0,GSP_warp,0.0439680814743042
electricity,random-reset,stl,p48_k4,n0.02_m0.03_w3,0.02,0.03,3.0,LCS_clean,-0.029753893613815308
electricity,random-reset,stl,p48_k4,n0.02_m0.03_w3,0.02,0.03,3.0,LCS_noise,-0.025163821876049042
electricity,random-reset,stl,p48_k4,n0.02_m0.03_w3,0.02,0.03,3.0,LCS_mask,-0.029342621564865112
electricity,random-reset,stl,p48_k4,n0.02_m0.03_w3,0.02,0.03,3.0,LCS_warp,-0.0270419642329216
electricity,random-reset,stl,p48_k4,n0.02_m0.03_w3,0.02,0.03,3.0,TSI_noise,0.9999697208404541
electricity,random-reset,stl,p48_k4,n0.02_m0.03_w3,0.02,0.03,3.0,TSI_mask,0.9999946355819702
electricity,random-reset,stl,p48_k4,n0.02_m0.03_w3,0.02,0.03,3.0,TSI_warp,0.9989836812019348
electricity,random-reset,stl,p48_k4,n0.02_m0.03_w3,0.02,0.03,3.0,GSP_noise,-0.004590071737766266
electricity,random-reset,stl,p48_k4,n0.02_m0.03_w3,0.02,0.03,3.0,GSP_mask,-0.0004112720489501953
electricity,random-reset,stl,p48_k4,n0.02_m0.03_w3,0.02,0.03,3.0,GSP_warp,-0.0027119293808937073
electricity,random-reset,stl,p48_k8,n0.02_m0.03_w3,0.02,0.03,3.0,LCS_clean,-0.20137032866477966
electricity,random-reset,stl,p48_k8,n0.02_m0.03_w3,0.02,0.03,3.0,LCS_noise,-0.19705471396446228
electricity,random-reset,stl,p48_k8,n0.02_m0.03_w3,0.02,0.03,3.0,LCS_mask,-0.2016163170337677
electricity,random-reset,stl,p48_k8,n0.02_m0.03_w3,0.02,0.03,3.0,LCS_warp,-0.23377948999404907
electricity,random-reset,stl,p48_k8,n0.02_m0.03_w3,0.02,0.03,3.0,TSI_noise,0.9999697208404541
electricity,random-reset,stl,p48_k8,n0.02_m0.03_w3,0.02,0.03,3.0,TSI_mask,0.9999946355819702
electricity,random-reset,stl,p48_k8,n0.02_m0.03_w3,0.02,0.03,3.0,TSI_warp,0.9989836812019348
electricity,random-reset,stl,p48_k8,n0.02_m0.03_w3,0.02,0.03,3.0,GSP_noise,-0.004315614700317383
electricity,random-reset,stl,p48_k8,n0.02_m0.03_w3,0.02,0.03,3.0,GSP_mask,0.0002459883689880371
electricity,random-reset,stl,p48_k8,n0.02_m0.03_w3,0.02,0.03,3.0,GSP_warp,0.03240916132926941
electricity,random-reset,stl,p48_k12,n0.02_m0.03_w3,0.02,0.03,3.0,LCS_clean,-0.1944175660610199
electricity,random-reset,stl,p48_k12,n0.02_m0.03_w3,0.02,0.03,3.0,LCS_noise,-0.1930609941482544
electricity,random-reset,stl,p48_k12,n0.02_m0.03_w3,0.02,0.03,3.0,LCS_mask,-0.19513610005378723
electricity,random-reset,stl,p48_k12,n0.02_m0.03_w3,0.02,0.03,3.0,LCS_warp,-0.2301383912563324
electricity,random-reset,stl,p48_k12,n0.02_m0.03_w3,0.02,0.03,3.0,TSI_noise,0.9999697208404541
electricity,random-reset,stl,p48_k12,n0.02_m0.03_w3,0.02,0.03,3.0,TSI_mask,0.9999946355819702
electricity,random-reset,stl,p48_k12,n0.02_m0.03_w3,0.02,0.03,3.0,TSI_warp,0.9989836812019348
electricity,random-reset,stl,p48_k12,n0.02_m0.03_w3,0.02,0.03,3.0,GSP_noise,-0.001356571912765503
electricity,random-reset,stl,p48_k12,n0.02_m0.03_w3,0.02,0.03,3.0,GSP_mask,0.000718533992767334
electricity,random-reset,stl,p48_k12,n0.02_m0.03_w3,0.02,0.03,3.0,GSP_warp,0.0357208251953125
electricity,random-reset,stl,p96_k4,n0.02_m0.03_w3,0.02,0.03,3.0,LCS_clean,-0.23525123298168182
electricity,random-reset,stl,p96_k4,n0.02_m0.03_w3,0.02,0.03,3.0,LCS_noise,-0.22759361565113068
electricity,random-reset,stl,p96_k4,n0.02_m0.03_w3,0.02,0.03,3.0,LCS_mask,-0.23528078198432922
electricity,random-reset,stl,p96_k4,n0.02_m0.03_w3,0.02,0.03,3.0,LCS_warp,-0.2559851408004761
electricity,random-reset,stl,p96_k4,n0.02_m0.03_w3,0.02,0.03,3.0,TSI_noise,0.9999697208404541
electricity,random-reset,stl,p96_k4,n0.02_m0.03_w3,0.02,0.03,3.0,TSI_mask,0.9999946355819702
electricity,random-reset,stl,p96_k4,n0.02_m0.03_w3,0.02,0.03,3.0,TSI_warp,0.9989836812019348
electricity,random-reset,stl,p96_k4,n0.02_m0.03_w3,0.02,0.03,3.0,GSP_noise,-0.0076576173305511475
electricity,random-reset,stl,p96_k4,n0.02_m0.03_w3,0.02,0.03,3.0,GSP_mask,2.9549002647399902e-05
electricity,random-reset,stl,p96_k4,n0.02_m0.03_w3,0.02,0.03,3.0,GSP_warp,0.02073390781879425
electricity,random-reset,stl,p96_k8,n0.02_m0.03_w3,0.02,0.03,3.0,LCS_clean,-0.2340952455997467
electricity,random-reset,stl,p96_k8,n0.02_m0.03_w3,0.02,0.03,3.0,LCS_noise,-0.22646743059158325
electricity,random-reset,stl,p96_k8,n0.02_m0.03_w3,0.02,0.03,3.0,LCS_mask,-0.23409394919872284
electricity,random-reset,stl,p96_k8,n0.02_m0.03_w3,0.02,0.03,3.0,LCS_warp,-0.2599201500415802
electricity,random-reset,stl,p96_k8,n0.02_m0.03_w3,0.02,0.03,3.0,TSI_noise,0.9999697208404541
electricity,random-reset,stl,p96_k8,n0.02_m0.03_w3,0.02,0.03,3.0,TSI_mask,0.9999946355819702
electricity,random-reset,stl,p96_k8,n0.02_m0.03_w3,0.02,0.03,3.0,TSI_warp,0.9989836812019348
electricity,random-reset,stl,p96_k8,n0.02_m0.03_w3,0.02,0.03,3.0,GSP_noise,-0.007627815008163452
electricity,random-reset,stl,p96_k8,n0.02_m0.03_w3,0.02,0.03,3.0,GSP_mask,-1.296401023864746e-06
electricity,random-reset,stl,p96_k8,n0.02_m0.03_w3,0.02,0.03,3.0,GSP_warp,0.025824904441833496
electricity,random-reset,stl,p96_k12,n0.02_m0.03_w3,0.02,0.03,3.0,LCS_clean,-0.22849425673484802
electricity,random-reset,stl,p96_k12,n0.02_m0.03_w3,0.02,0.03,3.0,LCS_noise,-0.2217656821012497
electricity,random-reset,stl,p96_k12,n0.02_m0.03_w3,0.02,0.03,3.0,LCS_mask,-0.22862890362739563
electricity,random-reset,stl,p96_k12,n0.02_m0.03_w3,0.02,0.03,3.0,LCS_warp,-0.26191312074661255
electricity,random-reset,stl,p96_k12,n0.02_m0.03_w3,0.02,0.03,3.0,TSI_noise,0.9999697208404541
electricity,random-reset,stl,p96_k12,n0.02_m0.03_w3,0.02,0.03,3.0,TSI_mask,0.9999946355819702
electricity,random-reset,stl,p96_k12,n0.02_m0.03_w3,0.02,0.03,3.0,TSI_warp,0.9989836812019348
electricity,random-reset,stl,p96_k12,n0.02_m0.03_w3,0.02,0.03,3.0,GSP_noise,-0.006728574633598328
electricity,random-reset,stl,p96_k12,n0.02_m0.03_w3,0.02,0.03,3.0,GSP_mask,0.00013464689254760742
electricity,random-reset,stl,p96_k12,n0.02_m0.03_w3,0.02,0.03,3.0,GSP_warp,0.033418864011764526
electricity,random-reset,phase8,na,n0.02_m0.05_w1.5,0.02,0.05,1.5,LCS_clean,-0.0685289204120636
electricity,random-reset,phase8,na,n0.02_m0.05_w1.5,0.02,0.05,1.5,LCS_noise,-0.0594189390540123
electricity,random-reset,phase8,na,n0.02_m0.05_w1.5,0.02,0.05,1.5,LCS_mask,-0.06815804541110992
electricity,random-reset,phase8,na,n0.02_m0.05_w1.5,0.02,0.05,1.5,LCS_warp,-0.054987356066703796
electricity,random-reset,phase8,na,n0.02_m0.05_w1.5,0.02,0.05,1.5,TSI_noise,0.9999713897705078
electricity,random-reset,phase8,na,n0.02_m0.05_w1.5,0.02,0.05,1.5,TSI_mask,0.9999911189079285
electricity,random-reset,phase8,na,n0.02_m0.05_w1.5,0.02,0.05,1.5,TSI_warp,0.9995214939117432
electricity,random-reset,phase8,na,n0.02_m0.05_w1.5,0.02,0.05,1.5,GSP_noise,-0.0091099813580513
electricity,random-reset,phase8,na,n0.02_m0.05_w1.5,0.02,0.05,1.5,GSP_mask,-0.0003708750009536743
electricity,random-reset,phase8,na,n0.02_m0.05_w1.5,0.02,0.05,1.5,GSP_warp,-0.013541564345359802
electricity,random-reset,stl,p24_k4,n0.02_m0.05_w1.5,0.02,0.05,1.5,LCS_clean,-0.022040951997041702
electricity,random-reset,stl,p24_k4,n0.02_m0.05_w1.5,0.02,0.05,1.5,LCS_noise,-0.016385994851589203
electricity,random-reset,stl,p24_k4,n0.02_m0.05_w1.5,0.02,0.05,1.5,LCS_mask,-0.022209852933883667
electricity,random-reset,stl,p24_k4,n0.02_m0.05_w1.5,0.02,0.05,1.5,LCS_warp,-0.016421154141426086
electricity,random-reset,stl,p24_k4,n0.02_m0.05_w1.5,0.02,0.05,1.5,TSI_noise,0.9999713897705078
electricity,random-reset,stl,p24_k4,n0.02_m0.05_w1.5,0.02,0.05,1.5,TSI_mask,0.9999911189079285
electricity,random-reset,stl,p24_k4,n0.02_m0.05_w1.5,0.02,0.05,1.5,TSI_warp,0.9995214939117432
electricity,random-reset,stl,p24_k4,n0.02_m0.05_w1.5,0.02,0.05,1.5,GSP_noise,-0.005654957145452499
electricity,random-reset,stl,p24_k4,n0.02_m0.05_w1.5,0.02,0.05,1.5,GSP_mask,0.00016890093684196472
electricity,random-reset,stl,p24_k4,n0.02_m0.05_w1.5,0.02,0.05,1.5,GSP_warp,-0.005619797855615616
electricity,random-reset,stl,p24_k8,n0.02_m0.05_w1.5,0.02,0.05,1.5,LCS_clean,-0.03387261554598808
electricity,random-reset,stl,p24_k8,n0.02_m0.05_w1.5,0.02,0.05,1.5,LCS_noise,-0.02860073558986187
electricity,random-reset,stl,p24_k8,n0.02_m0.05_w1.5,0.02,0.05,1.5,LCS_mask,-0.03391188383102417
electricity,random-reset,stl,p24_k8,n0.02_m0.05_w1.5,0.02,0.05,1.5,LCS_warp,-0.02464999258518219
electricity,random-reset,stl,p24_k8,n0.02_m0.05_w1.5,0.02,0.05,1.5,TSI_noise,0.9999713897705078
electricity,random-reset,stl,p24_k8,n0.02_m0.05_w1.5,0.02,0.05,1.5,TSI_mask,0.9999911189079285
electricity,random-reset,stl,p24_k8,n0.02_m0.05_w1.5,0.02,0.05,1.5,TSI_warp,0.9995214939117432
electricity,random-reset,stl,p24_k8,n0.02_m0.05_w1.5,0.02,0.05,1.5,GSP_noise,-0.005271879956126213
electricity,random-reset,stl,p24_k8,n0.02_m0.05_w1.5,0.02,0.05,1.5,GSP_mask,3.9268285036087036e-05
electricity,random-reset,stl,p24_k8,n0.02_m0.05_w1.5,0.02,0.05,1.5,GSP_warp,-0.009222622960805893
electricity,random-reset,stl,p24_k12,n0.02_m0.05_w1.5,0.02,0.05,1.5,LCS_clean,-0.18947455286979675
electricity,random-reset,stl,p24_k12,n0.02_m0.05_w1.5,0.02,0.05,1.5,LCS_noise,-0.18456733226776123
electricity,random-reset,stl,p24_k12,n0.02_m0.05_w1.5,0.02,0.05,1.5,LCS_mask,-0.19087153673171997
electricity,random-reset,stl,p24_k12,n0.02_m0.05_w1.5,0.02,0.05,1.5,LCS_warp,-0.22779905796051025
electricity,random-reset,stl,p24_k12,n0.02_m0.05_w1.5,0.02,0.05,1.5,TSI_noise,0.9999713897705078
electricity,random-reset,stl,p24_k12,n0.02_m0.05_w1.5,0.02,0.05,1.5,TSI_mask,0.9999911189079285
electricity,random-reset,stl,p24_k12,n0.02_m0.05_w1.5,0.02,0.05,1.5,TSI_warp,0.9995214939117432
electricity,random-reset,stl,p24_k12,n0.02_m0.05_w1.5,0.02,0.05,1.5,GSP_noise,-0.0049072206020355225
electricity,random-reset,stl,p24_k12,n0.02_m0.05_w1.5,0.02,0.05,1.5,GSP_mask,0.0013969838619232178
electricity,random-reset,stl,p24_k12,n0.02_m0.05_w1.5,0.02,0.05,1.5,GSP_warp,0.0383245050907135
electricity,random-reset,stl,p48_k4,n0.02_m0.05_w1.5,0.02,0.05,1.5,LCS_clean,-0.029753893613815308
electricity,random-reset,stl,p48_k4,n0.02_m0.05_w1.5,0.02,0.05,1.5,LCS_noise,-0.026049474254250526
electricity,random-reset,stl,p48_k4,n0.02_m0.05_w1.5,0.02,0.05,1.5,LCS_mask,-0.02989070490002632
electricity,random-reset,stl,p48_k4,n0.02_m0.05_w1.5,0.02,0.05,1.5,LCS_warp,-0.026353847235441208
electricity,random-reset,stl,p48_k4,n0.02_m0.05_w1.5,0.02,0.05,1.5,TSI_noise,0.9999713897705078
electricity,random-reset,stl,p48_k4,n0.02_m0.05_w1.5,0.02,0.05,1.5,TSI_mask,0.9999911189079285
electricity,random-reset,stl,p48_k4,n0.02_m0.05_w1.5,0.02,0.05,1.5,TSI_warp,0.9995214939117432
electricity,random-reset,stl,p48_k4,n0.02_m0.05_w1.5,0.02,0.05,1.5,GSP_noise,-0.003704419359564781
electricity,random-reset,stl,p48_k4,n0.02_m0.05_w1.5,0.02,0.05,1.5,GSP_mask,0.0001368112862110138
electricity,random-reset,stl,p48_k4,n0.02_m0.05_w1.5,0.02,0.05,1.5,GSP_warp,-0.0034000463783740997
electricity,random-reset,stl,p48_k8,n0.02_m0.05_w1.5,0.02,0.05,1.5,LCS_clean,-0.20137032866477966
electricity,random-reset,stl,p48_k8,n0.02_m0.05_w1.5,0.02,0.05,1.5,LCS_noise,-0.19719384610652924
electricity,random-reset,stl,p48_k8,n0.02_m0.05_w1.5,0.02,0.05,1.5,LCS_mask,-0.20183145999908447
electricity,random-reset,stl,p48_k8,n0.02_m0.05_w1.5,0.02,0.05,1.5,LCS_warp,-0.21910130977630615
electricity,random-reset,stl,p48_k8,n0.02_m0.05_w1.5,0.02,0.05,1.5,TSI_noise,0.9999713897705078
electricity,random-reset,stl,p48_k8,n0.02_m0.05_w1.5,0.02,0.05,1.5,TSI_mask,0.9999911189079285
electricity,random-reset,stl,p48_k8,n0.02_m0.05_w1.5,0.02,0.05,1.5,TSI_warp,0.9995214939117432
electricity,random-reset,stl,p48_k8,n0.02_m0.05_w1.5,0.02,0.05,1.5,GSP_noise,-0.004176482558250427
electricity,random-reset,stl,p48_k8,n0.02_m0.05_w1.5,0.02,0.05,1.5,GSP_mask,0.00046113133430480957
electricity,random-reset,stl,p48_k8,n0.02_m0.05_w1.5,0.02,0.05,1.5,GSP_warp,0.01773098111152649
electricity,random-reset,stl,p48_k12,n0.02_m0.05_w1.5,0.02,0.05,1.5,LCS_clean,-0.1944175660610199
electricity,random-reset,stl,p48_k12,n0.02_m0.05_w1.5,0.02,0.05,1.5,LCS_noise,-0.19257524609565735
electricity,random-reset,stl,p48_k12,n0.02_m0.05_w1.5,0.02,0.05,1.5,LCS_mask,-0.1947990506887436
electricity,random-reset,stl,p48_k12,n0.02_m0.05_w1.5,0.02,0.05,1.5,LCS_warp,-0.21607252955436707
electricity,random-reset,stl,p48_k12,n0.02_m0.05_w1.5,0.02,0.05,1.5,TSI_noise,0.9999713897705078
electricity,random-reset,stl,p48_k12,n0.02_m0.05_w1.5,0.02,0.05,1.5,TSI_mask,0.9999911189079285
electricity,random-reset,stl,p48_k12,n0.02_m0.05_w1.5,0.02,0.05,1.5,TSI_warp,0.9995214939117432
electricity,random-reset,stl,p48_k12,n0.02_m0.05_w1.5,0.02,0.05,1.5,GSP_noise,-0.0018423199653625488
electricity,random-reset,stl,p48_k12,n0.02_m0.05_w1.5,0.02,0.05,1.5,GSP_mask,0.00038148462772369385
electricity,random-reset,stl,p48_k12,n0.02_m0.05_w1.5,0.02,0.05,1.5,GSP_warp,0.021654963493347168
electricity,random-reset,stl,p96_k4,n0.02_m0.05_w1.5,0.02,0.05,1.5,LCS_clean,-0.23525123298168182
electricity,random-reset,stl,p96_k4,n0.02_m0.05_w1.5,0.02,0.05,1.5,LCS_noise,-0.22771450877189636
electricity,random-reset,stl,p96_k4,n0.02_m0.05_w1.5,0.02,0.05,1.5,LCS_mask,-0.23563522100448608
electricity,random-reset,stl,p96_k4,n0.02_m0.05_w1.5,0.02,0.05,1.5,LCS_warp,-0.24700778722763062
electricity,random-reset,stl,p96_k4,n0.02_m0.05_w1.5,0.02,0.05,1.5,TSI_noise,0.9999713897705078
electricity,random-reset,stl,p96_k4,n0.02_m0.05_w1.5,0.02,0.05,1.5,TSI_mask,0.9999911189079285
electricity,random-reset,stl,p96_k4,n0.02_m0.05_w1.5,0.02,0.05,1.5,TSI_warp,0.9995214939117432
electricity,random-reset,stl,p96_k4,n0.02_m0.05_w1.5,0.02,0.05,1.5,GSP_noise,-0.007536724209785461
electricity,random-reset,stl,p96_k4,n0.02_m0.05_w1.5,0.02,0.05,1.5,GSP_mask,0.00038398802280426025
electricity,random-reset,stl,p96_k4,n0.02_m0.05_w1.5,0.02,0.05,1.5,GSP_warp,0.011756554245948792
electricity,random-reset,stl,p96_k8,n0.02_m0.05_w1.5,0.02,0.05,1.5,LCS_clean,-0.2340952455997467
electricity,random-reset,stl,p96_k8,n0.02_m0.05_w1.5,0.02,0.05,1.5,LCS_noise,-0.2265714704990387
electricity,random-reset,stl,p96_k8,n0.02_m0.05_w1.5,0.02,0.05,1.5,LCS_mask,-0.2345091849565506
electricity,random-reset,stl,p96_k8,n0.02_m0.05_w1.5,0.02,0.05,1.5,LCS_warp,-0.24494951963424683
electricity,random-reset,stl,p96_k8,n0.02_m0.05_w1.5,0.02,0.05,1.5,TSI_noise,0.9999713897705078
electricity,random-reset,stl,p96_k8,n0.02_m0.05_w1.5,0.02,0.05,1.5,TSI_mask,0.9999911189079285
electricity,random-reset,stl,p96_k8,n0.02_m0.05_w1.5,0.02,0.05,1.5,TSI_warp,0.9995214939117432
electricity,random-reset,stl,p96_k8,n0.02_m0.05_w1.5,0.02,0.05,1.5,GSP_noise,-0.007523775100708008
electricity,random-reset,stl,p96_k8,n0.02_m0.05_w1.5,0.02,0.05,1.5,GSP_mask,0.00041393935680389404
electricity,random-reset,stl,p96_k8,n0.02_m0.05_w1.5,0.02,0.05,1.5,GSP_warp,0.010854274034500122
electricity,random-reset,stl,p96_k12,n0.02_m0.05_w1.5,0.02,0.05,1.5,LCS_clean,-0.22849425673484802
electricity,random-reset,stl,p96_k12,n0.02_m0.05_w1.5,0.02,0.05,1.5,LCS_noise,-0.22161602973937988
electricity,random-reset,stl,p96_k12,n0.02_m0.05_w1.5,0.02,0.05,1.5,LCS_mask,-0.22888994216918945
electricity,random-reset,stl,p96_k12,n0.02_m0.05_w1.5,0.02,0.05,1.5,LCS_warp,-0.24214164912700653
electricity,random-reset,stl,p96_k12,n0.02_m0.05_w1.5,0.02,0.05,1.5,TSI_noise,0.9999713897705078
electricity,random-reset,stl,p96_k12,n0.02_m0.05_w1.5,0.02,0.05,1.5,TSI_mask,0.9999911189079285
electricity,random-reset,stl,p96_k12,n0.02_m0.05_w1.5,0.02,0.05,1.5,TSI_warp,0.9995214939117432
electricity,random-reset,stl,p96_k12,n0.02_m0.05_w1.5,0.02,0.05,1.5,GSP_noise,-0.00687822699546814
electricity,random-reset,stl,p96_k12,n0.02_m0.05_w1.5,0.02,0.05,1.5,GSP_mask,0.00039568543434143066
electricity,random-reset,stl,p96_k12,n0.02_m0.05_w1.5,0.02,0.05,1.5,GSP_warp,0.013647392392158508
electricity,random-reset,phase8,na,n0.02_m0.05_w2,0.02,0.05,2.0,LCS_clean,-0.0685289204120636
electricity,random-reset,phase8,na,n0.02_m0.05_w2,0.02,0.05,2.0,LCS_noise,-0.05900134891271591
electricity,random-reset,phase8,na,n0.02_m0.05_w2,0.02,0.05,2.0,LCS_mask,-0.07024790346622467
electricity,random-reset,phase8,na,n0.02_m0.05_w2,0.02,0.05,2.0,LCS_warp,-0.060166891664266586
electricity,random-reset,phase8,na,n0.02_m0.05_w2,0.02,0.05,2.0,TSI_noise,0.9999713897705078
electricity,random-reset,phase8,na,n0.02_m0.05_w2,0.02,0.05,2.0,TSI_mask,0.9999898672103882
electricity,random-reset,phase8,na,n0.02_m0.05_w2,0.02,0.05,2.0,TSI_warp,0.9992808103561401
electricity,random-reset,phase8,na,n0.02_m0.05_w2,0.02,0.05,2.0,GSP_noise,-0.009527571499347687
electricity,random-reset,phase8,na,n0.02_m0.05_w2,0.02,0.05,2.0,GSP_mask,0.0017189830541610718
electricity,random-reset,phase8,na,n0.02_m0.05_w2,0.02,0.05,2.0,GSP_warp,-0.008362028747797012
electricity,random-reset,stl,p24_k4,n0.02_m0.05_w2,0.02,0.05,2.0,LCS_clean,-0.022040951997041702
electricity,random-reset,stl,p24_k4,n0.02_m0.05_w2,0.02,0.05,2.0,LCS_noise,-0.016166524961590767
electricity,random-reset,stl,p24_k4,n0.02_m0.05_w2,0.02,0.05,2.0,LCS_mask,-0.023214103654026985
electricity,random-reset,stl,p24_k4,n0.02_m0.05_w2,0.02,0.05,2.0,LCS_warp,-0.015112957917153835
electricity,random-reset,stl,p24_k4,n0.02_m0.05_w2,0.02,0.05,2.0,TSI_noise,0.9999713897705078
electricity,random-reset,stl,p24_k4,n0.02_m0.05_w2,0.02,0.05,2.0,TSI_mask,0.9999898672103882
electricity,random-reset,stl,p24_k4,n0.02_m0.05_w2,0.02,0.05,2.0,TSI_warp,0.9992808103561401
electricity,random-reset,stl,p24_k4,n0.02_m0.05_w2,0.02,0.05,2.0,GSP_noise,-0.005874427035450935
electricity,random-reset,stl,p24_k4,n0.02_m0.05_w2,0.02,0.05,2.0,GSP_mask,0.001173151656985283
electricity,random-reset,stl,p24_k4,n0.02_m0.05_w2,0.02,0.05,2.0,GSP_warp,-0.006927994079887867
electricity,random-reset,stl,p24_k8,n0.02_m0.05_w2,0.02,0.05,2.0,LCS_clean,-0.03387261554598808
electricity,random-reset,stl,p24_k8,n0.02_m0.05_w2,0.02,0.05,2.0,LCS_noise,-0.02828655019402504
electricity,random-reset,stl,p24_k8,n0.02_m0.05_w2,0.02,0.05,2.0,LCS_mask,-0.034603364765644073
electricity,random-reset,stl,p24_k8,n0.02_m0.05_w2,0.02,0.05,2.0,LCS_warp,-0.02358422800898552
electricity,random-reset,stl,p24_k8,n0.02_m0.05_w2,0.02,0.05,2.0,TSI_noise,0.9999713897705078
electricity,random-reset,stl,p24_k8,n0.02_m0.05_w2,0.02,0.05,2.0,TSI_mask,0.9999898672103882
electricity,random-reset,stl,p24_k8,n0.02_m0.05_w2,0.02,0.05,2.0,TSI_warp,0.9992808103561401
electricity,random-reset,stl,p24_k8,n0.02_m0.05_w2,0.02,0.05,2.0,GSP_noise,-0.005586065351963043
electricity,random-reset,stl,p24_k8,n0.02_m0.05_w2,0.02,0.05,2.0,GSP_mask,0.0007307492196559906
electricity,random-reset,stl,p24_k8,n0.02_m0.05_w2,0.02,0.05,2.0,GSP_warp,-0.010288387537002563
electricity,random-reset,stl,p24_k12,n0.02_m0.05_w2,0.02,0.05,2.0,LCS_clean,-0.18947455286979675
electricity,random-reset,stl,p24_k12,n0.02_m0.05_w2,0.02,0.05,2.0,LCS_noise,-0.18445628881454468
electricity,random-reset,stl,p24_k12,n0.02_m0.05_w2,0.02,0.05,2.0,LCS_mask,-0.19061987102031708
electricity,random-reset,stl,p24_k12,n0.02_m0.05_w2,0.02,0.05,2.0,LCS_warp,-0.23928406834602356
electricity,random-reset,stl,p24_k12,n0.02_m0.05_w2,0.02,0.05,2.0,TSI_noise,0.9999713897705078
electricity,random-reset,stl,p24_k12,n0.02_m0.05_w2,0.02,0.05,2.0,TSI_mask,0.9999898672103882
electricity,random-reset,stl,p24_k12,n0.02_m0.05_w2,0.02,0.05,2.0,TSI_warp,0.9992808103561401
electricity,random-reset,stl,p24_k12,n0.02_m0.05_w2,0.02,0.05,2.0,GSP_noise,-0.005018264055252075
electricity,random-reset,stl,p24_k12,n0.02_m0.05_w2,0.02,0.05,2.0,GSP_mask,0.0011453181505203247
electricity,random-reset,stl,p24_k12,n0.02_m0.05_w2,0.02,0.05,2.0,GSP_warp,0.04980951547622681
electricity,random-reset,stl,p48_k4,n0.02_m0.05_w2,0.02,0.05,2.0,LCS_clean,-0.029753893613815308
electricity,random-reset,stl,p48_k4,n0.02_m0.05_w2,0.02,0.05,2.0,LCS_noise,-0.02651926502585411
electricity,random-reset,stl,p48_k4,n0.02_m0.05_w2,0.02,0.05,2.0,LCS_mask,-0.030903887003660202
electricity,random-reset,stl,p48_k4,n0.02_m0.05_w2,0.02,0.05,2.0,LCS_warp,-0.026194317266345024
electricity,random-reset,stl,p48_k4,n0.02_m0.05_w2,0.02,0.05,2.0,TSI_noise,0.9999713897705078
electricity,random-reset,stl,p48_k4,n0.02_m0.05_w2,0.02,0.05,2.0,TSI_mask,0.9999898672103882
electricity,random-reset,stl,p48_k4,n0.02_m0.05_w2,0.02,0.05,2.0,TSI_warp,0.9992808103561401
electricity,random-reset,stl,p48_k4,n0.02_m0.05_w2,0.02,0.05,2.0,GSP_noise,-0.003234628587961197
electricity,random-reset,stl,p48_k4,n0.02_m0.05_w2,0.02,0.05,2.0,GSP_mask,0.0011499933898448944
electricity,random-reset,stl,p48_k4,n0.02_m0.05_w2,0.02,0.05,2.0,GSP_warp,-0.0035595763474702835
electricity,random-reset,stl,p48_k8,n0.02_m0.05_w2,0.02,0.05,2.0,LCS_clean,-0.20137032866477966
electricity,random-reset,stl,p48_k8,n0.02_m0.05_w2,0.02,0.05,2.0,LCS_noise,-0.19700565934181213
electricity,random-reset,stl,p48_k8,n0.02_m0.05_w2,0.02,0.05,2.0,LCS_mask,-0.2023281455039978
electricity,random-reset,stl,p48_k8,n0.02_m0.05_w2,0.02,0.05,2.0,LCS_warp,-0.23262137174606323
electricity,random-reset,stl,p48_k8,n0.02_m0.05_w2,0.02,0.05,2.0,TSI_noise,0.9999713897705078
electricity,random-reset,stl,p48_k8,n0.02_m0.05_w2,0.02,0.05,2.0,TSI_mask,0.9999898672103882
electricity,random-reset,stl,p48_k8,n0.02_m0.05_w2,0.02,0.05,2.0,TSI_warp,0.9992808103561401
electricity,random-reset,stl,p48_k8,n0.02_m0.05_w2,0.02,0.05,2.0,GSP_noise,-0.004364669322967529
electricity,random-reset,stl,p48_k8,n0.02_m0.05_w2,0.02,0.05,2.0,GSP_mask,0.0009578168392181396
electricity,random-reset,stl,p48_k8,n0.02_m0.05_w2,0.02,0.05,2.0,GSP_warp,0.03125104308128357
electricity,random-reset,stl,p48_k12,n0.02_m0.05_w2,0.02,0.05,2.0,LCS_clean,-0.1944175660610199
electricity,random-reset,stl,p48_k12,n0.02_m0.05_w2,0.02,0.05,2.0,LCS_noise,-0.19284039735794067
electricity,random-reset,stl,p48_k12,n0.02_m0.05_w2,0.02,0.05,2.0,LCS_mask,-0.1957162320613861
electricity,random-reset,stl,p48_k12,n0.02_m0.05_w2,0.02,0.05,2.0,LCS_warp,-0.22831085324287415
electricity,random-reset,stl,p48_k12,n0.02_m0.05_w2,0.02,0.05,2.0,TSI_noise,0.9999713897705078
electricity,random-reset,stl,p48_k12,n0.02_m0.05_w2,0.02,0.05,2.0,TSI_mask,0.9999898672103882
electricity,random-reset,stl,p48_k12,n0.02_m0.05_w2,0.02,0.05,2.0,TSI_warp,0.9992808103561401
electricity,random-reset,stl,p48_k12,n0.02_m0.05_w2,0.02,0.05,2.0,GSP_noise,-0.0015771687030792236
electricity,random-reset,stl,p48_k12,n0.02_m0.05_w2,0.02,0.05,2.0,GSP_mask,0.001298666000366211
electricity,random-reset,stl,p48_k12,n0.02_m0.05_w2,0.02,0.05,2.0,GSP_warp,0.03389328718185425
electricity,random-reset,stl,p96_k4,n0.02_m0.05_w2,0.02,0.05,2.0,LCS_clean,-0.23525123298168182
electricity,random-reset,stl,p96_k4,n0.02_m0.05_w2,0.02,0.05,2.0,LCS_noise,-0.22743606567382812
electricity,random-reset,stl,p96_k4,n0.02_m0.05_w2,0.02,0.05,2.0,LCS_mask,-0.23693716526031494
electricity,random-reset,stl,p96_k4,n0.02_m0.05_w2,0.02,0.05,2.0,LCS_warp,-0.2551175057888031
electricity,random-reset,stl,p96_k4,n0.02_m0.05_w2,0.02,0.05,2.0,TSI_noise,0.9999713897705078
electricity,random-reset,stl,p96_k4,n0.02_m0.05_w2,0.02,0.05,2.0,TSI_mask,0.9999898672103882
electricity,random-reset,stl,p96_k4,n0.02_m0.05_w2,0.02,0.05,2.0,TSI_warp,0.9992808103561401
electricity,random-reset,stl,p96_k4,n0.02_m0.05_w2,0.02,0.05,2.0,GSP_noise,-0.007815167307853699
electricity,random-reset,stl,p96_k4,n0.02_m0.05_w2,0.02,0.05,2.0,GSP_mask,0.0016859322786331177
electricity,random-reset,stl,p96_k4,n0.02_m0.05_w2,0.02,0.05,2.0,GSP_warp,0.019866272807121277
electricity,random-reset,stl,p96_k8,n0.02_m0.05_w2,0.02,0.05,2.0,LCS_clean,-0.2340952455997467
electricity,random-reset,stl,p96_k8,n0.02_m0.05_w2,0.02,0.05,2.0,LCS_noise,-0.22627043724060059
electricity,random-reset,stl,p96_k8,n0.02_m0.05_w2,0.02,0.05,2.0,LCS_mask,-0.23598770797252655
electricity,random-reset,stl,p96_k8,n0.02_m0.05_w2,0.02,0.05,2.0,LCS_warp,-0.2559381127357483
electricity,random-reset,stl,p96_k8,n0.02_m0.05_w2,0.02,0.05,2.0,TSI_noise,0.9999713897705078
electricity,random-reset,stl,p96_k8,n0.02_m0.05_w2,0.02,0.05,2.0,TSI_mask,0.9999898672103882
electricity,random-reset,stl,p96_k8,n0.02_m0.05_w2,0.02,0.05,2.0,TSI_warp,0.9992808103561401
electricity,random-reset,stl,p96_k8,n0.02_m0.05_w2,0.02,0.05,2.0,GSP_noise,-0.007824808359146118
electricity,random-reset,stl,p96_k8,n0.02_m0.05_w2,0.02,0.05,2.0,GSP_mask,0.0018924623727798462
electricity,random-reset,stl,p96_k8,n0.02_m0.05_w2,0.02,0.05,2.0,GSP_warp,0.021842867136001587
electricity,random-reset,stl,p96_k12,n0.02_m0.05_w2,0.02,0.05,2.0,LCS_clean,-0.22849425673484802
electricity,random-reset,stl,p96_k12,n0.02_m0.05_w2,0.02,0.05,2.0,LCS_noise,-0.22140665352344513
electricity,random-reset,stl,p96_k12,n0.02_m0.05_w2,0.02,0.05,2.0,LCS_mask,-0.23006443679332733
electricity,random-reset,stl,p96_k12,n0.02_m0.05_w2,0.02,0.05,2.0,LCS_warp,-0.2530154287815094
electricity,random-reset,stl,p96_k12,n0.02_m0.05_w2,0.02,0.05,2.0,TSI_noise,0.9999713897705078
electricity,random-reset,stl,p96_k12,n0.02_m0.05_w2,0.02,0.05,2.0,TSI_mask,0.9999898672103882
electricity,random-reset,stl,p96_k12,n0.02_m0.05_w2,0.02,0.05,2.0,TSI_warp,0.9992808103561401
electricity,random-reset,stl,p96_k12,n0.02_m0.05_w2,0.02,0.05,2.0,GSP_noise,-0.007087603211402893
electricity,random-reset,stl,p96_k12,n0.02_m0.05_w2,0.02,0.05,2.0,GSP_mask,0.001570180058479309
electricity,random-reset,stl,p96_k12,n0.02_m0.05_w2,0.02,0.05,2.0,GSP_warp,0.024521172046661377
electricity,random-reset,phase8,na,n0.02_m0.05_w3,0.02,0.05,3.0,LCS_clean,-0.0685289204120636
electricity,random-reset,phase8,na,n0.02_m0.05_w3,0.02,0.05,3.0,LCS_noise,-0.05920293182134628
electricity,random-reset,phase8,na,n0.02_m0.05_w3,0.02,0.05,3.0,LCS_mask,-0.0677744448184967
electricity,random-reset,phase8,na,n0.02_m0.05_w3,0.02,0.05,3.0,LCS_warp,-0.04487641900777817
electricity,random-reset,phase8,na,n0.02_m0.05_w3,0.02,0.05,3.0,TSI_noise,0.9999748468399048
electricity,random-reset,phase8,na,n0.02_m0.05_w3,0.02,0.05,3.0,TSI_mask,0.9999911189079285
electricity,random-reset,phase8,na,n0.02_m0.05_w3,0.02,0.05,3.0,TSI_warp,0.9990705251693726
electricity,random-reset,phase8,na,n0.02_m0.05_w3,0.02,0.05,3.0,GSP_noise,-0.009325988590717316
electricity,random-reset,phase8,na,n0.02_m0.05_w3,0.02,0.05,3.0,GSP_mask,-0.0007544755935668945
electricity,random-reset,phase8,na,n0.02_m0.05_w3,0.02,0.05,3.0,GSP_warp,-0.02365250140428543
electricity,random-reset,stl,p24_k4,n0.02_m0.05_w3,0.02,0.05,3.0,LCS_clean,-0.022040951997041702
electricity,random-reset,stl,p24_k4,n0.02_m0.05_w3,0.02,0.05,3.0,LCS_noise,-0.016570085659623146
electricity,random-reset,stl,p24_k4,n0.02_m0.05_w3,0.02,0.05,3.0,LCS_mask,-0.022027526050806046
electricity,random-reset,stl,p24_k4,n0.02_m0.05_w3,0.02,0.05,3.0,LCS_warp,-0.010212056338787079
electricity,random-reset,stl,p24_k4,n0.02_m0.05_w3,0.02,0.05,3.0,TSI_noise,0.9999748468399048
electricity,random-reset,stl,p24_k4,n0.02_m0.05_w3,0.02,0.05,3.0,TSI_mask,0.9999911189079285
electricity,random-reset,stl,p24_k4,n0.02_m0.05_w3,0.02,0.05,3.0,TSI_warp,0.9990705251693726
electricity,random-reset,stl,p24_k4,n0.02_m0.05_w3,0.02,0.05,3.0,GSP_noise,-0.005470866337418556
electricity,random-reset,stl,p24_k4,n0.02_m0.05_w3,0.02,0.05,3.0,GSP_mask,-1.3425946235656738e-05
electricity,random-reset,stl,p24_k4,n0.02_m0.05_w3,0.02,0.05,3.0,GSP_warp,-0.011828895658254623
electricity,random-reset,stl,p24_k8,n0.02_m0.05_w3,0.02,0.05,3.0,LCS_clean,-0.03387261554598808
electricity,random-reset,stl,p24_k8,n0.02_m0.05_w3,0.02,0.05,3.0,LCS_noise,-0.02879912406206131
electricity,random-reset,stl,p24_k8,n0.02_m0.05_w3,0.02,0.05,3.0,LCS_mask,-0.033709459006786346
electricity,random-reset,stl,p24_k8,n0.02_m0.05_w3,0.02,0.05,3.0,LCS_warp,-0.034297436475753784
electricity,random-reset,stl,p24_k8,n0.02_m0.05_w3,0.02,0.05,3.0,TSI_noise,0.9999748468399048
electricity,random-reset,stl,p24_k8,n0.02_m0.05_w3,0.02,0.05,3.0,TSI_mask,0.9999911189079285
electricity,random-reset,stl,p24_k8,n0.02_m0.05_w3,0.02,0.05,3.0,TSI_warp,0.9990705251693726
electricity,random-reset,stl,p24_k8,n0.02_m0.05_w3,0.02,0.05,3.0,GSP_noise,-0.005073491483926773
electricity,random-reset,stl,p24_k8,n0.02_m0.05_w3,0.02,0.05,3.0,GSP_mask,-0.00016315653920173645
electricity,random-reset,stl,p24_k8,n0.02_m0.05_w3,0.02,0.05,3.0,GSP_warp,0.0004248209297657013
electricity,random-reset,stl,p24_k12,n0.02_m0.05_w3,0.02,0.05,3.0,LCS_clean,-0.18947455286979675
electricity,random-reset,stl,p24_k12,n0.02_m0.05_w3,0.02,0.05,3.0,LCS_noise,-0.18480412662029266
electricity,random-reset,stl,p24_k12,n0.02_m0.05_w3,0.02,0.05,3.0,LCS_mask,-0.19010387361049652
electricity,random-reset,stl,p24_k12,n0.02_m0.05_w3,0.02,0.05,3.0,LCS_warp,-0.23876623809337616
electricity,random-reset,stl,p24_k12,n0.02_m0.05_w3,0.02,0.05,3.0,TSI_noise,0.9999748468399048
electricity,random-reset,stl,p24_k12,n0.02_m0.05_w3,0.02,0.05,3.0,TSI_mask,0.9999911189079285
electricity,random-reset,stl,p24_k12,n0.02_m0.05_w3,0.02,0.05,3.0,TSI_warp,0.9990705251693726
electricity,random-reset,stl,p24_k12,n0.02_m0.05_w3,0.02,0.05,3.0,GSP_noise,-0.004670426249504089
electricity,random-reset,stl,p24_k12,n0.02_m0.05_w3,0.02,0.05,3.0,GSP_mask,0.0006293207406997681
electricity,random-reset,stl,p24_k12,n0.02_m0.05_w3,0.02,0.05,3.0,GSP_warp,0.04929168522357941
electricity,random-reset,stl,p48_k4,n0.02_m0.05_w3,0.02,0.05,3.0,LCS_clean,-0.029753893613815308
electricity,random-reset,stl,p48_k4,n0.02_m0.05_w3,0.02,0.05,3.0,LCS_noise,-0.02575094997882843
electricity,random-reset,stl,p48_k4,n0.02_m0.05_w3,0.02,0.05,3.0,LCS_mask,-0.02943069487810135
electricity,random-reset,stl,p48_k4,n0.02_m0.05_w3,0.02,0.05,3.0,LCS_warp,-0.019950876012444496
electricity,random-reset,stl,p48_k4,n0.02_m0.05_w3,0.02,0.05,3.0,TSI_noise,0.9999748468399048
electricity,random-reset,stl,p48_k4,n0.02_m0.05_w3,0.02,0.05,3.0,TSI_mask,0.9999911189079285
electricity,random-reset,stl,p48_k4,n0.02_m0.05_w3,0.02,0.05,3.0,TSI_warp,0.9990705251693726
electricity,random-reset,stl,p48_k4,n0.02_m0.05_w3,0.02,0.05,3.0,GSP_noise,-0.0040029436349868774
electricity,random-reset,stl,p48_k4,n0.02_m0.05_w3,0.02,0.05,3.0,GSP_mask,-0.00032319873571395874
electricity,random-reset,stl,p48_k4,n0.02_m0.05_w3,0.02,0.05,3.0,GSP_warp,-0.009803017601370811
electricity,random-reset,stl,p48_k8,n0.02_m0.05_w3,0.02,0.05,3.0,LCS_clean,-0.20137032866477966
electricity,random-reset,stl,p48_k8,n0.02_m0.05_w3,0.02,0.05,3.0,LCS_noise,-0.19744205474853516
electricity,random-reset,stl,p48_k8,n0.02_m0.05_w3,0.02,0.05,3.0,LCS_mask,-0.20197643339633942
electricity,random-reset,stl,p48_k8,n0.02_m0.05_w3,0.02,0.05,3.0,LCS_warp,-0.23500975966453552
electricity,random-reset,stl,p48_k8,n0.02_m0.05_w3,0.02,0.05,3.0,TSI_noise,0.9999748468399048
electricity,random-reset,stl,p48_k8,n0.02_m0.05_w3,0.02,0.05,3.0,TSI_mask,0.9999911189079285
electricity,random-reset,stl,p48_k8,n0.02_m0.05_w3,0.02,0.05,3.0,TSI_warp,0.9990705251693726
electricity,random-reset,stl,p48_k8,n0.02_m0.05_w3,0.02,0.05,3.0,GSP_noise,-0.003928273916244507
electricity,random-reset,stl,p48_k8,n0.02_m0.05_w3,0.02,0.05,3.0,GSP_mask,0.0006061047315597534
electricity,random-reset,stl,p48_k8,n0.02_m0.05_w3,0.02,0.05,3.0,GSP_warp,0.03363943099975586
electricity,random-reset,stl,p48_k12,n0.02_m0.05_w3,0.02,0.05,3.0,LCS_clean,-0.1944175660610199
electricity,random-reset,stl,p48_k12,n0.02_m0.05_w3,0.02,0.05,3.0,LCS_noise,-0.19293035566806793
electricity,random-reset,stl,p48_k12,n0.02_m0.05_w3,0.02,0.05,3.0,LCS_mask,-0.19526071846485138
electricity,random-reset,stl,p48_k12,n0.02_m0.05_w3,0.02,0.05,3.0,LCS_warp,-0.23190002143383026
electricity,random-reset,stl,p48_k12,n0.02_m0.05_w3,0.02,0.05,3.0,TSI_noise,0.9999748468399048
electricity,random-reset,stl,p48_k12,n0.02_m0.05_w3,0.02,0.05,3.0,TSI_mask,0.9999911189079285
electricity,random-reset,stl,p48_k12,n0.02_m0.05_w3,0.02,0.05,3.0,TSI_warp,0.9990705251693726
electricity,random-reset,stl,p48_k12,n0.02_m0.05_w3,0.02,0.05,3.0,GSP_noise,-0.0014872103929519653
electricity,random-reset,stl,p48_k12,n0.02_m0.05_w3,0.02,0.05,3.0,GSP_mask,0.0008431524038314819
electricity,random-reset,stl,p48_k12,n0.02_m0.05_w3,0.02,0.05,3.0,GSP_warp,0.037482455372810364
electricity,random-reset,stl,p96_k4,n0.02_m0.05_w3,0.02,0.05,3.0,LCS_clean,-0.23525123298168182
electricity,random-reset,stl,p96_k4,n0.02_m0.05_w3,0.02,0.05,3.0,LCS_noise,-0.22812119126319885
electricity,random-reset,stl,p96_k4,n0.02_m0.05_w3,0.02,0.05,3.0,LCS_mask,-0.2356087565422058
electricity,random-reset,stl,p96_k4,n0.02_m0.05_w3,0.02,0.05,3.0,LCS_warp,-0.2510646879673004
electricity,random-reset,stl,p96_k4,n0.02_m0.05_w3,0.02,0.05,3.0,TSI_noise,0.9999748468399048
electricity,random-reset,stl,p96_k4,n0.02_m0.05_w3,0.02,0.05,3.0,TSI_mask,0.9999911189079285
electricity,random-reset,stl,p96_k4,n0.02_m0.05_w3,0.02,0.05,3.0,TSI_warp,0.9990705251693726
electricity,random-reset,stl,p96_k4,n0.02_m0.05_w3,0.02,0.05,3.0,GSP_noise,-0.007130041718482971
electricity,random-reset,stl,p96_k4,n0.02_m0.05_w3,0.02,0.05,3.0,GSP_mask,0.0003575235605239868
electricity,random-reset,stl,p96_k4,n0.02_m0.05_w3,0.02,0.05,3.0,GSP_warp,0.01581345498561859
electricity,random-reset,stl,p96_k8,n0.02_m0.05_w3,0.02,0.05,3.0,LCS_clean,-0.2340952455997467
electricity,random-reset,stl,p96_k8,n0.02_m0.05_w3,0.02,0.05,3.0,LCS_noise,-0.22682544589042664
electricity,random-reset,stl,p96_k8,n0.02_m0.05_w3,0.02,0.05,3.0,LCS_mask,-0.2345200777053833
electricity,random-reset,stl,p96_k8,n0.02_m0.05_w3,0.02,0.05,3.0,LCS_warp,-0.25349920988082886
electricity,random-reset,stl,p96_k8,n0.02_m0.05_w3,0.02,0.05,3.0,TSI_noise,0.9999748468399048
electricity,random-reset,stl,p96_k8,n0.02_m0.05_w3,0.02,0.05,3.0,TSI_mask,0.9999911189079285
electricity,random-reset,stl,p96_k8,n0.02_m0.05_w3,0.02,0.05,3.0,TSI_warp,0.9990705251693726
electricity,random-reset,stl,p96_k8,n0.02_m0.05_w3,0.02,0.05,3.0,GSP_noise,-0.007269799709320068
electricity,random-reset,stl,p96_k8,n0.02_m0.05_w3,0.02,0.05,3.0,GSP_mask,0.0004248321056365967
electricity,random-reset,stl,p96_k8,n0.02_m0.05_w3,0.02,0.05,3.0,GSP_warp,0.019403964281082153
electricity,random-reset,stl,p96_k12,n0.02_m0.05_w3,0.02,0.05,3.0,LCS_clean,-0.22849425673484802
electricity,random-reset,stl,p96_k12,n0.02_m0.05_w3,0.02,0.05,3.0,LCS_noise,-0.22208406031131744
electricity,random-reset,stl,p96_k12,n0.02_m0.05_w3,0.02,0.05,3.0,LCS_mask,-0.22881722450256348
electricity,random-reset,stl,p96_k12,n0.02_m0.05_w3,0.02,0.05,3.0,LCS_warp,-0.253889262676239
electricity,random-reset,stl,p96_k12,n0.02_m0.05_w3,0.02,0.05,3.0,TSI_noise,0.9999748468399048
electricity,random-reset,stl,p96_k12,n0.02_m0.05_w3,0.02,0.05,3.0,TSI_mask,0.9999911189079285
electricity,random-reset,stl,p96_k12,n0.02_m0.05_w3,0.02,0.05,3.0,TSI_warp,0.9990705251693726
electricity,random-reset,stl,p96_k12,n0.02_m0.05_w3,0.02,0.05,3.0,GSP_noise,-0.006410196423530579
electricity,random-reset,stl,p96_k12,n0.02_m0.05_w3,0.02,0.05,3.0,GSP_mask,0.0003229677677154541
electricity,random-reset,stl,p96_k12,n0.02_m0.05_w3,0.02,0.05,3.0,GSP_warp,0.02539500594139099
electricity,random-reset,phase8,na,n0.02_m0.1_w1.5,0.02,0.1,1.5,LCS_clean,-0.0685289204120636
electricity,random-reset,phase8,na,n0.02_m0.1_w1.5,0.02,0.1,1.5,LCS_noise,-0.05902427062392235
electricity,random-reset,phase8,na,n0.02_m0.1_w1.5,0.02,0.1,1.5,LCS_mask,-0.06622565537691116
electricity,random-reset,phase8,na,n0.02_m0.1_w1.5,0.02,0.1,1.5,LCS_warp,-0.05701574683189392
electricity,random-reset,phase8,na,n0.02_m0.1_w1.5,0.02,0.1,1.5,TSI_noise,0.9999675154685974
electricity,random-reset,phase8,na,n0.02_m0.1_w1.5,0.02,0.1,1.5,TSI_mask,0.9999762773513794
electricity,random-reset,phase8,na,n0.02_m0.1_w1.5,0.02,0.1,1.5,TSI_warp,0.999528169631958
electricity,random-reset,phase8,na,n0.02_m0.1_w1.5,0.02,0.1,1.5,GSP_noise,-0.00950464978814125
electricity,random-reset,phase8,na,n0.02_m0.1_w1.5,0.02,0.1,1.5,GSP_mask,-0.0023032650351524353
electricity,random-reset,phase8,na,n0.02_m0.1_w1.5,0.02,0.1,1.5,GSP_warp,-0.011513173580169678
electricity,random-reset,stl,p24_k4,n0.02_m0.1_w1.5,0.02,0.1,1.5,LCS_clean,-0.022040951997041702
electricity,random-reset,stl,p24_k4,n0.02_m0.1_w1.5,0.02,0.1,1.5,LCS_noise,-0.016251597553491592
electricity,random-reset,stl,p24_k4,n0.02_m0.1_w1.5,0.02,0.1,1.5,LCS_mask,-0.021756920963525772
electricity,random-reset,stl,p24_k4,n0.02_m0.1_w1.5,0.02,0.1,1.5,LCS_warp,-0.018501929938793182
electricity,random-reset,stl,p24_k4,n0.02_m0.1_w1.5,0.02,0.1,1.5,TSI_noise,0.9999675154685974
electricity,random-reset,stl,p24_k4,n0.02_m0.1_w1.5,0.02,0.1,1.5,TSI_mask,0.9999762773513794
electricity,random-reset,stl,p24_k4,n0.02_m0.1_w1.5,0.02,0.1,1.5,TSI_warp,0.999528169631958
electricity,random-reset,stl,p24_k4,n0.02_m0.1_w1.5,0.02,0.1,1.5,GSP_noise,-0.00578935444355011
electricity,random-reset,stl,p24_k4,n0.02_m0.1_w1.5,0.02,0.1,1.5,GSP_mask,-0.0002840310335159302
electricity,random-reset,stl,p24_k4,n0.02_m0.1_w1.5,0.02,0.1,1.5,GSP_warp,-0.00353902205824852
electricity,random-reset,stl,p24_k8,n0.02_m0.1_w1.5,0.02,0.1,1.5,LCS_clean,-0.03387261554598808
electricity,random-reset,stl,p24_k8,n0.02_m0.1_w1.5,0.02,0.1,1.5,LCS_noise,-0.02860984206199646
electricity,random-reset,stl,p24_k8,n0.02_m0.1_w1.5,0.02,0.1,1.5,LCS_mask,-0.03352872654795647
electricity,random-reset,stl,p24_k8,n0.02_m0.1_w1.5,0.02,0.1,1.5,LCS_warp,-0.032016053795814514
electricity,random-reset,stl,p24_k8,n0.02_m0.1_w1.5,0.02,0.1,1.5,TSI_noise,0.9999675154685974
electricity,random-reset,stl,p24_k8,n0.02_m0.1_w1.5,0.02,0.1,1.5,TSI_mask,0.9999762773513794
electricity,random-reset,stl,p24_k8,n0.02_m0.1_w1.5,0.02,0.1,1.5,TSI_warp,0.999528169631958
electricity,random-reset,stl,p24_k8,n0.02_m0.1_w1.5,0.02,0.1,1.5,GSP_noise,-0.005262773483991623
electricity,random-reset,stl,p24_k8,n0.02_m0.1_w1.5,0.02,0.1,1.5,GSP_mask,-0.0003438889980316162
electricity,random-reset,stl,p24_k8,n0.02_m0.1_w1.5,0.02,0.1,1.5,GSP_warp,-0.0018565617501735687
electricity,random-reset,stl,p24_k12,n0.02_m0.1_w1.5,0.02,0.1,1.5,LCS_clean,-0.18947455286979675
electricity,random-reset,stl,p24_k12,n0.02_m0.1_w1.5,0.02,0.1,1.5,LCS_noise,-0.18522536754608154
electricity,random-reset,stl,p24_k12,n0.02_m0.1_w1.5,0.02,0.1,1.5,LCS_mask,-0.18967774510383606
electricity,random-reset,stl,p24_k12,n0.02_m0.1_w1.5,0.02,0.1,1.5,LCS_warp,-0.2185000479221344
electricity,random-reset,stl,p24_k12,n0.02_m0.1_w1.5,0.02,0.1,1.5,TSI_noise,0.9999675154685974
electricity,random-reset,stl,p24_k12,n0.02_m0.1_w1.5,0.02,0.1,1.5,TSI_mask,0.9999762773513794
electricity,random-reset,stl,p24_k12,n0.02_m0.1_w1.5,0.02,0.1,1.5,TSI_warp,0.999528169631958
electricity,random-reset,stl,p24_k12,n0.02_m0.1_w1.5,0.02,0.1,1.5,GSP_noise,-0.00424918532371521
electricity,random-reset,stl,p24_k12,n0.02_m0.1_w1.5,0.02,0.1,1.5,GSP_mask,0.00020319223403930664
electricity,random-reset,stl,p24_k12,n0.02_m0.1_w1.5,0.02,0.1,1.5,GSP_warp,0.029025495052337646
electricity,random-reset,stl,p48_k4,n0.02_m0.1_w1.5,0.02,0.1,1.5,LCS_clean,-0.029753893613815308
electricity,random-reset,stl,p48_k4,n0.02_m0.1_w1.5,0.02,0.1,1.5,LCS_noise,-0.025992996990680695
electricity,random-reset,stl,p48_k4,n0.02_m0.1_w1.5,0.02,0.1,1.5,LCS_mask,-0.029737163335084915
electricity,random-reset,stl,p48_k4,n0.02_m0.1_w1.5,0.02,0.1,1.5,LCS_warp,-0.02783292531967163
electricity,random-reset,stl,p48_k4,n0.02_m0.1_w1.5,0.02,0.1,1.5,TSI_noise,0.9999675154685974
electricity,random-reset,stl,p48_k4,n0.02_m0.1_w1.5,0.02,0.1,1.5,TSI_mask,0.9999762773513794
electricity,random-reset,stl,p48_k4,n0.02_m0.1_w1.5,0.02,0.1,1.5,TSI_warp,0.999528169631958
electricity,random-reset,stl,p48_k4,n0.02_m0.1_w1.5,0.02,0.1,1.5,GSP_noise,-0.003760896623134613
electricity,random-reset,stl,p48_k4,n0.02_m0.1_w1.5,0.02,0.1,1.5,GSP_mask,-1.6730278730392456e-05
electricity,random-reset,stl,p48_k4,n0.02_m0.1_w1.5,0.02,0.1,1.5,GSP_warp,-0.0019209682941436768
electricity,random-reset,stl,p48_k8,n0.02_m0.1_w1.5,0.02,0.1,1.5,LCS_clean,-0.20137032866477966
electricity,random-reset,stl,p48_k8,n0.02_m0.1_w1.5,0.02,0.1,1.5,LCS_noise,-0.19717486202716827
electricity,random-reset,stl,p48_k8,n0.02_m0.1_w1.5,0.02,0.1,1.5,LCS_mask,-0.20166803896427155
electricity,random-reset,stl,p48_k8,n0.02_m0.1_w1.5,0.02,0.1,1.5,LCS_warp,-0.22218728065490723
electricity,random-reset,stl,p48_k8,n0.02_m0.1_w1.5,0.02,0.1,1.5,TSI_noise,0.9999675154685974
electricity,random-reset,stl,p48_k8,n0.02_m0.1_w1.5,0.02,0.1,1.5,TSI_mask,0.9999762773513794
electricity,random-reset,stl,p48_k8,n0.02_m0.1_w1.5,0.02,0.1,1.5,TSI_warp,0.999528169631958
electricity,random-reset,stl,p48_k8,n0.02_m0.1_w1.5,0.02,0.1,1.5,GSP_noise,-0.004195466637611389
electricity,random-reset,stl,p48_k8,n0.02_m0.1_w1.5,0.02,0.1,1.5,GSP_mask,0.0002977102994918823
electricity,random-reset,stl,p48_k8,n0.02_m0.1_w1.5,0.02,0.1,1.5,GSP_warp,0.020816951990127563
electricity,random-reset,stl,p48_k12,n0.02_m0.1_w1.5,0.02,0.1,1.5,LCS_clean,-0.1944175660610199
electricity,random-reset,stl,p48_k12,n0.02_m0.1_w1.5,0.02,0.1,1.5,LCS_noise,-0.19304394721984863
electricity,random-reset,stl,p48_k12,n0.02_m0.1_w1.5,0.02,0.1,1.5,LCS_mask,-0.19466321170330048
electricity,random-reset,stl,p48_k12,n0.02_m0.1_w1.5,0.02,0.1,1.5,LCS_warp,-0.2185257524251938
electricity,random-reset,stl,p48_k12,n0.02_m0.1_w1.5,0.02,0.1,1.5,TSI_noise,0.9999675154685974
electricity,random-reset,stl,p48_k12,n0.02_m0.1_w1.5,0.02,0.1,1.5,TSI_mask,0.9999762773513794
electricity,random-reset,stl,p48_k12,n0.02_m0.1_w1.5,0.02,0.1,1.5,TSI_warp,0.999528169631958
electricity,random-reset,stl,p48_k12,n0.02_m0.1_w1.5,0.02,0.1,1.5,GSP_noise,-0.0013736188411712646
electricity,random-reset,stl,p48_k12,n0.02_m0.1_w1.5,0.02,0.1,1.5,GSP_mask,0.0002456456422805786
electricity,random-reset,stl,p48_k12,n0.02_m0.1_w1.5,0.02,0.1,1.5,GSP_warp,0.02410818636417389
electricity,random-reset,stl,p96_k4,n0.02_m0.1_w1.5,0.02,0.1,1.5,LCS_clean,-0.23525123298168182
electricity,random-reset,stl,p96_k4,n0.02_m0.1_w1.5,0.02,0.1,1.5,LCS_noise,-0.22785158455371857
electricity,random-reset,stl,p96_k4,n0.02_m0.1_w1.5,0.02,0.1,1.5,LCS_mask,-0.23471838235855103
electricity,random-reset,stl,p96_k4,n0.02_m0.1_w1.5,0.02,0.1,1.5,LCS_warp,-0.24944645166397095
electricity,random-reset,stl,p96_k4,n0.02_m0.1_w1.5,0.02,0.1,1.5,TSI_noise,0.9999675154685974
electricity,random-reset,stl,p96_k4,n0.02_m0.1_w1.5,0.02,0.1,1.5,TSI_mask,0.9999762773513794
electricity,random-reset,stl,p96_k4,n0.02_m0.1_w1.5,0.02,0.1,1.5,TSI_warp,0.999528169631958
electricity,random-reset,stl,p96_k4,n0.02_m0.1_w1.5,0.02,0.1,1.5,GSP_noise,-0.007399648427963257
electricity,random-reset,stl,p96_k4,n0.02_m0.1_w1.5,0.02,0.1,1.5,GSP_mask,-0.0005328506231307983
electricity,random-reset,stl,p96_k4,n0.02_m0.1_w1.5,0.02,0.1,1.5,GSP_warp,0.014195218682289124
electricity,random-reset,stl,p96_k8,n0.02_m0.1_w1.5,0.02,0.1,1.5,LCS_clean,-0.2340952455997467
electricity,random-reset,stl,p96_k8,n0.02_m0.1_w1.5,0.02,0.1,1.5,LCS_noise,-0.22645676136016846
electricity,random-reset,stl,p96_k8,n0.02_m0.1_w1.5,0.02,0.1,1.5,LCS_mask,-0.233663409948349
electricity,random-reset,stl,p96_k8,n0.02_m0.1_w1.5,0.02,0.1,1.5,LCS_warp,-0.24944305419921875
electricity,random-reset,stl,p96_k8,n0.02_m0.1_w1.5,0.02,0.1,1.5,TSI_noise,0.9999675154685974
electricity,random-reset,stl,p96_k8,n0.02_m0.1_w1.5,0.02,0.1,1.5,TSI_mask,0.9999762773513794
electricity,random-reset,stl,p96_k8,n0.02_m0.1_w1.5,0.02,0.1,1.5,TSI_warp,0.999528169631958
electricity,random-reset,stl,p96_k8,n0.02_m0.1_w1.5,0.02,0.1,1.5,GSP_noise,-0.007638484239578247
electricity,random-reset,stl,p96_k8,n0.02_m0.1_w1.5,0.02,0.1,1.5,GSP_mask,-0.0004318356513977051
electricity,random-reset,stl,p96_k8,n0.02_m0.1_w1.5,0.02,0.1,1.5,GSP_warp,0.015347808599472046
electricity,random-reset,stl,p96_k12,n0.02_m0.1_w1.5,0.02,0.1,1.5,LCS_clean,-0.22849425673484802
electricity,random-reset,stl,p96_k12,n0.02_m0.1_w1.5,0.02,0.1,1.5,LCS_noise,-0.22171366214752197
electricity,random-reset,stl,p96_k12,n0.02_m0.1_w1.5,0.02,0.1,1.5,LCS_mask,-0.22831633687019348
electricity,random-reset,stl,p96_k12,n0.02_m0.1_w1.5,0.02,0.1,1.5,LCS_warp,-0.2456722855567932
electricity,random-reset,stl,p96_k12,n0.02_m0.1_w1.5,0.02,0.1,1.5,TSI_noise,0.9999675154685974
electricity,random-reset,stl,p96_k12,n0.02_m0.1_w1.5,0.02,0.1,1.5,TSI_mask,0.9999762773513794
electricity,random-reset,stl,p96_k12,n0.02_m0.1_w1.5,0.02,0.1,1.5,TSI_warp,0.999528169631958
electricity,random-reset,stl,p96_k12,n0.02_m0.1_w1.5,0.02,0.1,1.5,GSP_noise,-0.00678059458732605
electricity,random-reset,stl,p96_k12,n0.02_m0.1_w1.5,0.02,0.1,1.5,GSP_mask,-0.00017791986465454102
electricity,random-reset,stl,p96_k12,n0.02_m0.1_w1.5,0.02,0.1,1.5,GSP_warp,0.01717802882194519
electricity,random-reset,phase8,na,n0.02_m0.1_w2,0.02,0.1,2.0,LCS_clean,-0.0685289204120636
electricity,random-reset,phase8,na,n0.02_m0.1_w2,0.02,0.1,2.0,LCS_noise,-0.06037318706512451
electricity,random-reset,phase8,na,n0.02_m0.1_w2,0.02,0.1,2.0,LCS_mask,-0.06754365563392639
electricity,random-reset,phase8,na,n0.02_m0.1_w2,0.02,0.1,2.0,LCS_warp,-0.04872475564479828
electricity,random-reset,phase8,na,n0.02_m0.1_w2,0.02,0.1,2.0,TSI_noise,0.9999722838401794
electricity,random-reset,phase8,na,n0.02_m0.1_w2,0.02,0.1,2.0,TSI_mask,0.9999767541885376
electricity,random-reset,phase8,na,n0.02_m0.1_w2,0.02,0.1,2.0,TSI_warp,0.9992546439170837
electricity,random-reset,phase8,na,n0.02_m0.1_w2,0.02,0.1,2.0,GSP_noise,-0.008155733346939087
electricity,random-reset,phase8,na,n0.02_m0.1_w2,0.02,0.1,2.0,GSP_mask,-0.000985264778137207
electricity,random-reset,phase8,na,n0.02_m0.1_w2,0.02,0.1,2.0,GSP_warp,-0.01980416476726532
electricity,random-reset,stl,p24_k4,n0.02_m0.1_w2,0.02,0.1,2.0,LCS_clean,-0.022040951997041702
electricity,random-reset,stl,p24_k4,n0.02_m0.1_w2,0.02,0.1,2.0,LCS_noise,-0.01702188327908516
electricity,random-reset,stl,p24_k4,n0.02_m0.1_w2,0.02,0.1,2.0,LCS_mask,-0.021441832184791565
electricity,random-reset,stl,p24_k4,n0.02_m0.1_w2,0.02,0.1,2.0,LCS_warp,-0.013660233467817307
electricity,random-reset,stl,p24_k4,n0.02_m0.1_w2,0.02,0.1,2.0,TSI_noise,0.9999722838401794
electricity,random-reset,stl,p24_k4,n0.02_m0.1_w2,0.02,0.1,2.0,TSI_mask,0.9999767541885376
electricity,random-reset,stl,p24_k4,n0.02_m0.1_w2,0.02,0.1,2.0,TSI_warp,0.9992546439170837
electricity,random-reset,stl,p24_k4,n0.02_m0.1_w2,0.02,0.1,2.0,GSP_noise,-0.005019068717956543
electricity,random-reset,stl,p24_k4,n0.02_m0.1_w2,0.02,0.1,2.0,GSP_mask,-0.0005991198122501373
electricity,random-reset,stl,p24_k4,n0.02_m0.1_w2,0.02,0.1,2.0,GSP_warp,-0.008380718529224396
electricity,random-reset,stl,p24_k8,n0.02_m0.1_w2,0.02,0.1,2.0,LCS_clean,-0.03387261554598808
electricity,random-reset,stl,p24_k8,n0.02_m0.1_w2,0.02,0.1,2.0,LCS_noise,-0.029292039573192596
electricity,random-reset,stl,p24_k8,n0.02_m0.1_w2,0.02,0.1,2.0,LCS_mask,-0.03295113891363144
electricity,random-reset,stl,p24_k8,n0.02_m0.1_w2,0.02,0.1,2.0,LCS_warp,-0.031782686710357666
electricity,random-reset,stl,p24_k8,n0.02_m0.1_w2,0.02,0.1,2.0,TSI_noise,0.9999722838401794
electricity,random-reset,stl,p24_k8,n0.02_m0.1_w2,0.02,0.1,2.0,TSI_mask,0.9999767541885376
electricity,random-reset,stl,p24_k8,n0.02_m0.1_w2,0.02,0.1,2.0,TSI_warp,0.9992546439170837
electricity,random-reset,stl,p24_k8,n0.02_m0.1_w2,0.02,0.1,2.0,GSP_noise,-0.0045805759727954865
electricity,random-reset,stl,p24_k8,n0.02_m0.1_w2,0.02,0.1,2.0,GSP_mask,-0.0009214766323566437
electricity,random-reset,stl,p24_k8,n0.02_m0.1_w2,0.02,0.1,2.0,GSP_warp,-0.002089928835630417
electricity,random-reset,stl,p24_k12,n0.02_m0.1_w2,0.02,0.1,2.0,LCS_clean,-0.18947455286979675
electricity,random-reset,stl,p24_k12,n0.02_m0.1_w2,0.02,0.1,2.0,LCS_noise,-0.18589350581169128
electricity,random-reset,stl,p24_k12,n0.02_m0.1_w2,0.02,0.1,2.0,LCS_mask,-0.1901446431875229
electricity,random-reset,stl,p24_k12,n0.02_m0.1_w2,0.02,0.1,2.0,LCS_warp,-0.2304416000843048
electricity,random-reset,stl,p24_k12,n0.02_m0.1_w2,0.02,0.1,2.0,TSI_noise,0.9999722838401794
electricity,random-reset,stl,p24_k12,n0.02_m0.1_w2,0.02,0.1,2.0,TSI_mask,0.9999767541885376
electricity,random-reset,stl,p24_k12,n0.02_m0.1_w2,0.02,0.1,2.0,TSI_warp,0.9992546439170837
electricity,random-reset,stl,p24_k12,n0.02_m0.1_w2,0.02,0.1,2.0,GSP_noise,-0.0035810470581054688
electricity,random-reset,stl,p24_k12,n0.02_m0.1_w2,0.02,0.1,2.0,GSP_mask,0.0006700903177261353
electricity,random-reset,stl,p24_k12,n0.02_m0.1_w2,0.02,0.1,2.0,GSP_warp,0.04096704721450806
electricity,random-reset,stl,p48_k4,n0.02_m0.1_w2,0.02,0.1,2.0,LCS_clean,-0.029753893613815308
electricity,random-reset,stl,p48_k4,n0.02_m0.1_w2,0.02,0.1,2.0,LCS_noise,-0.02567616105079651
electricity,random-reset,stl,p48_k4,n0.02_m0.1_w2,0.02,0.1,2.0,LCS_mask,-0.029216080904006958
electricity,random-reset,stl,p48_k4,n0.02_m0.1_w2,0.02,0.1,2.0,LCS_warp,-0.025134406983852386
electricity,random-reset,stl,p48_k4,n0.02_m0.1_w2,0.02,0.1,2.0,TSI_noise,0.9999722838401794
electricity,random-reset,stl,p48_k4,n0.02_m0.1_w2,0.02,0.1,2.0,TSI_mask,0.9999767541885376
electricity,random-reset,stl,p48_k4,n0.02_m0.1_w2,0.02,0.1,2.0,TSI_warp,0.9992546439170837
electricity,random-reset,stl,p48_k4,n0.02_m0.1_w2,0.02,0.1,2.0,GSP_noise,-0.004077732563018799
electricity,random-reset,stl,p48_k4,n0.02_m0.1_w2,0.02,0.1,2.0,GSP_mask,-0.0005378127098083496
electricity,random-reset,stl,p48_k4,n0.02_m0.1_w2,0.02,0.1,2.0,GSP_warp,-0.004619486629962921
electricity,random-reset,stl,p48_k8,n0.02_m0.1_w2,0.02,0.1,2.0,LCS_clean,-0.20137032866477966
electricity,random-reset,stl,p48_k8,n0.02_m0.1_w2,0.02,0.1,2.0,LCS_noise,-0.19791004061698914
electricity,random-reset,stl,p48_k8,n0.02_m0.1_w2,0.02,0.1,2.0,LCS_mask,-0.201751708984375
electricity,random-reset,stl,p48_k8,n0.02_m0.1_w2,0.02,0.1,2.0,LCS_warp,-0.22903773188591003
electricity,random-reset,stl,p48_k8,n0.02_m0.1_w2,0.02,0.1,2.0,TSI_noise,0.9999722838401794
electricity,random-reset,stl,p48_k8,n0.02_m0.1_w2,0.02,0.1,2.0,TSI_mask,0.9999767541885376
electricity,random-reset,stl,p48_k8,n0.02_m0.1_w2,0.02,0.1,2.0,TSI_warp,0.9992546439170837
electricity,random-reset,stl,p48_k8,n0.02_m0.1_w2,0.02,0.1,2.0,GSP_noise,-0.0034602880477905273
electricity,random-reset,stl,p48_k8,n0.02_m0.1_w2,0.02,0.1,2.0,GSP_mask,0.0003813803195953369
electricity,random-reset,stl,p48_k8,n0.02_m0.1_w2,0.02,0.1,2.0,GSP_warp,0.02766740322113037
electricity,random-reset,stl,p48_k12,n0.02_m0.1_w2,0.02,0.1,2.0,LCS_clean,-0.1944175660610199
electricity,random-reset,stl,p48_k12,n0.02_m0.1_w2,0.02,0.1,2.0,LCS_noise,-0.19342587888240814
electricity,random-reset,stl,p48_k12,n0.02_m0.1_w2,0.02,0.1,2.0,LCS_mask,-0.19491183757781982
electricity,random-reset,stl,p48_k12,n0.02_m0.1_w2,0.02,0.1,2.0,LCS_warp,-0.22653432190418243
electricity,random-reset,stl,p48_k12,n0.02_m0.1_w2,0.02,0.1,2.0,TSI_noise,0.9999722838401794
electricity,random-reset,stl,p48_k12,n0.02_m0.1_w2,0.02,0.1,2.0,TSI_mask,0.9999767541885376
electricity,random-reset,stl,p48_k12,n0.02_m0.1_w2,0.02,0.1,2.0,TSI_warp,0.9992546439170837
electricity,random-reset,stl,p48_k12,n0.02_m0.1_w2,0.02,0.1,2.0,GSP_noise,-0.0009916871786117554
electricity,random-reset,stl,p48_k12,n0.02_m0.1_w2,0.02,0.1,2.0,GSP_mask,0.0004942715167999268
electricity,random-reset,stl,p48_k12,n0.02_m0.1_w2,0.02,0.1,2.0,GSP_warp,0.03211675584316254
electricity,random-reset,stl,p96_k4,n0.02_m0.1_w2,0.02,0.1,2.0,LCS_clean,-0.23525123298168182
electricity,random-reset,stl,p96_k4,n0.02_m0.1_w2,0.02,0.1,2.0,LCS_noise,-0.22836843132972717
electricity,random-reset,stl,p96_k4,n0.02_m0.1_w2,0.02,0.1,2.0,LCS_mask,-0.23493683338165283
electricity,random-reset,stl,p96_k4,n0.02_m0.1_w2,0.02,0.1,2.0,LCS_warp,-0.251449853181839
electricity,random-reset,stl,p96_k4,n0.02_m0.1_w2,0.02,0.1,2.0,TSI_noise,0.9999722838401794
electricity,random-reset,stl,p96_k4,n0.02_m0.1_w2,0.02,0.1,2.0,TSI_mask,0.9999767541885376
electricity,random-reset,stl,p96_k4,n0.02_m0.1_w2,0.02,0.1,2.0,TSI_warp,0.9992546439170837
electricity,random-reset,stl,p96_k4,n0.02_m0.1_w2,0.02,0.1,2.0,GSP_noise,-0.006882801651954651
electricity,random-reset,stl,p96_k4,n0.02_m0.1_w2,0.02,0.1,2.0,GSP_mask,-0.0003143996000289917
electricity,random-reset,stl,p96_k4,n0.02_m0.1_w2,0.02,0.1,2.0,GSP_warp,0.016198620200157166
electricity,random-reset,stl,p96_k8,n0.02_m0.1_w2,0.02,0.1,2.0,LCS_clean,-0.2340952455997467
electricity,random-reset,stl,p96_k8,n0.02_m0.1_w2,0.02,0.1,2.0,LCS_noise,-0.22695806622505188
electricity,random-reset,stl,p96_k8,n0.02_m0.1_w2,0.02,0.1,2.0,LCS_mask,-0.2338986098766327
electricity,random-reset,stl,p96_k8,n0.02_m0.1_w2,0.02,0.1,2.0,LCS_warp,-0.2526167035102844
electricity,random-reset,stl,p96_k8,n0.02_m0.1_w2,0.02,0.1,2.0,TSI_noise,0.9999722838401794
electricity,random-reset,stl,p96_k8,n0.02_m0.1_w2,0.02,0.1,2.0,TSI_mask,0.9999767541885376
electricity,random-reset,stl,p96_k8,n0.02_m0.1_w2,0.02,0.1,2.0,TSI_warp,0.9992546439170837
electricity,random-reset,stl,p96_k8,n0.02_m0.1_w2,0.02,0.1,2.0,GSP_noise,-0.007137179374694824
electricity,random-reset,stl,p96_k8,n0.02_m0.1_w2,0.02,0.1,2.0,GSP_mask,-0.00019663572311401367
electricity,random-reset,stl,p96_k8,n0.02_m0.1_w2,0.02,0.1,2.0,GSP_warp,0.01852145791053772
electricity,random-reset,stl,p96_k12,n0.02_m0.1_w2,0.02,0.1,2.0,LCS_clean,-0.22849425673484802
electricity,random-reset,stl,p96_k12,n0.02_m0.1_w2,0.02,0.1,2.0,LCS_noise,-0.22208642959594727
electricity,random-reset,stl,p96_k12,n0.02_m0.1_w2,0.02,0.1,2.0,LCS_mask,-0.2285231351852417
electricity,random-reset,stl,p96_k12,n0.02_m0.1_w2,0.02,0.1,2.0,LCS_warp,-0.2498546838760376
electricity,random-reset,stl,p96_k12,n0.02_m0.1_w2,0.02,0.1,2.0,TSI_noise,0.9999722838401794
electricity,random-reset,stl,p96_k12,n0.02_m0.1_w2,0.02,0.1,2.0,TSI_mask,0.9999767541885376
electricity,random-reset,stl,p96_k12,n0.02_m0.1_w2,0.02,0.1,2.0,TSI_warp,0.9992546439170837
electricity,random-reset,stl,p96_k12,n0.02_m0.1_w2,0.02,0.1,2.0,GSP_noise,-0.006407827138900757
electricity,random-reset,stl,p96_k12,n0.02_m0.1_w2,0.02,0.1,2.0,GSP_mask,2.8878450393676758e-05
electricity,random-reset,stl,p96_k12,n0.02_m0.1_w2,0.02,0.1,2.0,GSP_warp,0.021360427141189575
electricity,random-reset,phase8,na,n0.02_m0.1_w3,0.02,0.1,3.0,LCS_clean,-0.0685289204120636
electricity,random-reset,phase8,na,n0.02_m0.1_w3,0.02,0.1,3.0,LCS_noise,-0.05854608118534088
electricity,random-reset,phase8,na,n0.02_m0.1_w3,0.02,0.1,3.0,LCS_mask,-0.0677252858877182
electricity,random-reset,phase8,na,n0.02_m0.1_w3,0.02,0.1,3.0,LCS_warp,-0.04830149561166763
electricity,random-reset,phase8,na,n0.02_m0.1_w3,0.02,0.1,3.0,TSI_noise,0.9999721646308899
electricity,random-reset,phase8,na,n0.02_m0.1_w3,0.02,0.1,3.0,TSI_mask,0.9999827146530151
electricity,random-reset,phase8,na,n0.02_m0.1_w3,0.02,0.1,3.0,TSI_warp,0.9990705847740173
electricity,random-reset,phase8,na,n0.02_m0.1_w3,0.02,0.1,3.0,GSP_noise,-0.009982839226722717
electricity,random-reset,phase8,na,n0.02_m0.1_w3,0.02,0.1,3.0,GSP_mask,-0.000803634524345398
electricity,random-reset,phase8,na,n0.02_m0.1_w3,0.02,0.1,3.0,GSP_warp,-0.020227424800395966
electricity,random-reset,stl,p24_k4,n0.02_m0.1_w3,0.02,0.1,3.0,LCS_clean,-0.022040951997041702
electricity,random-reset,stl,p24_k4,n0.02_m0.1_w3,0.02,0.1,3.0,LCS_noise,-0.016445700079202652
electricity,random-reset,stl,p24_k4,n0.02_m0.1_w3,0.02,0.1,3.0,LCS_mask,-0.02215937152504921
electricity,random-reset,stl,p24_k4,n0.02_m0.1_w3,0.02,0.1,3.0,LCS_warp,-0.008417502045631409
electricity,random-reset,stl,p24_k4,n0.02_m0.1_w3,0.02,0.1,3.0,TSI_noise,0.9999721646308899
electricity,random-reset,stl,p24_k4,n0.02_m0.1_w3,0.02,0.1,3.0,TSI_mask,0.9999827146530151
electricity,random-reset,stl,p24_k4,n0.02_m0.1_w3,0.02,0.1,3.0,TSI_warp,0.9990705847740173
electricity,random-reset,stl,p24_k4,n0.02_m0.1_w3,0.02,0.1,3.0,GSP_noise,-0.00559525191783905
electricity,random-reset,stl,p24_k4,n0.02_m0.1_w3,0.02,0.1,3.0,GSP_mask,0.00011841952800750732
electricity,random-reset,stl,p24_k4,n0.02_m0.1_w3,0.02,0.1,3.0,GSP_warp,-0.013623449951410294
electricity,random-reset,stl,p24_k8,n0.02_m0.1_w3,0.02,0.1,3.0,LCS_clean,-0.03387261554598808
electricity,random-reset,stl,p24_k8,n0.02_m0.1_w3,0.02,0.1,3.0,LCS_noise,-0.028949808329343796
electricity,random-reset,stl,p24_k8,n0.02_m0.1_w3,0.02,0.1,3.0,LCS_mask,-0.03328777104616165
electricity,random-reset,stl,p24_k8,n0.02_m0.1_w3,0.02,0.1,3.0,LCS_warp,-0.032205529510974884
electricity,random-reset,stl,p24_k8,n0.02_m0.1_w3,0.02,0.1,3.0,TSI_noise,0.9999721646308899
electricity,random-reset,stl,p24_k8,n0.02_m0.1_w3,0.02,0.1,3.0,TSI_mask,0.9999827146530151
electricity,random-reset,stl,p24_k8,n0.02_m0.1_w3,0.02,0.1,3.0,TSI_warp,0.9990705847740173
electricity,random-reset,stl,p24_k8,n0.02_m0.1_w3,0.02,0.1,3.0,GSP_noise,-0.004922807216644287
electricity,random-reset,stl,p24_k8,n0.02_m0.1_w3,0.02,0.1,3.0,GSP_mask,-0.0005848444998264313
electricity,random-reset,stl,p24_k8,n0.02_m0.1_w3,0.02,0.1,3.0,GSP_warp,-0.0016670860350131989
electricity,random-reset,stl,p24_k12,n0.02_m0.1_w3,0.02,0.1,3.0,LCS_clean,-0.18947455286979675
electricity,random-reset,stl,p24_k12,n0.02_m0.1_w3,0.02,0.1,3.0,LCS_noise,-0.18511879444122314
electricity,random-reset,stl,p24_k12,n0.02_m0.1_w3,0.02,0.1,3.0,LCS_mask,-0.18984189629554749
electricity,random-reset,stl,p24_k12,n0.02_m0.1_w3,0.02,0.1,3.0,LCS_warp,-0.2447310984134674
electricity,random-reset,stl,p24_k12,n0.02_m0.1_w3,0.02,0.1,3.0,TSI_noise,0.9999721646308899
electricity,random-reset,stl,p24_k12,n0.02_m0.1_w3,0.02,0.1,3.0,TSI_mask,0.9999827146530151
electricity,random-reset,stl,p24_k12,n0.02_m0.1_w3,0.02,0.1,3.0,TSI_warp,0.9990705847740173
electricity,random-reset,stl,p24_k12,n0.02_m0.1_w3,0.02,0.1,3.0,GSP_noise,-0.004355758428573608
electricity,random-reset,stl,p24_k12,n0.02_m0.1_w3,0.02,0.1,3.0,GSP_mask,0.0003673434257507324
electricity,random-reset,stl,p24_k12,n0.02_m0.1_w3,0.02,0.1,3.0,GSP_warp,0.055256545543670654
electricity,random-reset,stl,p48_k4,n0.02_m0.1_w3,0.02,0.1,3.0,LCS_clean,-0.029753893613815308
electricity,random-reset,stl,p48_k4,n0.02_m0.1_w3,0.02,0.1,3.0,LCS_noise,-0.0258389413356781
electricity,random-reset,stl,p48_k4,n0.02_m0.1_w3,0.02,0.1,3.0,LCS_mask,-0.02963723987340927
electricity,random-reset,stl,p48_k4,n0.02_m0.1_w3,0.02,0.1,3.0,LCS_warp,-0.021950291469693184
electricity,random-reset,stl,p48_k4,n0.02_m0.1_w3,0.02,0.1,3.0,TSI_noise,0.9999721646308899
electricity,random-reset,stl,p48_k4,n0.02_m0.1_w3,0.02,0.1,3.0,TSI_mask,0.9999827146530151
electricity,random-reset,stl,p48_k4,n0.02_m0.1_w3,0.02,0.1,3.0,TSI_warp,0.9990705847740173
electricity,random-reset,stl,p48_k4,n0.02_m0.1_w3,0.02,0.1,3.0,GSP_noise,-0.003914952278137207
electricity,random-reset,stl,p48_k4,n0.02_m0.1_w3,0.02,0.1,3.0,GSP_mask,-0.00011665374040603638
electricity,random-reset,stl,p48_k4,n0.02_m0.1_w3,0.02,0.1,3.0,GSP_warp,-0.007803602144122124
electricity,random-reset,stl,p48_k8,n0.02_m0.1_w3,0.02,0.1,3.0,LCS_clean,-0.20137032866477966
electricity,random-reset,stl,p48_k8,n0.02_m0.1_w3,0.02,0.1,3.0,LCS_noise,-0.1972874402999878
electricity,random-reset,stl,p48_k8,n0.02_m0.1_w3,0.02,0.1,3.0,LCS_mask,-0.20201250910758972
electricity,random-reset,stl,p48_k8,n0.02_m0.1_w3,0.02,0.1,3.0,LCS_warp,-0.23732918500900269
electricity,random-reset,stl,p48_k8,n0.02_m0.1_w3,0.02,0.1,3.0,TSI_noise,0.9999721646308899
electricity,random-reset,stl,p48_k8,n0.02_m0.1_w3,0.02,0.1,3.0,TSI_mask,0.9999827146530151
electricity,random-reset,stl,p48_k8,n0.02_m0.1_w3,0.02,0.1,3.0,TSI_warp,0.9990705847740173
electricity,random-reset,stl,p48_k8,n0.02_m0.1_w3,0.02,0.1,3.0,GSP_noise,-0.00408288836479187
electricity,random-reset,stl,p48_k8,n0.02_m0.1_w3,0.02,0.1,3.0,GSP_mask,0.0006421804428100586
electricity,random-reset,stl,p48_k8,n0.02_m0.1_w3,0.02,0.1,3.0,GSP_warp,0.03595885634422302
electricity,random-reset,stl,p48_k12,n0.02_m0.1_w3,0.02,0.1,3.0,LCS_clean,-0.1944175660610199
electricity,random-reset,stl,p48_k12,n0.02_m0.1_w3,0.02,0.1,3.0,LCS_noise,-0.19291332364082336
electricity,random-reset,stl,p48_k12,n0.02_m0.1_w3,0.02,0.1,3.0,LCS_mask,-0.19461733102798462
electricity,random-reset,stl,p48_k12,n0.02_m0.1_w3,0.02,0.1,3.0,LCS_warp,-0.23371252417564392
electricity,random-reset,stl,p48_k12,n0.02_m0.1_w3,0.02,0.1,3.0,TSI_noise,0.9999721646308899
electricity,random-reset,stl,p48_k12,n0.02_m0.1_w3,0.02,0.1,3.0,TSI_mask,0.9999827146530151
electricity,random-reset,stl,p48_k12,n0.02_m0.1_w3,0.02,0.1,3.0,TSI_warp,0.9990705847740173
electricity,random-reset,stl,p48_k12,n0.02_m0.1_w3,0.02,0.1,3.0,GSP_noise,-0.0015042424201965332
electricity,random-reset,stl,p48_k12,n0.02_m0.1_w3,0.02,0.1,3.0,GSP_mask,0.00019976496696472168
electricity,random-reset,stl,p48_k12,n0.02_m0.1_w3,0.02,0.1,3.0,GSP_warp,0.03929495811462402
electricity,random-reset,stl,p96_k4,n0.02_m0.1_w3,0.02,0.1,3.0,LCS_clean,-0.23525123298168182
electricity,random-reset,stl,p96_k4,n0.02_m0.1_w3,0.02,0.1,3.0,LCS_noise,-0.22781085968017578
electricity,random-reset,stl,p96_k4,n0.02_m0.1_w3,0.02,0.1,3.0,LCS_mask,-0.2354162633419037
electricity,random-reset,stl,p96_k4,n0.02_m0.1_w3,0.02,0.1,3.0,LCS_warp,-0.25613147020339966
electricity,random-reset,stl,p96_k4,n0.02_m0.1_w3,0.02,0.1,3.0,TSI_noise,0.9999721646308899
electricity,random-reset,stl,p96_k4,n0.02_m0.1_w3,0.02,0.1,3.0,TSI_mask,0.9999827146530151
electricity,random-reset,stl,p96_k4,n0.02_m0.1_w3,0.02,0.1,3.0,TSI_warp,0.9990705847740173
electricity,random-reset,stl,p96_k4,n0.02_m0.1_w3,0.02,0.1,3.0,GSP_noise,-0.0074403733015060425
electricity,random-reset,stl,p96_k4,n0.02_m0.1_w3,0.02,0.1,3.0,GSP_mask,0.0001650303602218628
electricity,random-reset,stl,p96_k4,n0.02_m0.1_w3,0.02,0.1,3.0,GSP_warp,0.020880237221717834
electricity,random-reset,stl,p96_k8,n0.02_m0.1_w3,0.02,0.1,3.0,LCS_clean,-0.2340952455997467
electricity,random-reset,stl,p96_k8,n0.02_m0.1_w3,0.02,0.1,3.0,LCS_noise,-0.2266325056552887
electricity,random-reset,stl,p96_k8,n0.02_m0.1_w3,0.02,0.1,3.0,LCS_mask,-0.23414340615272522
electricity,random-reset,stl,p96_k8,n0.02_m0.1_w3,0.02,0.1,3.0,LCS_warp,-0.2603566646575928
electricity,random-reset,stl,p96_k8,n0.02_m0.1_w3,0.02,0.1,3.0,TSI_noise,0.9999721646308899
electricity,random-reset,stl,p96_k8,n0.02_m0.1_w3,0.02,0.1,3.0,TSI_mask,0.9999827146530151
electricity,random-reset,stl,p96_k8,n0.02_m0.1_w3,0.02,0.1,3.0,TSI_warp,0.9990705847740173
electricity,random-reset,stl,p96_k8,n0.02_m0.1_w3,0.02,0.1,3.0,GSP_noise,-0.007462739944458008
electricity,random-reset,stl,p96_k8,n0.02_m0.1_w3,0.02,0.1,3.0,GSP_mask,4.8160552978515625e-05
electricity,random-reset,stl,p96_k8,n0.02_m0.1_w3,0.02,0.1,3.0,GSP_warp,0.02626141905784607
electricity,random-reset,stl,p96_k12,n0.02_m0.1_w3,0.02,0.1,3.0,LCS_clean,-0.22849425673484802
electricity,random-reset,stl,p96_k12,n0.02_m0.1_w3,0.02,0.1,3.0,LCS_noise,-0.22176501154899597
electricity,random-reset,stl,p96_k12,n0.02_m0.1_w3,0.02,0.1,3.0,LCS_mask,-0.22883838415145874
electricity,random-reset,stl,p96_k12,n0.02_m0.1_w3,0.02,0.1,3.0,LCS_warp,-0.26098954677581787
electricity,random-reset,stl,p96_k12,n0.02_m0.1_w3,0.02,0.1,3.0,TSI_noise,0.9999721646308899
electricity,random-reset,stl,p96_k12,n0.02_m0.1_w3,0.02,0.1,3.0,TSI_mask,0.9999827146530151
electricity,random-reset,stl,p96_k12,n0.02_m0.1_w3,0.02,0.1,3.0,TSI_warp,0.9990705847740173
electricity,random-reset,stl,p96_k12,n0.02_m0.1_w3,0.02,0.1,3.0,GSP_noise,-0.006729245185852051
electricity,random-reset,stl,p96_k12,n0.02_m0.1_w3,0.02,0.1,3.0,GSP_mask,0.0003441274166107178
electricity,random-reset,stl,p96_k12,n0.02_m0.1_w3,0.02,0.1,3.0,GSP_warp,0.03249529004096985
electricity,random-reset,phase8,na,n0.05_m0.03_w1.5,0.05,0.03,1.5,LCS_clean,-0.0685289204120636
electricity,random-reset,phase8,na,n0.05_m0.03_w1.5,0.05,0.03,1.5,LCS_noise,-0.04997367411851883
electricity,random-reset,phase8,na,n0.05_m0.03_w1.5,0.05,0.03,1.5,LCS_mask,-0.06888602674007416
electricity,random-reset,phase8,na,n0.05_m0.03_w1.5,0.05,0.03,1.5,LCS_warp,-0.05648914724588394
electricity,random-reset,phase8,na,n0.05_m0.03_w1.5,0.05,0.03,1.5,TSI_noise,0.9999200105667114
electricity,random-reset,phase8,na,n0.05_m0.03_w1.5,0.05,0.03,1.5,TSI_mask,0.9999942779541016
electricity,random-reset,phase8,na,n0.05_m0.03_w1.5,0.05,0.03,1.5,TSI_warp,0.9995315074920654
electricity,random-reset,phase8,na,n0.05_m0.03_w1.5,0.05,0.03,1.5,GSP_noise,-0.01855524629354477
electricity,random-reset,phase8,na,n0.05_m0.03_w1.5,0.05,0.03,1.5,GSP_mask,0.0003571063280105591
electricity,random-reset,phase8,na,n0.05_m0.03_w1.5,0.05,0.03,1.5,GSP_warp,-0.012039773166179657
electricity,random-reset,stl,p24_k4,n0.05_m0.03_w1.5,0.05,0.03,1.5,LCS_clean,-0.022040951997041702
electricity,random-reset,stl,p24_k4,n0.05_m0.03_w1.5,0.05,0.03,1.5,LCS_noise,-0.012318268418312073
electricity,random-reset,stl,p24_k4,n0.05_m0.03_w1.5,0.05,0.03,1.5,LCS_mask,-0.021682634949684143
electricity,random-reset,stl,p24_k4,n0.05_m0.03_w1.5,0.05,0.03,1.5,LCS_warp,-0.01569216325879097
electricity,random-reset,stl,p24_k4,n0.05_m0.03_w1.5,0.05,0.03,1.5,TSI_noise,0.9999200105667114
electricity,random-reset,stl,p24_k4,n0.05_m0.03_w1.5,0.05,0.03,1.5,TSI_mask,0.9999942779541016
electricity,random-reset,stl,p24_k4,n0.05_m0.03_w1.5,0.05,0.03,1.5,TSI_warp,0.9995315074920654
electricity,random-reset,stl,p24_k4,n0.05_m0.03_w1.5,0.05,0.03,1.5,GSP_noise,-0.00972268357872963
electricity,random-reset,stl,p24_k4,n0.05_m0.03_w1.5,0.05,0.03,1.5,GSP_mask,-0.0003583170473575592
electricity,random-reset,stl,p24_k4,n0.05_m0.03_w1.5,0.05,0.03,1.5,GSP_warp,-0.006348788738250732
electricity,random-reset,stl,p24_k8,n0.05_m0.03_w1.5,0.05,0.03,1.5,LCS_clean,-0.03387261554598808
electricity,random-reset,stl,p24_k8,n0.05_m0.03_w1.5,0.05,0.03,1.5,LCS_noise,-0.025146842002868652
electricity,random-reset,stl,p24_k8,n0.05_m0.03_w1.5,0.05,0.03,1.5,LCS_mask,-0.03356688469648361
electricity,random-reset,stl,p24_k8,n0.05_m0.03_w1.5,0.05,0.03,1.5,LCS_warp,-0.025534942746162415
electricity,random-reset,stl,p24_k8,n0.05_m0.03_w1.5,0.05,0.03,1.5,TSI_noise,0.9999200105667114
electricity,random-reset,stl,p24_k8,n0.05_m0.03_w1.5,0.05,0.03,1.5,TSI_mask,0.9999942779541016
electricity,random-reset,stl,p24_k8,n0.05_m0.03_w1.5,0.05,0.03,1.5,TSI_warp,0.9995315074920654
electricity,random-reset,stl,p24_k8,n0.05_m0.03_w1.5,0.05,0.03,1.5,GSP_noise,-0.00872577354311943
electricity,random-reset,stl,p24_k8,n0.05_m0.03_w1.5,0.05,0.03,1.5,GSP_mask,-0.0003057308495044708
electricity,random-reset,stl,p24_k8,n0.05_m0.03_w1.5,0.05,0.03,1.5,GSP_warp,-0.008337672799825668
electricity,random-reset,stl,p24_k12,n0.05_m0.03_w1.5,0.05,0.03,1.5,LCS_clean,-0.18947455286979675
electricity,random-reset,stl,p24_k12,n0.05_m0.03_w1.5,0.05,0.03,1.5,LCS_noise,-0.18457642197608948
electricity,random-reset,stl,p24_k12,n0.05_m0.03_w1.5,0.05,0.03,1.5,LCS_mask,-0.1895086020231247
electricity,random-reset,stl,p24_k12,n0.05_m0.03_w1.5,0.05,0.03,1.5,LCS_warp,-0.21932974457740784
electricity,random-reset,stl,p24_k12,n0.05_m0.03_w1.5,0.05,0.03,1.5,TSI_noise,0.9999200105667114
electricity,random-reset,stl,p24_k12,n0.05_m0.03_w1.5,0.05,0.03,1.5,TSI_mask,0.9999942779541016
electricity,random-reset,stl,p24_k12,n0.05_m0.03_w1.5,0.05,0.03,1.5,TSI_warp,0.9995315074920654
electricity,random-reset,stl,p24_k12,n0.05_m0.03_w1.5,0.05,0.03,1.5,GSP_noise,-0.004898130893707275
electricity,random-reset,stl,p24_k12,n0.05_m0.03_w1.5,0.05,0.03,1.5,GSP_mask,3.4049153327941895e-05
electricity,random-reset,stl,p24_k12,n0.05_m0.03_w1.5,0.05,0.03,1.5,GSP_warp,0.029855191707611084
electricity,random-reset,stl,p48_k4,n0.05_m0.03_w1.5,0.05,0.03,1.5,LCS_clean,-0.029753893613815308
electricity,random-reset,stl,p48_k4,n0.05_m0.03_w1.5,0.05,0.03,1.5,LCS_noise,-0.02371339686214924
electricity,random-reset,stl,p48_k4,n0.05_m0.03_w1.5,0.05,0.03,1.5,LCS_mask,-0.029466815292835236
electricity,random-reset,stl,p48_k4,n0.05_m0.03_w1.5,0.05,0.03,1.5,LCS_warp,-0.03258371353149414
electricity,random-reset,stl,p48_k4,n0.05_m0.03_w1.5,0.05,0.03,1.5,TSI_noise,0.9999200105667114
electricity,random-reset,stl,p48_k4,n0.05_m0.03_w1.5,0.05,0.03,1.5,TSI_mask,0.9999942779541016
electricity,random-reset,stl,p48_k4,n0.05_m0.03_w1.5,0.05,0.03,1.5,TSI_warp,0.9995315074920654
electricity,random-reset,stl,p48_k4,n0.05_m0.03_w1.5,0.05,0.03,1.5,GSP_noise,-0.006040496751666069
electricity,random-reset,stl,p48_k4,n0.05_m0.03_w1.5,0.05,0.03,1.5,GSP_mask,-0.000287078320980072
electricity,random-reset,stl,p48_k4,n0.05_m0.03_w1.5,0.05,0.03,1.5,GSP_warp,0.002829819917678833
electricity,random-reset,stl,p48_k8,n0.05_m0.03_w1.5,0.05,0.03,1.5,LCS_clean,-0.20137032866477966
electricity,random-reset,stl,p48_k8,n0.05_m0.03_w1.5,0.05,0.03,1.5,LCS_noise,-0.1962186098098755
electricity,random-reset,stl,p48_k8,n0.05_m0.03_w1.5,0.05,0.03,1.5,LCS_mask,-0.20164170861244202
electricity,random-reset,stl,p48_k8,n0.05_m0.03_w1.5,0.05,0.03,1.5,LCS_warp,-0.2212778925895691
electricity,random-reset,stl,p48_k8,n0.05_m0.03_w1.5,0.05,0.03,1.5,TSI_noise,0.9999200105667114
electricity,random-reset,stl,p48_k8,n0.05_m0.03_w1.5,0.05,0.03,1.5,TSI_mask,0.9999942779541016
electricity,random-reset,stl,p48_k8,n0.05_m0.03_w1.5,0.05,0.03,1.5,TSI_warp,0.9995315074920654
electricity,random-reset,stl,p48_k8,n0.05_m0.03_w1.5,0.05,0.03,1.5,GSP_noise,-0.005151718854904175
electricity,random-reset,stl,p48_k8,n0.05_m0.03_w1.5,0.05,0.03,1.5,GSP_mask,0.0002713799476623535
electricity,random-reset,stl,p48_k8,n0.05_m0.03_w1.5,0.05,0.03,1.5,GSP_warp,0.01990756392478943
electricity,random-reset,stl,p48_k12,n0.05_m0.03_w1.5,0.05,0.03,1.5,LCS_clean,-0.1944175660610199
electricity,random-reset,stl,p48_k12,n0.05_m0.03_w1.5,0.05,0.03,1.5,LCS_noise,-0.19251246750354767
electricity,random-reset,stl,p48_k12,n0.05_m0.03_w1.5,0.05,0.03,1.5,LCS_mask,-0.194909930229187
electricity,random-reset,stl,p48_k12,n0.05_m0.03_w1.5,0.05,0.03,1.5,LCS_warp,-0.21646475791931152
electricity,random-reset,stl,p48_k12,n0.05_m0.03_w1.5,0.05,0.03,1.5,TSI_noise,0.9999200105667114
electricity,random-reset,stl,p48_k12,n0.05_m0.03_w1.5,0.05,0.03,1.5,TSI_mask,0.9999942779541016
electricity,random-reset,stl,p48_k12,n0.05_m0.03_w1.5,0.05,0.03,1.5,TSI_warp,0.9995315074920654
electricity,random-reset,stl,p48_k12,n0.05_m0.03_w1.5,0.05,0.03,1.5,GSP_noise,-0.001905098557472229
electricity,random-reset,stl,p48_k12,n0.05_m0.03_w1.5,0.05,0.03,1.5,GSP_mask,0.0004923641681671143
electricity,random-reset,stl,p48_k12,n0.05_m0.03_w1.5,0.05,0.03,1.5,GSP_warp,0.022047191858291626
electricity,random-reset,stl,p96_k4,n0.05_m0.03_w1.5,0.05,0.03,1.5,LCS_clean,-0.23525123298168182
electricity,random-reset,stl,p96_k4,n0.05_m0.03_w1.5,0.05,0.03,1.5,LCS_noise,-0.22324979305267334
electricity,random-reset,stl,p96_k4,n0.05_m0.03_w1.5,0.05,0.03,1.5,LCS_mask,-0.23536913096904755
electricity,random-reset,stl,p96_k4,n0.05_m0.03_w1.5,0.05,0.03,1.5,LCS_warp,-0.24708321690559387
electricity,random-reset,stl,p96_k4,n0.05_m0.03_w1.5,0.05,0.03,1.5,TSI_noise,0.9999200105667114
electricity,random-reset,stl,p96_k4,n0.05_m0.03_w1.5,0.05,0.03,1.5,TSI_mask,0.9999942779541016
electricity,random-reset,stl,p96_k4,n0.05_m0.03_w1.5,0.05,0.03,1.5,TSI_warp,0.9995315074920654
electricity,random-reset,stl,p96_k4,n0.05_m0.03_w1.5,0.05,0.03,1.5,GSP_noise,-0.012001439929008484
electricity,random-reset,stl,p96_k4,n0.05_m0.03_w1.5,0.05,0.03,1.5,GSP_mask,0.00011789798736572266
electricity,random-reset,stl,p96_k4,n0.05_m0.03_w1.5,0.05,0.03,1.5,GSP_warp,0.011831983923912048
electricity,random-reset,stl,p96_k8,n0.05_m0.03_w1.5,0.05,0.03,1.5,LCS_clean,-0.2340952455997467
electricity,random-reset,stl,p96_k8,n0.05_m0.03_w1.5,0.05,0.03,1.5,LCS_noise,-0.22204765677452087
electricity,random-reset,stl,p96_k8,n0.05_m0.03_w1.5,0.05,0.03,1.5,LCS_mask,-0.23422515392303467
electricity,random-reset,stl,p96_k8,n0.05_m0.03_w1.5,0.05,0.03,1.5,LCS_warp,-0.2460053265094757
electricity,random-reset,stl,p96_k8,n0.05_m0.03_w1.5,0.05,0.03,1.5,TSI_noise,0.9999200105667114
electricity,random-reset,stl,p96_k8,n0.05_m0.03_w1.5,0.05,0.03,1.5,TSI_mask,0.9999942779541016
electricity,random-reset,stl,p96_k8,n0.05_m0.03_w1.5,0.05,0.03,1.5,TSI_warp,0.9995315074920654
electricity,random-reset,stl,p96_k8,n0.05_m0.03_w1.5,0.05,0.03,1.5,GSP_noise,-0.01204758882522583
electricity,random-reset,stl,p96_k8,n0.05_m0.03_w1.5,0.05,0.03,1.5,GSP_mask,0.00012990832328796387
electricity,random-reset,stl,p96_k8,n0.05_m0.03_w1.5,0.05,0.03,1.5,GSP_warp,0.011910080909729004
electricity,random-reset,stl,p96_k12,n0.05_m0.03_w1.5,0.05,0.03,1.5,LCS_clean,-0.22849425673484802
electricity,random-reset,stl,p96_k12,n0.05_m0.03_w1.5,0.05,0.03,1.5,LCS_noise,-0.2176423817873001
electricity,random-reset,stl,p96_k12,n0.05_m0.03_w1.5,0.05,0.03,1.5,LCS_mask,-0.2288205623626709
electricity,random-reset,stl,p96_k12,n0.05_m0.03_w1.5,0.05,0.03,1.5,LCS_warp,-0.24285224080085754
electricity,random-reset,stl,p96_k12,n0.05_m0.03_w1.5,0.05,0.03,1.5,TSI_noise,0.9999200105667114
electricity,random-reset,stl,p96_k12,n0.05_m0.03_w1.5,0.05,0.03,1.5,TSI_mask,0.9999942779541016
electricity,random-reset,stl,p96_k12,n0.05_m0.03_w1.5,0.05,0.03,1.5,TSI_warp,0.9995315074920654
electricity,random-reset,stl,p96_k12,n0.05_m0.03_w1.5,0.05,0.03,1.5,GSP_noise,-0.010851874947547913
electricity,random-reset,stl,p96_k12,n0.05_m0.03_w1.5,0.05,0.03,1.5,GSP_mask,0.000326305627822876
electricity,random-reset,stl,p96_k12,n0.05_m0.03_w1.5,0.05,0.03,1.5,GSP_warp,0.014357984066009521
electricity,random-reset,phase8,na,n0.05_m0.03_w2,0.05,0.03,2.0,LCS_clean,-0.0685289204120636
electricity,random-reset,phase8,na,n0.05_m0.03_w2,0.05,0.03,2.0,LCS_noise,-0.050603218376636505
electricity,random-reset,phase8,na,n0.05_m0.03_w2,0.05,0.03,2.0,LCS_mask,-0.0684216320514679
electricity,random-reset,phase8,na,n0.05_m0.03_w2,0.05,0.03,2.0,LCS_warp,-0.04821225628256798
electricity,random-reset,phase8,na,n0.05_m0.03_w2,0.05,0.03,2.0,TSI_noise,0.9999268054962158
electricity,random-reset,phase8,na,n0.05_m0.03_w2,0.05,0.03,2.0,TSI_mask,0.9999948740005493
electricity,random-reset,phase8,na,n0.05_m0.03_w2,0.05,0.03,2.0,TSI_warp,0.9992458820343018
electricity,random-reset,phase8,na,n0.05_m0.03_w2,0.05,0.03,2.0,GSP_noise,-0.017925702035427094
electricity,random-reset,phase8,na,n0.05_m0.03_w2,0.05,0.03,2.0,GSP_mask,-0.00010728836059570312
electricity,random-reset,phase8,na,n0.05_m0.03_w2,0.05,0.03,2.0,GSP_warp,-0.02031666412949562
electricity,random-reset,stl,p24_k4,n0.05_m0.03_w2,0.05,0.03,2.0,LCS_clean,-0.022040951997041702
electricity,random-reset,stl,p24_k4,n0.05_m0.03_w2,0.05,0.03,2.0,LCS_noise,-0.012927510775625706
electricity,random-reset,stl,p24_k4,n0.05_m0.03_w2,0.05,0.03,2.0,LCS_mask,-0.022015206515789032
electricity,random-reset,stl,p24_k4,n0.05_m0.03_w2,0.05,0.03,2.0,LCS_warp,-0.016099920496344566
electricity,random-reset,stl,p24_k4,n0.05_m0.03_w2,0.05,0.03,2.0,TSI_noise,0.9999268054962158
electricity,random-reset,stl,p24_k4,n0.05_m0.03_w2,0.05,0.03,2.0,TSI_mask,0.9999948740005493
electricity,random-reset,stl,p24_k4,n0.05_m0.03_w2,0.05,0.03,2.0,TSI_warp,0.9992458820343018
electricity,random-reset,stl,p24_k4,n0.05_m0.03_w2,0.05,0.03,2.0,GSP_noise,-0.009113441221415997
electricity,random-reset,stl,p24_k4,n0.05_m0.03_w2,0.05,0.03,2.0,GSP_mask,-2.5745481252670288e-05
electricity,random-reset,stl,p24_k4,n0.05_m0.03_w2,0.05,0.03,2.0,GSP_warp,-0.005941031500697136
electricity,random-reset,stl,p24_k8,n0.05_m0.03_w2,0.05,0.03,2.0,LCS_clean,-0.03387261554598808
electricity,random-reset,stl,p24_k8,n0.05_m0.03_w2,0.05,0.03,2.0,LCS_noise,-0.025201795622706413
electricity,random-reset,stl,p24_k8,n0.05_m0.03_w2,0.05,0.03,2.0,LCS_mask,-0.033850230276584625
electricity,random-reset,stl,p24_k8,n0.05_m0.03_w2,0.05,0.03,2.0,LCS_warp,-0.027652090415358543
electricity,random-reset,stl,p24_k8,n0.05_m0.03_w2,0.05,0.03,2.0,TSI_noise,0.9999268054962158
electricity,random-reset,stl,p24_k8,n0.05_m0.03_w2,0.05,0.03,2.0,TSI_mask,0.9999948740005493
electricity,random-reset,stl,p24_k8,n0.05_m0.03_w2,0.05,0.03,2.0,TSI_warp,0.9992458820343018
electricity,random-reset,stl,p24_k8,n0.05_m0.03_w2,0.05,0.03,2.0,GSP_noise,-0.00867081992328167
electricity,random-reset,stl,p24_k8,n0.05_m0.03_w2,0.05,0.03,2.0,GSP_mask,-2.238526940345764e-05
electricity,random-reset,stl,p24_k8,n0.05_m0.03_w2,0.05,0.03,2.0,GSP_warp,-0.0062205251306295395
electricity,random-reset,stl,p24_k12,n0.05_m0.03_w2,0.05,0.03,2.0,LCS_clean,-0.18947455286979675
electricity,random-reset,stl,p24_k12,n0.05_m0.03_w2,0.05,0.03,2.0,LCS_noise,-0.18605351448059082
electricity,random-reset,stl,p24_k12,n0.05_m0.03_w2,0.05,0.03,2.0,LCS_mask,-0.19000619649887085
electricity,random-reset,stl,p24_k12,n0.05_m0.03_w2,0.05,0.03,2.0,LCS_warp,-0.23169830441474915
electricity,random-reset,stl,p24_k12,n0.05_m0.03_w2,0.05,0.03,2.0,TSI_noise,0.9999268054962158
electricity,random-reset,stl,p24_k12,n0.05_m0.03_w2,0.05,0.03,2.0,TSI_mask,0.9999948740005493
electricity,random-reset,stl,p24_k12,n0.05_m0.03_w2,0.05,0.03,2.0,TSI_warp,0.9992458820343018
electricity,random-reset,stl,p24_k12,n0.05_m0.03_w2,0.05,0.03,2.0,GSP_noise,-0.0034210383892059326
electricity,random-reset,stl,p24_k12,n0.05_m0.03_w2,0.05,0.03,2.0,GSP_mask,0.0005316436290740967
electricity,random-reset,stl,p24_k12,n0.05_m0.03_w2,0.05,0.03,2.0,GSP_warp,0.04222375154495239
electricity,random-reset,stl,p48_k4,n0.05_m0.03_w2,0.05,0.03,2.0,LCS_clean,-0.029753893613815308
electricity,random-reset,stl,p48_k4,n0.05_m0.03_w2,0.05,0.03,2.0,LCS_noise,-0.023287221789360046
electricity,random-reset,stl,p48_k4,n0.05_m0.03_w2,0.05,0.03,2.0,LCS_mask,-0.029712505638599396
electricity,random-reset,stl,p48_k4,n0.05_m0.03_w2,0.05,0.03,2.0,LCS_warp,-0.022907746955752373
electricity,random-reset,stl,p48_k4,n0.05_m0.03_w2,0.05,0.03,2.0,TSI_noise,0.9999268054962158
electricity,random-reset,stl,p48_k4,n0.05_m0.03_w2,0.05,0.03,2.0,TSI_mask,0.9999948740005493
electricity,random-reset,stl,p48_k4,n0.05_m0.03_w2,0.05,0.03,2.0,TSI_warp,0.9992458820343018
electricity,random-reset,stl,p48_k4,n0.05_m0.03_w2,0.05,0.03,2.0,GSP_noise,-0.006466671824455261
electricity,random-reset,stl,p48_k4,n0.05_m0.03_w2,0.05,0.03,2.0,GSP_mask,-4.1387975215911865e-05
electricity,random-reset,stl,p48_k4,n0.05_m0.03_w2,0.05,0.03,2.0,GSP_warp,-0.006846146658062935
electricity,random-reset,stl,p48_k8,n0.05_m0.03_w2,0.05,0.03,2.0,LCS_clean,-0.20137032866477966
electricity,random-reset,stl,p48_k8,n0.05_m0.03_w2,0.05,0.03,2.0,LCS_noise,-0.1969769150018692
electricity,random-reset,stl,p48_k8,n0.05_m0.03_w2,0.05,0.03,2.0,LCS_mask,-0.20145025849342346
electricity,random-reset,stl,p48_k8,n0.05_m0.03_w2,0.05,0.03,2.0,LCS_warp,-0.23326288163661957
electricity,random-reset,stl,p48_k8,n0.05_m0.03_w2,0.05,0.03,2.0,TSI_noise,0.9999268054962158
electricity,random-reset,stl,p48_k8,n0.05_m0.03_w2,0.05,0.03,2.0,TSI_mask,0.9999948740005493
electricity,random-reset,stl,p48_k8,n0.05_m0.03_w2,0.05,0.03,2.0,TSI_warp,0.9992458820343018
electricity,random-reset,stl,p48_k8,n0.05_m0.03_w2,0.05,0.03,2.0,GSP_noise,-0.004393413662910461
electricity,random-reset,stl,p48_k8,n0.05_m0.03_w2,0.05,0.03,2.0,GSP_mask,7.992982864379883e-05
electricity,random-reset,stl,p48_k8,n0.05_m0.03_w2,0.05,0.03,2.0,GSP_warp,0.031892552971839905
electricity,random-reset,stl,p48_k12,n0.05_m0.03_w2,0.05,0.03,2.0,LCS_clean,-0.1944175660610199
electricity,random-reset,stl,p48_k12,n0.05_m0.03_w2,0.05,0.03,2.0,LCS_noise,-0.19336090981960297
electricity,random-reset,stl,p48_k12,n0.05_m0.03_w2,0.05,0.03,2.0,LCS_mask,-0.19448471069335938
electricity,random-reset,stl,p48_k12,n0.05_m0.03_w2,0.05,0.03,2.0,LCS_warp,-0.23009520769119263
electricity,random-reset,stl,p48_k12,n0.05_m0.03_w2,0.05,0.03,2.0,TSI_noise,0.9999268054962158
electricity,random-reset,stl,p48_k12,n0.05_m0.03_w2,0.05,0.03,2.0,TSI_mask,0.9999948740005493
electricity,random-reset,stl,p48_k12,n0.05_m0.03_w2,0.05,0.03,2.0,TSI_warp,0.9992458820343018
electricity,random-reset,stl,p48_k12,n0.05_m0.03_w2,0.05,0.03,2.0,GSP_noise,-0.0010566562414169312
electricity,random-reset,stl,p48_k12,n0.05_m0.03_w2,0.05,0.03,2.0,GSP_mask,6.714463233947754e-05
electricity,random-reset,stl,p48_k12,n0.05_m0.03_w2,0.05,0.03,2.0,GSP_warp,0.03567764163017273
electricity,random-reset,stl,p96_k4,n0.05_m0.03_w2,0.05,0.03,2.0,LCS_clean,-0.23525123298168182
electricity,random-reset,stl,p96_k4,n0.05_m0.03_w2,0.05,0.03,2.0,LCS_noise,-0.2244647592306137
electricity,random-reset,stl,p96_k4,n0.05_m0.03_w2,0.05,0.03,2.0,LCS_mask,-0.2353178858757019
electricity,random-reset,stl,p96_k4,n0.05_m0.03_w2,0.05,0.03,2.0,LCS_warp,-0.2550792694091797
electricity,random-reset,stl,p96_k4,n0.05_m0.03_w2,0.05,0.03,2.0,TSI_noise,0.9999268054962158
electricity,random-reset,stl,p96_k4,n0.05_m0.03_w2,0.05,0.03,2.0,TSI_mask,0.9999948740005493
electricity,random-reset,stl,p96_k4,n0.05_m0.03_w2,0.05,0.03,2.0,TSI_warp,0.9992458820343018
electricity,random-reset,stl,p96_k4,n0.05_m0.03_w2,0.05,0.03,2.0,GSP_noise,-0.010786473751068115
electricity,random-reset,stl,p96_k4,n0.05_m0.03_w2,0.05,0.03,2.0,GSP_mask,6.665289402008057e-05
electricity,random-reset,stl,p96_k4,n0.05_m0.03_w2,0.05,0.03,2.0,GSP_warp,0.019828036427497864
electricity,random-reset,stl,p96_k8,n0.05_m0.03_w2,0.05,0.03,2.0,LCS_clean,-0.2340952455997467
electricity,random-reset,stl,p96_k8,n0.05_m0.03_w2,0.05,0.03,2.0,LCS_noise,-0.222914457321167
electricity,random-reset,stl,p96_k8,n0.05_m0.03_w2,0.05,0.03,2.0,LCS_mask,-0.23414850234985352
electricity,random-reset,stl,p96_k8,n0.05_m0.03_w2,0.05,0.03,2.0,LCS_warp,-0.25427696108818054
electricity,random-reset,stl,p96_k8,n0.05_m0.03_w2,0.05,0.03,2.0,TSI_noise,0.9999268054962158
electricity,random-reset,stl,p96_k8,n0.05_m0.03_w2,0.05,0.03,2.0,TSI_mask,0.9999948740005493
electricity,random-reset,stl,p96_k8,n0.05_m0.03_w2,0.05,0.03,2.0,TSI_warp,0.9992458820343018
electricity,random-reset,stl,p96_k8,n0.05_m0.03_w2,0.05,0.03,2.0,GSP_noise,-0.011180788278579712
electricity,random-reset,stl,p96_k8,n0.05_m0.03_w2,0.05,0.03,2.0,GSP_mask,5.3256750106811523e-05
electricity,random-reset,stl,p96_k8,n0.05_m0.03_w2,0.05,0.03,2.0,GSP_warp,0.020181715488433838
electricity,random-reset,stl,p96_k12,n0.05_m0.03_w2,0.05,0.03,2.0,LCS_clean,-0.22849425673484802
electricity,random-reset,stl,p96_k12,n0.05_m0.03_w2,0.05,0.03,2.0,LCS_noise,-0.2187972068786621
electricity,random-reset,stl,p96_k12,n0.05_m0.03_w2,0.05,0.03,2.0,LCS_mask,-0.2286914587020874
electricity,random-reset,stl,p96_k12,n0.05_m0.03_w2,0.05,0.03,2.0,LCS_warp,-0.2534201145172119
electricity,random-reset,stl,p96_k12,n0.05_m0.03_w2,0.05,0.03,2.0,TSI_noise,0.9999268054962158
electricity,random-reset,stl,p96_k12,n0.05_m0.03_w2,0.05,0.03,2.0,TSI_mask,0.9999948740005493
electricity,random-reset,stl,p96_k12,n0.05_m0.03_w2,0.05,0.03,2.0,TSI_warp,0.9992458820343018
electricity,random-reset,stl,p96_k12,n0.05_m0.03_w2,0.05,0.03,2.0,GSP_noise,-0.009697049856185913
electricity,random-reset,stl,p96_k12,n0.05_m0.03_w2,0.05,0.03,2.0,GSP_mask,0.00019720196723937988
electricity,random-reset,stl,p96_k12,n0.05_m0.03_w2,0.05,0.03,2.0,GSP_warp,0.02492585778236389
electricity,random-reset,phase8,na,n0.05_m0.03_w3,0.05,0.03,3.0,LCS_clean,-0.0685289204120636
electricity,random-reset,phase8,na,n0.05_m0.03_w3,0.05,0.03,3.0,LCS_noise,-0.05049097537994385
electricity,random-reset,phase8,na,n0.05_m0.03_w3,0.05,0.03,3.0,LCS_mask,-0.06856779754161835
electricity,random-reset,phase8,na,n0.05_m0.03_w3,0.05,0.03,3.0,LCS_warp,-0.048575252294540405
electricity,random-reset,phase8,na,n0.05_m0.03_w3,0.05,0.03,3.0,TSI_noise,0.9999189972877502
electricity,random-reset,phase8,na,n0.05_m0.03_w3,0.05,0.03,3.0,TSI_mask,0.999995231628418
electricity,random-reset,phase8,na,n0.05_m0.03_w3,0.05,0.03,3.0,TSI_warp,0.9990338683128357
electricity,random-reset,phase8,na,n0.05_m0.03_w3,0.05,0.03,3.0,GSP_noise,-0.01803794503211975
electricity,random-reset,phase8,na,n0.05_m0.03_w3,0.05,0.03,3.0,GSP_mask,3.8877129554748535e-05
electricity,random-reset,phase8,na,n0.05_m0.03_w3,0.05,0.03,3.0,GSP_warp,-0.019953668117523193
electricity,random-reset,stl,p24_k4,n0.05_m0.03_w3,0.05,0.03,3.0,LCS_clean,-0.022040951997041702
electricity,random-reset,stl,p24_k4,n0.05_m0.03_w3,0.05,0.03,3.0,LCS_noise,-0.012232965789735317
electricity,random-reset,stl,p24_k4,n0.05_m0.03_w3,0.05,0.03,3.0,LCS_mask,-0.022018883377313614
electricity,random-reset,stl,p24_k4,n0.05_m0.03_w3,0.05,0.03,3.0,LCS_warp,-0.02326548844575882
electricity,random-reset,stl,p24_k4,n0.05_m0.03_w3,0.05,0.03,3.0,TSI_noise,0.9999189972877502
electricity,random-reset,stl,p24_k4,n0.05_m0.03_w3,0.05,0.03,3.0,TSI_mask,0.999995231628418
electricity,random-reset,stl,p24_k4,n0.05_m0.03_w3,0.05,0.03,3.0,TSI_warp,0.9990338683128357
electricity,random-reset,stl,p24_k4,n0.05_m0.03_w3,0.05,0.03,3.0,GSP_noise,-0.009807986207306385
electricity,random-reset,stl,p24_k4,n0.05_m0.03_w3,0.05,0.03,3.0,GSP_mask,-2.206861972808838e-05
electricity,random-reset,stl,p24_k4,n0.05_m0.03_w3,0.05,0.03,3.0,GSP_warp,0.0012245364487171173
electricity,random-reset,stl,p24_k8,n0.05_m0.03_w3,0.05,0.03,3.0,LCS_clean,-0.03387261554598808
electricity,random-reset,stl,p24_k8,n0.05_m0.03_w3,0.05,0.03,3.0,LCS_noise,-0.024420209228992462
electricity,random-reset,stl,p24_k8,n0.05_m0.03_w3,0.05,0.03,3.0,LCS_mask,-0.03355642780661583
electricity,random-reset,stl,p24_k8,n0.05_m0.03_w3,0.05,0.03,3.0,LCS_warp,-0.036711543798446655
electricity,random-reset,stl,p24_k8,n0.05_m0.03_w3,0.05,0.03,3.0,TSI_noise,0.9999189972877502
electricity,random-reset,stl,p24_k8,n0.05_m0.03_w3,0.05,0.03,3.0,TSI_mask,0.999995231628418
electricity,random-reset,stl,p24_k8,n0.05_m0.03_w3,0.05,0.03,3.0,TSI_warp,0.9990338683128357
electricity,random-reset,stl,p24_k8,n0.05_m0.03_w3,0.05,0.03,3.0,GSP_noise,-0.00945240631699562
electricity,random-reset,stl,p24_k8,n0.05_m0.03_w3,0.05,0.03,3.0,GSP_mask,-0.0003161877393722534
electricity,random-reset,stl,p24_k8,n0.05_m0.03_w3,0.05,0.03,3.0,GSP_warp,0.0028389282524585724
electricity,random-reset,stl,p24_k12,n0.05_m0.03_w3,0.05,0.03,3.0,LCS_clean,-0.18947455286979675
electricity,random-reset,stl,p24_k12,n0.05_m0.03_w3,0.05,0.03,3.0,LCS_noise,-0.1835503727197647
electricity,random-reset,stl,p24_k12,n0.05_m0.03_w3,0.05,0.03,3.0,LCS_mask,-0.18954971432685852
electricity,random-reset,stl,p24_k12,n0.05_m0.03_w3,0.05,0.03,3.0,LCS_warp,-0.22482717037200928
electricity,random-reset,stl,p24_k12,n0.05_m0.03_w3,0.05,0.03,3.0,TSI_noise,0.9999189972877502
electricity,random-reset,stl,p24_k12,n0.05_m0.03_w3,0.05,0.03,3.0,TSI_mask,0.999995231628418
electricity,random-reset,stl,p24_k12,n0.05_m0.03_w3,0.05,0.03,3.0,TSI_warp,0.9990338683128357
electricity,random-reset,stl,p24_k12,n0.05_m0.03_w3,0.05,0.03,3.0,GSP_noise,-0.0059241801500320435
electricity,random-reset,stl,p24_k12,n0.05_m0.03_w3,0.05,0.03,3.0,GSP_mask,7.516145706176758e-05
electricity,random-reset,stl,p24_k12,n0.05_m0.03_w3,0.05,0.03,3.0,GSP_warp,0.035352617502212524
electricity,random-reset,stl,p48_k4,n0.05_m0.03_w3,0.05,0.03,3.0,LCS_clean,-0.029753893613815308
electricity,random-reset,stl,p48_k4,n0.05_m0.03_w3,0.05,0.03,3.0,LCS_noise,-0.024823490530252457
electricity,random-reset,stl,p48_k4,n0.05_m0.03_w3,0.05,0.03,3.0,LCS_mask,-0.02994183450937271
electricity,random-reset,stl,p48_k4,n0.05_m0.03_w3,0.05,0.03,3.0,LCS_warp,-0.030113421380519867
electricity,random-reset,stl,p48_k4,n0.05_m0.03_w3,0.05,0.03,3.0,TSI_noise,0.9999189972877502
electricity,random-reset,stl,p48_k4,n0.05_m0.03_w3,0.05,0.03,3.0,TSI_mask,0.999995231628418
electricity,random-reset,stl,p48_k4,n0.05_m0.03_w3,0.05,0.03,3.0,TSI_warp,0.9990338683128357
electricity,random-reset,stl,p48_k4,n0.05_m0.03_w3,0.05,0.03,3.0,GSP_noise,-0.004930403083562851
electricity,random-reset,stl,p48_k4,n0.05_m0.03_w3,0.05,0.03,3.0,GSP_mask,0.00018794089555740356
electricity,random-reset,stl,p48_k4,n0.05_m0.03_w3,0.05,0.03,3.0,GSP_warp,0.0003595277667045593
electricity,random-reset,stl,p48_k8,n0.05_m0.03_w3,0.05,0.03,3.0,LCS_clean,-0.20137032866477966
electricity,random-reset,stl,p48_k8,n0.05_m0.03_w3,0.05,0.03,3.0,LCS_noise,-0.19649967551231384
electricity,random-reset,stl,p48_k8,n0.05_m0.03_w3,0.05,0.03,3.0,LCS_mask,-0.20146650075912476
electricity,random-reset,stl,p48_k8,n0.05_m0.03_w3,0.05,0.03,3.0,LCS_warp,-0.22972004115581512
electricity,random-reset,stl,p48_k8,n0.05_m0.03_w3,0.05,0.03,3.0,TSI_noise,0.9999189972877502
electricity,random-reset,stl,p48_k8,n0.05_m0.03_w3,0.05,0.03,3.0,TSI_mask,0.999995231628418
electricity,random-reset,stl,p48_k8,n0.05_m0.03_w3,0.05,0.03,3.0,TSI_warp,0.9990338683128357
electricity,random-reset,stl,p48_k8,n0.05_m0.03_w3,0.05,0.03,3.0,GSP_noise,-0.00487065315246582
electricity,random-reset,stl,p48_k8,n0.05_m0.03_w3,0.05,0.03,3.0,GSP_mask,9.617209434509277e-05
electricity,random-reset,stl,p48_k8,n0.05_m0.03_w3,0.05,0.03,3.0,GSP_warp,0.02834971249103546
electricity,random-reset,stl,p48_k12,n0.05_m0.03_w3,0.05,0.03,3.0,LCS_clean,-0.1944175660610199
electricity,random-reset,stl,p48_k12,n0.05_m0.03_w3,0.05,0.03,3.0,LCS_noise,-0.1922447830438614
electricity,random-reset,stl,p48_k12,n0.05_m0.03_w3,0.05,0.03,3.0,LCS_mask,-0.1946173757314682
electricity,random-reset,stl,p48_k12,n0.05_m0.03_w3,0.05,0.03,3.0,LCS_warp,-0.22408154606819153
electricity,random-reset,stl,p48_k12,n0.05_m0.03_w3,0.05,0.03,3.0,TSI_noise,0.9999189972877502
electricity,random-reset,stl,p48_k12,n0.05_m0.03_w3,0.05,0.03,3.0,TSI_mask,0.999995231628418
electricity,random-reset,stl,p48_k12,n0.05_m0.03_w3,0.05,0.03,3.0,TSI_warp,0.9990338683128357
electricity,random-reset,stl,p48_k12,n0.05_m0.03_w3,0.05,0.03,3.0,GSP_noise,-0.0021727830171585083
electricity,random-reset,stl,p48_k12,n0.05_m0.03_w3,0.05,0.03,3.0,GSP_mask,0.00019980967044830322
electricity,random-reset,stl,p48_k12,n0.05_m0.03_w3,0.05,0.03,3.0,GSP_warp,0.02966398000717163
electricity,random-reset,stl,p96_k4,n0.05_m0.03_w3,0.05,0.03,3.0,LCS_clean,-0.23525123298168182
electricity,random-reset,stl,p96_k4,n0.05_m0.03_w3,0.05,0.03,3.0,LCS_noise,-0.22309166193008423
electricity,random-reset,stl,p96_k4,n0.05_m0.03_w3,0.05,0.03,3.0,LCS_mask,-0.23529475927352905
electricity,random-reset,stl,p96_k4,n0.05_m0.03_w3,0.05,0.03,3.0,LCS_warp,-0.254133403301239
electricity,random-reset,stl,p96_k4,n0.05_m0.03_w3,0.05,0.03,3.0,TSI_noise,0.9999189972877502
electricity,random-reset,stl,p96_k4,n0.05_m0.03_w3,0.05,0.03,3.0,TSI_mask,0.999995231628418
electricity,random-reset,stl,p96_k4,n0.05_m0.03_w3,0.05,0.03,3.0,TSI_warp,0.9990338683128357
electricity,random-reset,stl,p96_k4,n0.05_m0.03_w3,0.05,0.03,3.0,GSP_noise,-0.012159571051597595
electricity,random-reset,stl,p96_k4,n0.05_m0.03_w3,0.05,0.03,3.0,GSP_mask,4.3526291847229004e-05
electricity,random-reset,stl,p96_k4,n0.05_m0.03_w3,0.05,0.03,3.0,GSP_warp,0.01888217031955719
electricity,random-reset,stl,p96_k8,n0.05_m0.03_w3,0.05,0.03,3.0,LCS_clean,-0.2340952455997467
electricity,random-reset,stl,p96_k8,n0.05_m0.03_w3,0.05,0.03,3.0,LCS_noise,-0.2219753861427307
electricity,random-reset,stl,p96_k8,n0.05_m0.03_w3,0.05,0.03,3.0,LCS_mask,-0.2340967059135437
electricity,random-reset,stl,p96_k8,n0.05_m0.03_w3,0.05,0.03,3.0,LCS_warp,-0.2572321891784668
electricity,random-reset,stl,p96_k8,n0.05_m0.03_w3,0.05,0.03,3.0,TSI_noise,0.9999189972877502
electricity,random-reset,stl,p96_k8,n0.05_m0.03_w3,0.05,0.03,3.0,TSI_mask,0.999995231628418
electricity,random-reset,stl,p96_k8,n0.05_m0.03_w3,0.05,0.03,3.0,TSI_warp,0.9990338683128357
electricity,random-reset,stl,p96_k8,n0.05_m0.03_w3,0.05,0.03,3.0,GSP_noise,-0.012119859457015991
electricity,random-reset,stl,p96_k8,n0.05_m0.03_w3,0.05,0.03,3.0,GSP_mask,1.4603137969970703e-06
electricity,random-reset,stl,p96_k8,n0.05_m0.03_w3,0.05,0.03,3.0,GSP_warp,0.023136943578720093
electricity,random-reset,stl,p96_k12,n0.05_m0.03_w3,0.05,0.03,3.0,LCS_clean,-0.22849425673484802
electricity,random-reset,stl,p96_k12,n0.05_m0.03_w3,0.05,0.03,3.0,LCS_noise,-0.21757471561431885
electricity,random-reset,stl,p96_k12,n0.05_m0.03_w3,0.05,0.03,3.0,LCS_mask,-0.2285892367362976
electricity,random-reset,stl,p96_k12,n0.05_m0.03_w3,0.05,0.03,3.0,LCS_warp,-0.2567344307899475
electricity,random-reset,stl,p96_k12,n0.05_m0.03_w3,0.05,0.03,3.0,TSI_noise,0.9999189972877502
electricity,random-reset,stl,p96_k12,n0.05_m0.03_w3,0.05,0.03,3.0,TSI_mask,0.999995231628418
electricity,random-reset,stl,p96_k12,n0.05_m0.03_w3,0.05,0.03,3.0,TSI_warp,0.9990338683128357
electricity,random-reset,stl,p96_k12,n0.05_m0.03_w3,0.05,0.03,3.0,GSP_noise,-0.010919541120529175
electricity,random-reset,stl,p96_k12,n0.05_m0.03_w3,0.05,0.03,3.0,GSP_mask,9.498000144958496e-05
electricity,random-reset,stl,p96_k12,n0.05_m0.03_w3,0.05,0.03,3.0,GSP_warp,0.028240174055099487
electricity,random-reset,phase8,na,n0.05_m0.05_w1.5,0.05,0.05,1.5,LCS_clean,-0.0685289204120636
electricity,random-reset,phase8,na,n0.05_m0.05_w1.5,0.05,0.05,1.5,LCS_noise,-0.05260832607746124
electricity,random-reset,phase8,na,n0.05_m0.05_w1.5,0.05,0.05,1.5,LCS_mask,-0.06768716871738434
electricity,random-reset,phase8,na,n0.05_m0.05_w1.5,0.05,0.05,1.5,LCS_warp,-0.0545201450586319
electricity,random-reset,phase8,na,n0.05_m0.05_w1.5,0.05,0.05,1.5,TSI_noise,0.9999246597290039
electricity,random-reset,phase8,na,n0.05_m0.05_w1.5,0.05,0.05,1.5,TSI_mask,0.9999920129776001
electricity,random-reset,phase8,na,n0.05_m0.05_w1.5,0.05,0.05,1.5,TSI_warp,0.9995619058609009
electricity,random-reset,phase8,na,n0.05_m0.05_w1.5,0.05,0.05,1.5,GSP_noise,-0.015920594334602356
electricity,random-reset,phase8,na,n0.05_m0.05_w1.5,0.05,0.05,1.5,GSP_mask,-0.0008417516946792603
electricity,random-reset,phase8,na,n0.05_m0.05_w1.5,0.05,0.05,1.5,GSP_warp,-0.014008775353431702
electricity,random-reset,stl,p24_k4,n0.05_m0.05_w1.5,0.05,0.05,1.5,LCS_clean,-0.022040951997041702
electricity,random-reset,stl,p24_k4,n0.05_m0.05_w1.5,0.05,0.05,1.5,LCS_noise,-0.013251354917883873
electricity,random-reset,stl,p24_k4,n0.05_m0.05_w1.5,0.05,0.05,1.5,LCS_mask,-0.022186312824487686
electricity,random-reset,stl,p24_k4,n0.05_m0.05_w1.5,0.05,0.05,1.5,LCS_warp,-0.017923686653375626
electricity,random-reset,stl,p24_k4,n0.05_m0.05_w1.5,0.05,0.05,1.5,TSI_noise,0.9999246597290039
electricity,random-reset,stl,p24_k4,n0.05_m0.05_w1.5,0.05,0.05,1.5,TSI_mask,0.9999920129776001
electricity,random-reset,stl,p24_k4,n0.05_m0.05_w1.5,0.05,0.05,1.5,TSI_warp,0.9995619058609009
electricity,random-reset,stl,p24_k4,n0.05_m0.05_w1.5,0.05,0.05,1.5,GSP_noise,-0.00878959707915783
electricity,random-reset,stl,p24_k4,n0.05_m0.05_w1.5,0.05,0.05,1.5,GSP_mask,0.0001453608274459839
electricity,random-reset,stl,p24_k4,n0.05_m0.05_w1.5,0.05,0.05,1.5,GSP_warp,-0.004117265343666077
electricity,random-reset,stl,p24_k8,n0.05_m0.05_w1.5,0.05,0.05,1.5,LCS_clean,-0.03387261554598808
electricity,random-reset,stl,p24_k8,n0.05_m0.05_w1.5,0.05,0.05,1.5,LCS_noise,-0.025721043348312378
electricity,random-reset,stl,p24_k8,n0.05_m0.05_w1.5,0.05,0.05,1.5,LCS_mask,-0.033551547676324844
electricity,random-reset,stl,p24_k8,n0.05_m0.05_w1.5,0.05,0.05,1.5,LCS_warp,-0.027416717261075974
electricity,random-reset,stl,p24_k8,n0.05_m0.05_w1.5,0.05,0.05,1.5,TSI_noise,0.9999246597290039
electricity,random-reset,stl,p24_k8,n0.05_m0.05_w1.5,0.05,0.05,1.5,TSI_mask,0.9999920129776001
electricity,random-reset,stl,p24_k8,n0.05_m0.05_w1.5,0.05,0.05,1.5,TSI_warp,0.9995619058609009
electricity,random-reset,stl,p24_k8,n0.05_m0.05_w1.5,0.05,0.05,1.5,GSP_noise,-0.008151572197675705
electricity,random-reset,stl,p24_k8,n0.05_m0.05_w1.5,0.05,0.05,1.5,GSP_mask,-0.0003210678696632385
electricity,random-reset,stl,p24_k8,n0.05_m0.05_w1.5,0.05,0.05,1.5,GSP_warp,-0.006455898284912109
electricity,random-reset,stl,p24_k12,n0.05_m0.05_w1.5,0.05,0.05,1.5,LCS_clean,-0.18947455286979675
electricity,random-reset,stl,p24_k12,n0.05_m0.05_w1.5,0.05,0.05,1.5,LCS_noise,-0.18509864807128906
electricity,random-reset,stl,p24_k12,n0.05_m0.05_w1.5,0.05,0.05,1.5,LCS_mask,-0.19008205831050873
electricity,random-reset,stl,p24_k12,n0.05_m0.05_w1.5,0.05,0.05,1.5,LCS_warp,-0.22467929124832153
electricity,random-reset,stl,p24_k12,n0.05_m0.05_w1.5,0.05,0.05,1.5,TSI_noise,0.9999246597290039
electricity,random-reset,stl,p24_k12,n0.05_m0.05_w1.5,0.05,0.05,1.5,TSI_mask,0.9999920129776001
electricity,random-reset,stl,p24_k12,n0.05_m0.05_w1.5,0.05,0.05,1.5,TSI_warp,0.9995619058609009
electricity,random-reset,stl,p24_k12,n0.05_m0.05_w1.5,0.05,0.05,1.5,GSP_noise,-0.00437590479850769
electricity,random-reset,stl,p24_k12,n0.05_m0.05_w1.5,0.05,0.05,1.5,GSP_mask,0.0006075054407119751
electricity,random-reset,stl,p24_k12,n0.05_m0.05_w1.5,0.05,0.05,1.5,GSP_warp,0.03520473837852478
electricity,random-reset,stl,p48_k4,n0.05_m0.05_w1.5,0.05,0.05,1.5,LCS_clean,-0.029753893613815308
electricity,random-reset,stl,p48_k4,n0.05_m0.05_w1.5,0.05,0.05,1.5,LCS_noise,-0.024867620319128036
electricity,random-reset,stl,p48_k4,n0.05_m0.05_w1.5,0.05,0.05,1.5,LCS_mask,-0.028918808326125145
electricity,random-reset,stl,p48_k4,n0.05_m0.05_w1.5,0.05,0.05,1.5,LCS_warp,-0.0267740897834301
electricity,random-reset,stl,p48_k4,n0.05_m0.05_w1.5,0.05,0.05,1.5,TSI_noise,0.9999246597290039
electricity,random-reset,stl,p48_k4,n0.05_m0.05_w1.5,0.05,0.05,1.5,TSI_mask,0.9999920129776001
electricity,random-reset,stl,p48_k4,n0.05_m0.05_w1.5,0.05,0.05,1.5,TSI_warp,0.9995619058609009
electricity,random-reset,stl,p48_k4,n0.05_m0.05_w1.5,0.05,0.05,1.5,GSP_noise,-0.004886273294687271
electricity,random-reset,stl,p48_k4,n0.05_m0.05_w1.5,0.05,0.05,1.5,GSP_mask,-0.0008350852876901627
electricity,random-reset,stl,p48_k4,n0.05_m0.05_w1.5,0.05,0.05,1.5,GSP_warp,-0.002979803830385208
electricity,random-reset,stl,p48_k8,n0.05_m0.05_w1.5,0.05,0.05,1.5,LCS_clean,-0.20137032866477966
electricity,random-reset,stl,p48_k8,n0.05_m0.05_w1.5,0.05,0.05,1.5,LCS_noise,-0.19716143608093262
electricity,random-reset,stl,p48_k8,n0.05_m0.05_w1.5,0.05,0.05,1.5,LCS_mask,-0.20165365934371948
electricity,random-reset,stl,p48_k8,n0.05_m0.05_w1.5,0.05,0.05,1.5,LCS_warp,-0.22071951627731323
electricity,random-reset,stl,p48_k8,n0.05_m0.05_w1.5,0.05,0.05,1.5,TSI_noise,0.9999246597290039
electricity,random-reset,stl,p48_k8,n0.05_m0.05_w1.5,0.05,0.05,1.5,TSI_mask,0.9999920129776001
electricity,random-reset,stl,p48_k8,n0.05_m0.05_w1.5,0.05,0.05,1.5,TSI_warp,0.9995619058609009
electricity,random-reset,stl,p48_k8,n0.05_m0.05_w1.5,0.05,0.05,1.5,GSP_noise,-0.004208892583847046
electricity,random-reset,stl,p48_k8,n0.05_m0.05_w1.5,0.05,0.05,1.5,GSP_mask,0.00028333067893981934
electricity,random-reset,stl,p48_k8,n0.05_m0.05_w1.5,0.05,0.05,1.5,GSP_warp,0.01934918761253357
electricity,random-reset,stl,p48_k12,n0.05_m0.05_w1.5,0.05,0.05,1.5,LCS_clean,-0.1944175660610199
electricity,random-reset,stl,p48_k12,n0.05_m0.05_w1.5,0.05,0.05,1.5,LCS_noise,-0.1937679946422577
electricity,random-reset,stl,p48_k12,n0.05_m0.05_w1.5,0.05,0.05,1.5,LCS_mask,-0.19491499662399292
electricity,random-reset,stl,p48_k12,n0.05_m0.05_w1.5,0.05,0.05,1.5,LCS_warp,-0.21698474884033203
electricity,random-reset,stl,p48_k12,n0.05_m0.05_w1.5,0.05,0.05,1.5,TSI_noise,0.9999246597290039
electricity,random-reset,stl,p48_k12,n0.05_m0.05_w1.5,0.05,0.05,1.5,TSI_mask,0.9999920129776001
electricity,random-reset,stl,p48_k12,n0.05_m0.05_w1.5,0.05,0.05,1.5,TSI_warp,0.9995619058609009
electricity,random-reset,stl,p48_k12,n0.05_m0.05_w1.5,0.05,0.05,1.5,GSP_noise,-0.000649571418762207
electricity,random-reset,stl,p48_k12,n0.05_m0.05_w1.5,0.05,0.05,1.5,GSP_mask,0.0004974305629730225
electricity,random-reset,stl,p48_k12,n0.05_m0.05_w1.5,0.05,0.05,1.5,GSP_warp,0.022567182779312134
electricity,random-reset,stl,p96_k4,n0.05_m0.05_w1.5,0.05,0.05,1.5,LCS_clean,-0.23525123298168182
electricity,random-reset,stl,p96_k4,n0.05_m0.05_w1.5,0.05,0.05,1.5,LCS_noise,-0.2251608520746231
electricity,random-reset,stl,p96_k4,n0.05_m0.05_w1.5,0.05,0.05,1.5,LCS_mask,-0.2351018339395523
electricity,random-reset,stl,p96_k4,n0.05_m0.05_w1.5,0.05,0.05,1.5,LCS_warp,-0.24806833267211914
electricity,random-reset,stl,p96_k4,n0.05_m0.05_w1.5,0.05,0.05,1.5,TSI_noise,0.9999246597290039
electricity,random-reset,stl,p96_k4,n0.05_m0.05_w1.5,0.05,0.05,1.5,TSI_mask,0.9999920129776001
electricity,random-reset,stl,p96_k4,n0.05_m0.05_w1.5,0.05,0.05,1.5,TSI_warp,0.9995619058609009
electricity,random-reset,stl,p96_k4,n0.05_m0.05_w1.5,0.05,0.05,1.5,GSP_noise,-0.010090380907058716
electricity,random-reset,stl,p96_k4,n0.05_m0.05_w1.5,0.05,0.05,1.5,GSP_mask,-0.0001493990421295166
electricity,random-reset,stl,p96_k4,n0.05_m0.05_w1.5,0.05,0.05,1.5,GSP_warp,0.012817099690437317
electricity,random-reset,stl,p96_k8,n0.05_m0.05_w1.5,0.05,0.05,1.5,LCS_clean,-0.2340952455997467
electricity,random-reset,stl,p96_k8,n0.05_m0.05_w1.5,0.05,0.05,1.5,LCS_noise,-0.2238905131816864
electricity,random-reset,stl,p96_k8,n0.05_m0.05_w1.5,0.05,0.05,1.5,LCS_mask,-0.233956977725029
electricity,random-reset,stl,p96_k8,n0.05_m0.05_w1.5,0.05,0.05,1.5,LCS_warp,-0.24896608293056488
electricity,random-reset,stl,p96_k8,n0.05_m0.05_w1.5,0.05,0.05,1.5,TSI_noise,0.9999246597290039
electricity,random-reset,stl,p96_k8,n0.05_m0.05_w1.5,0.05,0.05,1.5,TSI_mask,0.9999920129776001
electricity,random-reset,stl,p96_k8,n0.05_m0.05_w1.5,0.05,0.05,1.5,TSI_warp,0.9995619058609009
electricity,random-reset,stl,p96_k8,n0.05_m0.05_w1.5,0.05,0.05,1.5,GSP_noise,-0.010204732418060303
electricity,random-reset,stl,p96_k8,n0.05_m0.05_w1.5,0.05,0.05,1.5,GSP_mask,-0.0001382678747177124
electricity,random-reset,stl,p96_k8,n0.05_m0.05_w1.5,0.05,0.05,1.5,GSP_warp,0.014870837330818176
electricity,random-reset,stl,p96_k12,n0.05_m0.05_w1.5,0.05,0.05,1.5,LCS_clean,-0.22849425673484802
electricity,random-reset,stl,p96_k12,n0.05_m0.05_w1.5,0.05,0.05,1.5,LCS_noise,-0.21945339441299438
electricity,random-reset,stl,p96_k12,n0.05_m0.05_w1.5,0.05,0.05,1.5,LCS_mask,-0.2285436987876892
electricity,random-reset,stl,p96_k12,n0.05_m0.05_w1.5,0.05,0.05,1.5,LCS_warp,-0.24488040804862976
electricity,random-reset,stl,p96_k12,n0.05_m0.05_w1.5,0.05,0.05,1.5,TSI_noise,0.9999246597290039
electricity,random-reset,stl,p96_k12,n0.05_m0.05_w1.5,0.05,0.05,1.5,TSI_mask,0.9999920129776001
electricity,random-reset,stl,p96_k12,n0.05_m0.05_w1.5,0.05,0.05,1.5,TSI_warp,0.9995619058609009
electricity,random-reset,stl,p96_k12,n0.05_m0.05_w1.5,0.05,0.05,1.5,GSP_noise,-0.009040862321853638
electricity,random-reset,stl,p96_k12,n0.05_m0.05_w1.5,0.05,0.05,1.5,GSP_mask,4.9442052841186523e-05
electricity,random-reset,stl,p96_k12,n0.05_m0.05_w1.5,0.05,0.05,1.5,GSP_warp,0.01638615131378174
electricity,random-reset,phase8,na,n0.05_m0.05_w2,0.05,0.05,2.0,LCS_clean,-0.0685289204120636
electricity,random-reset,phase8,na,n0.05_m0.05_w2,0.05,0.05,2.0,LCS_noise,-0.05141860991716385
electricity,random-reset,phase8,na,n0.05_m0.05_w2,0.05,0.05,2.0,LCS_mask,-0.06941710412502289
electricity,random-reset,phase8,na,n0.05_m0.05_w2,0.05,0.05,2.0,LCS_warp,-0.06074356287717819
electricity,random-reset,phase8,na,n0.05_m0.05_w2,0.05,0.05,2.0,TSI_noise,0.9999217987060547
electricity,random-reset,phase8,na,n0.05_m0.05_w2,0.05,0.05,2.0,TSI_mask,0.9999887347221375
electricity,random-reset,phase8,na,n0.05_m0.05_w2,0.05,0.05,2.0,TSI_warp,0.9992483854293823
electricity,random-reset,phase8,na,n0.05_m0.05_w2,0.05,0.05,2.0,GSP_noise,-0.01711031049489975
electricity,random-reset,phase8,na,n0.05_m0.05_w2,0.05,0.05,2.0,GSP_mask,0.0008881837129592896
electricity,random-reset,phase8,na,n0.05_m0.05_w2,0.05,0.05,2.0,GSP_warp,-0.0077853575348854065
electricity,random-reset,stl,p24_k4,n0.05_m0.05_w2,0.05,0.05,2.0,LCS_clean,-0.022040951997041702
electricity,random-reset,stl,p24_k4,n0.05_m0.05_w2,0.05,0.05,2.0,LCS_noise,-0.013029199093580246
electricity,random-reset,stl,p24_k4,n0.05_m0.05_w2,0.05,0.05,2.0,LCS_mask,-0.02266612835228443
electricity,random-reset,stl,p24_k4,n0.05_m0.05_w2,0.05,0.05,2.0,LCS_warp,-0.014835711568593979
electricity,random-reset,stl,p24_k4,n0.05_m0.05_w2,0.05,0.05,2.0,TSI_noise,0.9999217987060547
electricity,random-reset,stl,p24_k4,n0.05_m0.05_w2,0.05,0.05,2.0,TSI_mask,0.9999887347221375
electricity,random-reset,stl,p24_k4,n0.05_m0.05_w2,0.05,0.05,2.0,TSI_warp,0.9992483854293823
electricity,random-reset,stl,p24_k4,n0.05_m0.05_w2,0.05,0.05,2.0,GSP_noise,-0.009011752903461456
electricity,random-reset,stl,p24_k4,n0.05_m0.05_w2,0.05,0.05,2.0,GSP_mask,0.0006251763552427292
electricity,random-reset,stl,p24_k4,n0.05_m0.05_w2,0.05,0.05,2.0,GSP_warp,-0.007205240428447723
electricity,random-reset,stl,p24_k8,n0.05_m0.05_w2,0.05,0.05,2.0,LCS_clean,-0.03387261554598808
electricity,random-reset,stl,p24_k8,n0.05_m0.05_w2,0.05,0.05,2.0,LCS_noise,-0.025424830615520477
electricity,random-reset,stl,p24_k8,n0.05_m0.05_w2,0.05,0.05,2.0,LCS_mask,-0.03429020196199417
electricity,random-reset,stl,p24_k8,n0.05_m0.05_w2,0.05,0.05,2.0,LCS_warp,-0.025117259472608566
electricity,random-reset,stl,p24_k8,n0.05_m0.05_w2,0.05,0.05,2.0,TSI_noise,0.9999217987060547
electricity,random-reset,stl,p24_k8,n0.05_m0.05_w2,0.05,0.05,2.0,TSI_mask,0.9999887347221375
electricity,random-reset,stl,p24_k8,n0.05_m0.05_w2,0.05,0.05,2.0,TSI_warp,0.9992483854293823
electricity,random-reset,stl,p24_k8,n0.05_m0.05_w2,0.05,0.05,2.0,GSP_noise,-0.008447784930467606
electricity,random-reset,stl,p24_k8,n0.05_m0.05_w2,0.05,0.05,2.0,GSP_mask,0.00041758641600608826
electricity,random-reset,stl,p24_k8,n0.05_m0.05_w2,0.05,0.05,2.0,GSP_warp,-0.008755356073379517
electricity,random-reset,stl,p24_k12,n0.05_m0.05_w2,0.05,0.05,2.0,LCS_clean,-0.18947455286979675
electricity,random-reset,stl,p24_k12,n0.05_m0.05_w2,0.05,0.05,2.0,LCS_noise,-0.18567807972431183
electricity,random-reset,stl,p24_k12,n0.05_m0.05_w2,0.05,0.05,2.0,LCS_mask,-0.19080060720443726
electricity,random-reset,stl,p24_k12,n0.05_m0.05_w2,0.05,0.05,2.0,LCS_warp,-0.24156494438648224
electricity,random-reset,stl,p24_k12,n0.05_m0.05_w2,0.05,0.05,2.0,TSI_noise,0.9999217987060547
electricity,random-reset,stl,p24_k12,n0.05_m0.05_w2,0.05,0.05,2.0,TSI_mask,0.9999887347221375
electricity,random-reset,stl,p24_k12,n0.05_m0.05_w2,0.05,0.05,2.0,TSI_warp,0.9992483854293823
electricity,random-reset,stl,p24_k12,n0.05_m0.05_w2,0.05,0.05,2.0,GSP_noise,-0.0037964731454849243
electricity,random-reset,stl,p24_k12,n0.05_m0.05_w2,0.05,0.05,2.0,GSP_mask,0.001326054334640503
electricity,random-reset,stl,p24_k12,n0.05_m0.05_w2,0.05,0.05,2.0,GSP_warp,0.052090391516685486
electricity,random-reset,stl,p48_k4,n0.05_m0.05_w2,0.05,0.05,2.0,LCS_clean,-0.029753893613815308
electricity,random-reset,stl,p48_k4,n0.05_m0.05_w2,0.05,0.05,2.0,LCS_noise,-0.02203475311398506
electricity,random-reset,stl,p48_k4,n0.05_m0.05_w2,0.05,0.05,2.0,LCS_mask,-0.03161695599555969
electricity,random-reset,stl,p48_k4,n0.05_m0.05_w2,0.05,0.05,2.0,LCS_warp,-0.0247441865503788
electricity,random-reset,stl,p48_k4,n0.05_m0.05_w2,0.05,0.05,2.0,TSI_noise,0.9999217987060547
electricity,random-reset,stl,p48_k4,n0.05_m0.05_w2,0.05,0.05,2.0,TSI_mask,0.9999887347221375
electricity,random-reset,stl,p48_k4,n0.05_m0.05_w2,0.05,0.05,2.0,TSI_warp,0.9992483854293823
electricity,random-reset,stl,p48_k4,n0.05_m0.05_w2,0.05,0.05,2.0,GSP_noise,-0.007719140499830246
electricity,random-reset,stl,p48_k4,n0.05_m0.05_w2,0.05,0.05,2.0,GSP_mask,0.0018630623817443848
electricity,random-reset,stl,p48_k4,n0.05_m0.05_w2,0.05,0.05,2.0,GSP_warp,-0.005009707063436508
electricity,random-reset,stl,p48_k8,n0.05_m0.05_w2,0.05,0.05,2.0,LCS_clean,-0.20137032866477966
electricity,random-reset,stl,p48_k8,n0.05_m0.05_w2,0.05,0.05,2.0,LCS_noise,-0.1974235326051712
electricity,random-reset,stl,p48_k8,n0.05_m0.05_w2,0.05,0.05,2.0,LCS_mask,-0.20220813155174255
electricity,random-reset,stl,p48_k8,n0.05_m0.05_w2,0.05,0.05,2.0,LCS_warp,-0.23113495111465454
electricity,random-reset,stl,p48_k8,n0.05_m0.05_w2,0.05,0.05,2.0,TSI_noise,0.9999217987060547
electricity,random-reset,stl,p48_k8,n0.05_m0.05_w2,0.05,0.05,2.0,TSI_mask,0.9999887347221375
electricity,random-reset,stl,p48_k8,n0.05_m0.05_w2,0.05,0.05,2.0,TSI_warp,0.9992483854293823
electricity,random-reset,stl,p48_k8,n0.05_m0.05_w2,0.05,0.05,2.0,GSP_noise,-0.0039467960596084595
electricity,random-reset,stl,p48_k8,n0.05_m0.05_w2,0.05,0.05,2.0,GSP_mask,0.0008378028869628906
electricity,random-reset,stl,p48_k8,n0.05_m0.05_w2,0.05,0.05,2.0,GSP_warp,0.029764622449874878
electricity,random-reset,stl,p48_k12,n0.05_m0.05_w2,0.05,0.05,2.0,LCS_clean,-0.1944175660610199
electricity,random-reset,stl,p48_k12,n0.05_m0.05_w2,0.05,0.05,2.0,LCS_noise,-0.19358223676681519
electricity,random-reset,stl,p48_k12,n0.05_m0.05_w2,0.05,0.05,2.0,LCS_mask,-0.19558179378509521
electricity,random-reset,stl,p48_k12,n0.05_m0.05_w2,0.05,0.05,2.0,LCS_warp,-0.22767943143844604
electricity,random-reset,stl,p48_k12,n0.05_m0.05_w2,0.05,0.05,2.0,TSI_noise,0.9999217987060547
electricity,random-reset,stl,p48_k12,n0.05_m0.05_w2,0.05,0.05,2.0,TSI_mask,0.9999887347221375
electricity,random-reset,stl,p48_k12,n0.05_m0.05_w2,0.05,0.05,2.0,TSI_warp,0.9992483854293823
electricity,random-reset,stl,p48_k12,n0.05_m0.05_w2,0.05,0.05,2.0,GSP_noise,-0.0008353292942047119
electricity,random-reset,stl,p48_k12,n0.05_m0.05_w2,0.05,0.05,2.0,GSP_mask,0.0011642277240753174
electricity,random-reset,stl,p48_k12,n0.05_m0.05_w2,0.05,0.05,2.0,GSP_warp,0.03326186537742615
electricity,random-reset,stl,p96_k4,n0.05_m0.05_w2,0.05,0.05,2.0,LCS_clean,-0.23525123298168182
electricity,random-reset,stl,p96_k4,n0.05_m0.05_w2,0.05,0.05,2.0,LCS_noise,-0.22411257028579712
electricity,random-reset,stl,p96_k4,n0.05_m0.05_w2,0.05,0.05,2.0,LCS_mask,-0.23674845695495605
electricity,random-reset,stl,p96_k4,n0.05_m0.05_w2,0.05,0.05,2.0,LCS_warp,-0.25470656156539917
electricity,random-reset,stl,p96_k4,n0.05_m0.05_w2,0.05,0.05,2.0,TSI_noise,0.9999217987060547
electricity,random-reset,stl,p96_k4,n0.05_m0.05_w2,0.05,0.05,2.0,TSI_mask,0.9999887347221375
electricity,random-reset,stl,p96_k4,n0.05_m0.05_w2,0.05,0.05,2.0,TSI_warp,0.9992483854293823
electricity,random-reset,stl,p96_k4,n0.05_m0.05_w2,0.05,0.05,2.0,GSP_noise,-0.011138662695884705
electricity,random-reset,stl,p96_k4,n0.05_m0.05_w2,0.05,0.05,2.0,GSP_mask,0.001497223973274231
electricity,random-reset,stl,p96_k4,n0.05_m0.05_w2,0.05,0.05,2.0,GSP_warp,0.019455328583717346
electricity,random-reset,stl,p96_k8,n0.05_m0.05_w2,0.05,0.05,2.0,LCS_clean,-0.2340952455997467
electricity,random-reset,stl,p96_k8,n0.05_m0.05_w2,0.05,0.05,2.0,LCS_noise,-0.2229093313217163
electricity,random-reset,stl,p96_k8,n0.05_m0.05_w2,0.05,0.05,2.0,LCS_mask,-0.23549285531044006
electricity,random-reset,stl,p96_k8,n0.05_m0.05_w2,0.05,0.05,2.0,LCS_warp,-0.25532954931259155
electricity,random-reset,stl,p96_k8,n0.05_m0.05_w2,0.05,0.05,2.0,TSI_noise,0.9999217987060547
electricity,random-reset,stl,p96_k8,n0.05_m0.05_w2,0.05,0.05,2.0,TSI_mask,0.9999887347221375
electricity,random-reset,stl,p96_k8,n0.05_m0.05_w2,0.05,0.05,2.0,TSI_warp,0.9992483854293823
electricity,random-reset,stl,p96_k8,n0.05_m0.05_w2,0.05,0.05,2.0,GSP_noise,-0.011185914278030396
electricity,random-reset,stl,p96_k8,n0.05_m0.05_w2,0.05,0.05,2.0,GSP_mask,0.0013976097106933594
electricity,random-reset,stl,p96_k8,n0.05_m0.05_w2,0.05,0.05,2.0,GSP_warp,0.02123430371284485
electricity,random-reset,stl,p96_k12,n0.05_m0.05_w2,0.05,0.05,2.0,LCS_clean,-0.22849425673484802
electricity,random-reset,stl,p96_k12,n0.05_m0.05_w2,0.05,0.05,2.0,LCS_noise,-0.21854642033576965
electricity,random-reset,stl,p96_k12,n0.05_m0.05_w2,0.05,0.05,2.0,LCS_mask,-0.2298058122396469
electricity,random-reset,stl,p96_k12,n0.05_m0.05_w2,0.05,0.05,2.0,LCS_warp,-0.25082311034202576
electricity,random-reset,stl,p96_k12,n0.05_m0.05_w2,0.05,0.05,2.0,TSI_noise,0.9999217987060547
electricity,random-reset,stl,p96_k12,n0.05_m0.05_w2,0.05,0.05,2.0,TSI_mask,0.9999887347221375
electricity,random-reset,stl,p96_k12,n0.05_m0.05_w2,0.05,0.05,2.0,TSI_warp,0.9992483854293823
electricity,random-reset,stl,p96_k12,n0.05_m0.05_w2,0.05,0.05,2.0,GSP_noise,-0.00994783639907837
electricity,random-reset,stl,p96_k12,n0.05_m0.05_w2,0.05,0.05,2.0,GSP_mask,0.0013115555047988892
electricity,random-reset,stl,p96_k12,n0.05_m0.05_w2,0.05,0.05,2.0,GSP_warp,0.022328853607177734
electricity,random-reset,phase8,na,n0.05_m0.05_w3,0.05,0.05,3.0,LCS_clean,-0.0685289204120636
electricity,random-reset,phase8,na,n0.05_m0.05_w3,0.05,0.05,3.0,LCS_noise,-0.04931500554084778
electricity,random-reset,phase8,na,n0.05_m0.05_w3,0.05,0.05,3.0,LCS_mask,-0.06877641379833221
electricity,random-reset,phase8,na,n0.05_m0.05_w3,0.05,0.05,3.0,LCS_warp,-0.04479259252548218
electricity,random-reset,phase8,na,n0.05_m0.05_w3,0.05,0.05,3.0,TSI_noise,0.9999209642410278
electricity,random-reset,phase8,na,n0.05_m0.05_w3,0.05,0.05,3.0,TSI_mask,0.9999910593032837
electricity,random-reset,phase8,na,n0.05_m0.05_w3,0.05,0.05,3.0,TSI_warp,0.9990469217300415
electricity,random-reset,phase8,na,n0.05_m0.05_w3,0.05,0.05,3.0,GSP_noise,-0.01921391487121582
electricity,random-reset,phase8,na,n0.05_m0.05_w3,0.05,0.05,3.0,GSP_mask,0.0002474933862686157
electricity,random-reset,phase8,na,n0.05_m0.05_w3,0.05,0.05,3.0,GSP_warp,-0.02373632788658142
electricity,random-reset,stl,p24_k4,n0.05_m0.05_w3,0.05,0.05,3.0,LCS_clean,-0.022040951997041702
electricity,random-reset,stl,p24_k4,n0.05_m0.05_w3,0.05,0.05,3.0,LCS_noise,-0.01182942558079958
electricity,random-reset,stl,p24_k4,n0.05_m0.05_w3,0.05,0.05,3.0,LCS_mask,-0.022055884823203087
electricity,random-reset,stl,p24_k4,n0.05_m0.05_w3,0.05,0.05,3.0,LCS_warp,-0.010420639999210835
electricity,random-reset,stl,p24_k4,n0.05_m0.05_w3,0.05,0.05,3.0,TSI_noise,0.9999209642410278
electricity,random-reset,stl,p24_k4,n0.05_m0.05_w3,0.05,0.05,3.0,TSI_mask,0.9999910593032837
electricity,random-reset,stl,p24_k4,n0.05_m0.05_w3,0.05,0.05,3.0,TSI_warp,0.9990469217300415
electricity,random-reset,stl,p24_k4,n0.05_m0.05_w3,0.05,0.05,3.0,GSP_noise,-0.010211526416242123
electricity,random-reset,stl,p24_k4,n0.05_m0.05_w3,0.05,0.05,3.0,GSP_mask,1.4932826161384583e-05
electricity,random-reset,stl,p24_k4,n0.05_m0.05_w3,0.05,0.05,3.0,GSP_warp,-0.011620311997830868
electricity,random-reset,stl,p24_k8,n0.05_m0.05_w3,0.05,0.05,3.0,LCS_clean,-0.03387261554598808
electricity,random-reset,stl,p24_k8,n0.05_m0.05_w3,0.05,0.05,3.0,LCS_noise,-0.02380700781941414
electricity,random-reset,stl,p24_k8,n0.05_m0.05_w3,0.05,0.05,3.0,LCS_mask,-0.033390045166015625
electricity,random-reset,stl,p24_k8,n0.05_m0.05_w3,0.05,0.05,3.0,LCS_warp,-0.03287673369050026
electricity,random-reset,stl,p24_k8,n0.05_m0.05_w3,0.05,0.05,3.0,TSI_noise,0.9999209642410278
electricity,random-reset,stl,p24_k8,n0.05_m0.05_w3,0.05,0.05,3.0,TSI_mask,0.9999910593032837
electricity,random-reset,stl,p24_k8,n0.05_m0.05_w3,0.05,0.05,3.0,TSI_warp,0.9990469217300415
electricity,random-reset,stl,p24_k8,n0.05_m0.05_w3,0.05,0.05,3.0,GSP_noise,-0.010065607726573944
electricity,random-reset,stl,p24_k8,n0.05_m0.05_w3,0.05,0.05,3.0,GSP_mask,-0.0004825703799724579
electricity,random-reset,stl,p24_k8,n0.05_m0.05_w3,0.05,0.05,3.0,GSP_warp,-0.0009958818554878235
electricity,random-reset,stl,p24_k12,n0.05_m0.05_w3,0.05,0.05,3.0,LCS_clean,-0.18947455286979675
electricity,random-reset,stl,p24_k12,n0.05_m0.05_w3,0.05,0.05,3.0,LCS_noise,-0.18395209312438965
electricity,random-reset,stl,p24_k12,n0.05_m0.05_w3,0.05,0.05,3.0,LCS_mask,-0.19024114310741425
electricity,random-reset,stl,p24_k12,n0.05_m0.05_w3,0.05,0.05,3.0,LCS_warp,-0.23182052373886108
electricity,random-reset,stl,p24_k12,n0.05_m0.05_w3,0.05,0.05,3.0,TSI_noise,0.9999209642410278
electricity,random-reset,stl,p24_k12,n0.05_m0.05_w3,0.05,0.05,3.0,TSI_mask,0.9999910593032837
electricity,random-reset,stl,p24_k12,n0.05_m0.05_w3,0.05,0.05,3.0,TSI_warp,0.9990469217300415
electricity,random-reset,stl,p24_k12,n0.05_m0.05_w3,0.05,0.05,3.0,GSP_noise,-0.0055224597454071045
electricity,random-reset,stl,p24_k12,n0.05_m0.05_w3,0.05,0.05,3.0,GSP_mask,0.0007665902376174927
electricity,random-reset,stl,p24_k12,n0.05_m0.05_w3,0.05,0.05,3.0,GSP_warp,0.04234597086906433
electricity,random-reset,stl,p48_k4,n0.05_m0.05_w3,0.05,0.05,3.0,LCS_clean,-0.029753893613815308
electricity,random-reset,stl,p48_k4,n0.05_m0.05_w3,0.05,0.05,3.0,LCS_noise,-0.022812489420175552
electricity,random-reset,stl,p48_k4,n0.05_m0.05_w3,0.05,0.05,3.0,LCS_mask,-0.029954683035612106
electricity,random-reset,stl,p48_k4,n0.05_m0.05_w3,0.05,0.05,3.0,LCS_warp,-0.020648488774895668
electricity,random-reset,stl,p48_k4,n0.05_m0.05_w3,0.05,0.05,3.0,TSI_noise,0.9999209642410278
electricity,random-reset,stl,p48_k4,n0.05_m0.05_w3,0.05,0.05,3.0,TSI_mask,0.9999910593032837
electricity,random-reset,stl,p48_k4,n0.05_m0.05_w3,0.05,0.05,3.0,TSI_warp,0.9990469217300415
electricity,random-reset,stl,p48_k4,n0.05_m0.05_w3,0.05,0.05,3.0,GSP_noise,-0.006941404193639755
electricity,random-reset,stl,p48_k4,n0.05_m0.05_w3,0.05,0.05,3.0,GSP_mask,0.0002007894217967987
electricity,random-reset,stl,p48_k4,n0.05_m0.05_w3,0.05,0.05,3.0,GSP_warp,-0.00910540483891964
electricity,random-reset,stl,p48_k8,n0.05_m0.05_w3,0.05,0.05,3.0,LCS_clean,-0.20137032866477966
electricity,random-reset,stl,p48_k8,n0.05_m0.05_w3,0.05,0.05,3.0,LCS_noise,-0.1965271532535553
electricity,random-reset,stl,p48_k8,n0.05_m0.05_w3,0.05,0.05,3.0,LCS_mask,-0.20219117403030396
electricity,random-reset,stl,p48_k8,n0.05_m0.05_w3,0.05,0.05,3.0,LCS_warp,-0.2365572452545166
electricity,random-reset,stl,p48_k8,n0.05_m0.05_w3,0.05,0.05,3.0,TSI_noise,0.9999209642410278
electricity,random-reset,stl,p48_k8,n0.05_m0.05_w3,0.05,0.05,3.0,TSI_mask,0.9999910593032837
electricity,random-reset,stl,p48_k8,n0.05_m0.05_w3,0.05,0.05,3.0,TSI_warp,0.9990469217300415
electricity,random-reset,stl,p48_k8,n0.05_m0.05_w3,0.05,0.05,3.0,GSP_noise,-0.004843175411224365
electricity,random-reset,stl,p48_k8,n0.05_m0.05_w3,0.05,0.05,3.0,GSP_mask,0.000820845365524292
electricity,random-reset,stl,p48_k8,n0.05_m0.05_w3,0.05,0.05,3.0,GSP_warp,0.03518691658973694
electricity,random-reset,stl,p48_k12,n0.05_m0.05_w3,0.05,0.05,3.0,LCS_clean,-0.1944175660610199
electricity,random-reset,stl,p48_k12,n0.05_m0.05_w3,0.05,0.05,3.0,LCS_noise,-0.19289633631706238
electricity,random-reset,stl,p48_k12,n0.05_m0.05_w3,0.05,0.05,3.0,LCS_mask,-0.19516921043395996
electricity,random-reset,stl,p48_k12,n0.05_m0.05_w3,0.05,0.05,3.0,LCS_warp,-0.23382510244846344
electricity,random-reset,stl,p48_k12,n0.05_m0.05_w3,0.05,0.05,3.0,TSI_noise,0.9999209642410278
electricity,random-reset,stl,p48_k12,n0.05_m0.05_w3,0.05,0.05,3.0,TSI_mask,0.9999910593032837
electricity,random-reset,stl,p48_k12,n0.05_m0.05_w3,0.05,0.05,3.0,TSI_warp,0.9990469217300415
electricity,random-reset,stl,p48_k12,n0.05_m0.05_w3,0.05,0.05,3.0,GSP_noise,-0.0015212297439575195
electricity,random-reset,stl,p48_k12,n0.05_m0.05_w3,0.05,0.05,3.0,GSP_mask,0.0007516443729400635
electricity,random-reset,stl,p48_k12,n0.05_m0.05_w3,0.05,0.05,3.0,GSP_warp,0.03940753638744354
electricity,random-reset,stl,p96_k4,n0.05_m0.05_w3,0.05,0.05,3.0,LCS_clean,-0.23525123298168182
electricity,random-reset,stl,p96_k4,n0.05_m0.05_w3,0.05,0.05,3.0,LCS_noise,-0.22289253771305084
electricity,random-reset,stl,p96_k4,n0.05_m0.05_w3,0.05,0.05,3.0,LCS_mask,-0.23578833043575287
electricity,random-reset,stl,p96_k4,n0.05_m0.05_w3,0.05,0.05,3.0,LCS_warp,-0.25608083605766296
electricity,random-reset,stl,p96_k4,n0.05_m0.05_w3,0.05,0.05,3.0,TSI_noise,0.9999209642410278
electricity,random-reset,stl,p96_k4,n0.05_m0.05_w3,0.05,0.05,3.0,TSI_mask,0.9999910593032837
electricity,random-reset,stl,p96_k4,n0.05_m0.05_w3,0.05,0.05,3.0,TSI_warp,0.9990469217300415
electricity,random-reset,stl,p96_k4,n0.05_m0.05_w3,0.05,0.05,3.0,GSP_noise,-0.012358695268630981
electricity,random-reset,stl,p96_k4,n0.05_m0.05_w3,0.05,0.05,3.0,GSP_mask,0.0005370974540710449
electricity,random-reset,stl,p96_k4,n0.05_m0.05_w3,0.05,0.05,3.0,GSP_warp,0.02082960307598114
electricity,random-reset,stl,p96_k8,n0.05_m0.05_w3,0.05,0.05,3.0,LCS_clean,-0.2340952455997467
electricity,random-reset,stl,p96_k8,n0.05_m0.05_w3,0.05,0.05,3.0,LCS_noise,-0.22182729840278625
electricity,random-reset,stl,p96_k8,n0.05_m0.05_w3,0.05,0.05,3.0,LCS_mask,-0.23469141125679016
electricity,random-reset,stl,p96_k8,n0.05_m0.05_w3,0.05,0.05,3.0,LCS_warp,-0.2575731575489044
electricity,random-reset,stl,p96_k8,n0.05_m0.05_w3,0.05,0.05,3.0,TSI_noise,0.9999209642410278
electricity,random-reset,stl,p96_k8,n0.05_m0.05_w3,0.05,0.05,3.0,TSI_mask,0.9999910593032837
electricity,random-reset,stl,p96_k8,n0.05_m0.05_w3,0.05,0.05,3.0,TSI_warp,0.9990469217300415
electricity,random-reset,stl,p96_k8,n0.05_m0.05_w3,0.05,0.05,3.0,GSP_noise,-0.01226794719696045
electricity,random-reset,stl,p96_k8,n0.05_m0.05_w3,0.05,0.05,3.0,GSP_mask,0.000596165657043457
electricity,random-reset,stl,p96_k8,n0.05_m0.05_w3,0.05,0.05,3.0,GSP_warp,0.023477911949157715
electricity,random-reset,stl,p96_k12,n0.05_m0.05_w3,0.05,0.05,3.0,LCS_clean,-0.22849425673484802
electricity,random-reset,stl,p96_k12,n0.05_m0.05_w3,0.05,0.05,3.0,LCS_noise,-0.21717359125614166
electricity,random-reset,stl,p96_k12,n0.05_m0.05_w3,0.05,0.05,3.0,LCS_mask,-0.2289440780878067
electricity,random-reset,stl,p96_k12,n0.05_m0.05_w3,0.05,0.05,3.0,LCS_warp,-0.2554309666156769
electricity,random-reset,stl,p96_k12,n0.05_m0.05_w3,0.05,0.05,3.0,TSI_noise,0.9999209642410278
electricity,random-reset,stl,p96_k12,n0.05_m0.05_w3,0.05,0.05,3.0,TSI_mask,0.9999910593032837
electricity,random-reset,stl,p96_k12,n0.05_m0.05_w3,0.05,0.05,3.0,TSI_warp,0.9990469217300415
electricity,random-reset,stl,p96_k12,n0.05_m0.05_w3,0.05,0.05,3.0,GSP_noise,-0.01132066547870636
electricity,random-reset,stl,p96_k12,n0.05_m0.05_w3,0.05,0.05,3.0,GSP_mask,0.0004498213529586792
electricity,random-reset,stl,p96_k12,n0.05_m0.05_w3,0.05,0.05,3.0,GSP_warp,0.026936709880828857
electricity,random-reset,phase8,na,n0.05_m0.1_w1.5,0.05,0.1,1.5,LCS_clean,-0.0685289204120636
electricity,random-reset,phase8,na,n0.05_m0.1_w1.5,0.05,0.1,1.5,LCS_noise,-0.05114748701453209
electricity,random-reset,phase8,na,n0.05_m0.1_w1.5,0.05,0.1,1.5,LCS_mask,-0.06756258010864258
electricity,random-reset,phase8,na,n0.05_m0.1_w1.5,0.05,0.1,1.5,LCS_warp,-0.05108314007520676
electricity,random-reset,phase8,na,n0.05_m0.1_w1.5,0.05,0.1,1.5,TSI_noise,0.9999173283576965
electricity,random-reset,phase8,na,n0.05_m0.1_w1.5,0.05,0.1,1.5,TSI_mask,0.9999827742576599
electricity,random-reset,phase8,na,n0.05_m0.1_w1.5,0.05,0.1,1.5,TSI_warp,0.9995554089546204
electricity,random-reset,phase8,na,n0.05_m0.1_w1.5,0.05,0.1,1.5,GSP_noise,-0.01738143339753151
electricity,random-reset,phase8,na,n0.05_m0.1_w1.5,0.05,0.1,1.5,GSP_mask,-0.0009663403034210205
electricity,random-reset,phase8,na,n0.05_m0.1_w1.5,0.05,0.1,1.5,GSP_warp,-0.017445780336856842
electricity,random-reset,stl,p24_k4,n0.05_m0.1_w1.5,0.05,0.1,1.5,LCS_clean,-0.022040951997041702
electricity,random-reset,stl,p24_k4,n0.05_m0.1_w1.5,0.05,0.1,1.5,LCS_noise,-0.011608561500906944
electricity,random-reset,stl,p24_k4,n0.05_m0.1_w1.5,0.05,0.1,1.5,LCS_mask,-0.02181760035455227
electricity,random-reset,stl,p24_k4,n0.05_m0.1_w1.5,0.05,0.1,1.5,LCS_warp,-0.017123639583587646
electricity,random-reset,stl,p24_k4,n0.05_m0.1_w1.5,0.05,0.1,1.5,TSI_noise,0.9999173283576965
electricity,random-reset,stl,p24_k4,n0.05_m0.1_w1.5,0.05,0.1,1.5,TSI_mask,0.9999827742576599
electricity,random-reset,stl,p24_k4,n0.05_m0.1_w1.5,0.05,0.1,1.5,TSI_warp,0.9995554089546204
electricity,random-reset,stl,p24_k4,n0.05_m0.1_w1.5,0.05,0.1,1.5,GSP_noise,-0.010432390496134758
electricity,random-reset,stl,p24_k4,n0.05_m0.1_w1.5,0.05,0.1,1.5,GSP_mask,-0.0002233516424894333
electricity,random-reset,stl,p24_k4,n0.05_m0.1_w1.5,0.05,0.1,1.5,GSP_warp,-0.004917312413454056
electricity,random-reset,stl,p24_k8,n0.05_m0.1_w1.5,0.05,0.1,1.5,LCS_clean,-0.03387261554598808
electricity,random-reset,stl,p24_k8,n0.05_m0.1_w1.5,0.05,0.1,1.5,LCS_noise,-0.024014292284846306
electricity,random-reset,stl,p24_k8,n0.05_m0.1_w1.5,0.05,0.1,1.5,LCS_mask,-0.033645011484622955
electricity,random-reset,stl,p24_k8,n0.05_m0.1_w1.5,0.05,0.1,1.5,LCS_warp,-0.026078350841999054
electricity,random-reset,stl,p24_k8,n0.05_m0.1_w1.5,0.05,0.1,1.5,TSI_noise,0.9999173283576965
electricity,random-reset,stl,p24_k8,n0.05_m0.1_w1.5,0.05,0.1,1.5,TSI_mask,0.9999827742576599
electricity,random-reset,stl,p24_k8,n0.05_m0.1_w1.5,0.05,0.1,1.5,TSI_warp,0.9995554089546204
electricity,random-reset,stl,p24_k8,n0.05_m0.1_w1.5,0.05,0.1,1.5,GSP_noise,-0.009858323261141777
electricity,random-reset,stl,p24_k8,n0.05_m0.1_w1.5,0.05,0.1,1.5,GSP_mask,-0.00022760406136512756
electricity,random-reset,stl,p24_k8,n0.05_m0.1_w1.5,0.05,0.1,1.5,GSP_warp,-0.007794264703989029
electricity,random-reset,stl,p24_k12,n0.05_m0.1_w1.5,0.05,0.1,1.5,LCS_clean,-0.18947455286979675
electricity,random-reset,stl,p24_k12,n0.05_m0.1_w1.5,0.05,0.1,1.5,LCS_noise,-0.18375085294246674
electricity,random-reset,stl,p24_k12,n0.05_m0.1_w1.5,0.05,0.1,1.5,LCS_mask,-0.19049009680747986
electricity,random-reset,stl,p24_k12,n0.05_m0.1_w1.5,0.05,0.1,1.5,LCS_warp,-0.22521308064460754
electricity,random-reset,stl,p24_k12,n0.05_m0.1_w1.5,0.05,0.1,1.5,TSI_noise,0.9999173283576965
electricity,random-reset,stl,p24_k12,n0.05_m0.1_w1.5,0.05,0.1,1.5,TSI_mask,0.9999827742576599
electricity,random-reset,stl,p24_k12,n0.05_m0.1_w1.5,0.05,0.1,1.5,TSI_warp,0.9995554089546204
electricity,random-reset,stl,p24_k12,n0.05_m0.1_w1.5,0.05,0.1,1.5,GSP_noise,-0.005723699927330017
electricity,random-reset,stl,p24_k12,n0.05_m0.1_w1.5,0.05,0.1,1.5,GSP_mask,0.0010155439376831055
electricity,random-reset,stl,p24_k12,n0.05_m0.1_w1.5,0.05,0.1,1.5,GSP_warp,0.03573852777481079
electricity,random-reset,stl,p48_k4,n0.05_m0.1_w1.5,0.05,0.1,1.5,LCS_clean,-0.029753893613815308
electricity,random-reset,stl,p48_k4,n0.05_m0.1_w1.5,0.05,0.1,1.5,LCS_noise,-0.023363297805190086
electricity,random-reset,stl,p48_k4,n0.05_m0.1_w1.5,0.05,0.1,1.5,LCS_mask,-0.0297884289175272
electricity,random-reset,stl,p48_k4,n0.05_m0.1_w1.5,0.05,0.1,1.5,LCS_warp,-0.025996621698141098
electricity,random-reset,stl,p48_k4,n0.05_m0.1_w1.5,0.05,0.1,1.5,TSI_noise,0.9999173283576965
electricity,random-reset,stl,p48_k4,n0.05_m0.1_w1.5,0.05,0.1,1.5,TSI_mask,0.9999827742576599
electricity,random-reset,stl,p48_k4,n0.05_m0.1_w1.5,0.05,0.1,1.5,TSI_warp,0.9995554089546204
electricity,random-reset,stl,p48_k4,n0.05_m0.1_w1.5,0.05,0.1,1.5,GSP_noise,-0.006390595808625221
electricity,random-reset,stl,p48_k4,n0.05_m0.1_w1.5,0.05,0.1,1.5,GSP_mask,3.4535303711891174e-05
electricity,random-reset,stl,p48_k4,n0.05_m0.1_w1.5,0.05,0.1,1.5,GSP_warp,-0.0037572719156742096
electricity,random-reset,stl,p48_k8,n0.05_m0.1_w1.5,0.05,0.1,1.5,LCS_clean,-0.20137032866477966
electricity,random-reset,stl,p48_k8,n0.05_m0.1_w1.5,0.05,0.1,1.5,LCS_noise,-0.1962975561618805
electricity,random-reset,stl,p48_k8,n0.05_m0.1_w1.5,0.05,0.1,1.5,LCS_mask,-0.20236992835998535
electricity,random-reset,stl,p48_k8,n0.05_m0.1_w1.5,0.05,0.1,1.5,LCS_warp,-0.22064653038978577
electricity,random-reset,stl,p48_k8,n0.05_m0.1_w1.5,0.05,0.1,1.5,TSI_noise,0.9999173283576965
electricity,random-reset,stl,p48_k8,n0.05_m0.1_w1.5,0.05,0.1,1.5,TSI_mask,0.9999827742576599
electricity,random-reset,stl,p48_k8,n0.05_m0.1_w1.5,0.05,0.1,1.5,TSI_warp,0.9995554089546204
electricity,random-reset,stl,p48_k8,n0.05_m0.1_w1.5,0.05,0.1,1.5,GSP_noise,-0.00507277250289917
electricity,random-reset,stl,p48_k8,n0.05_m0.1_w1.5,0.05,0.1,1.5,GSP_mask,0.0009995996952056885
electricity,random-reset,stl,p48_k8,n0.05_m0.1_w1.5,0.05,0.1,1.5,GSP_warp,0.019276201725006104
electricity,random-reset,stl,p48_k12,n0.05_m0.1_w1.5,0.05,0.1,1.5,LCS_clean,-0.1944175660610199
electricity,random-reset,stl,p48_k12,n0.05_m0.1_w1.5,0.05,0.1,1.5,LCS_noise,-0.1922006756067276
electricity,random-reset,stl,p48_k12,n0.05_m0.1_w1.5,0.05,0.1,1.5,LCS_mask,-0.19559091329574585
electricity,random-reset,stl,p48_k12,n0.05_m0.1_w1.5,0.05,0.1,1.5,LCS_warp,-0.2168445587158203
electricity,random-reset,stl,p48_k12,n0.05_m0.1_w1.5,0.05,0.1,1.5,TSI_noise,0.9999173283576965
electricity,random-reset,stl,p48_k12,n0.05_m0.1_w1.5,0.05,0.1,1.5,TSI_mask,0.9999827742576599
electricity,random-reset,stl,p48_k12,n0.05_m0.1_w1.5,0.05,0.1,1.5,TSI_warp,0.9995554089546204
electricity,random-reset,stl,p48_k12,n0.05_m0.1_w1.5,0.05,0.1,1.5,GSP_noise,-0.0022168904542922974
electricity,random-reset,stl,p48_k12,n0.05_m0.1_w1.5,0.05,0.1,1.5,GSP_mask,0.0011733472347259521
electricity,random-reset,stl,p48_k12,n0.05_m0.1_w1.5,0.05,0.1,1.5,GSP_warp,0.022426992654800415
electricity,random-reset,stl,p96_k4,n0.05_m0.1_w1.5,0.05,0.1,1.5,LCS_clean,-0.23525123298168182
electricity,random-reset,stl,p96_k4,n0.05_m0.1_w1.5,0.05,0.1,1.5,LCS_noise,-0.22254502773284912
electricity,random-reset,stl,p96_k4,n0.05_m0.1_w1.5,0.05,0.1,1.5,LCS_mask,-0.23590603470802307
electricity,random-reset,stl,p96_k4,n0.05_m0.1_w1.5,0.05,0.1,1.5,LCS_warp,-0.2478771209716797
electricity,random-reset,stl,p96_k4,n0.05_m0.1_w1.5,0.05,0.1,1.5,TSI_noise,0.9999173283576965
electricity,random-reset,stl,p96_k4,n0.05_m0.1_w1.5,0.05,0.1,1.5,TSI_mask,0.9999827742576599
electricity,random-reset,stl,p96_k4,n0.05_m0.1_w1.5,0.05,0.1,1.5,TSI_warp,0.9995554089546204
electricity,random-reset,stl,p96_k4,n0.05_m0.1_w1.5,0.05,0.1,1.5,GSP_noise,-0.012706205248832703
electricity,random-reset,stl,p96_k4,n0.05_m0.1_w1.5,0.05,0.1,1.5,GSP_mask,0.0006548017263412476
electricity,random-reset,stl,p96_k4,n0.05_m0.1_w1.5,0.05,0.1,1.5,GSP_warp,0.012625887989997864
electricity,random-reset,stl,p96_k8,n0.05_m0.1_w1.5,0.05,0.1,1.5,LCS_clean,-0.2340952455997467
electricity,random-reset,stl,p96_k8,n0.05_m0.1_w1.5,0.05,0.1,1.5,LCS_noise,-0.2214563488960266
electricity,random-reset,stl,p96_k8,n0.05_m0.1_w1.5,0.05,0.1,1.5,LCS_mask,-0.23491758108139038
electricity,random-reset,stl,p96_k8,n0.05_m0.1_w1.5,0.05,0.1,1.5,LCS_warp,-0.24771897494792938
electricity,random-reset,stl,p96_k8,n0.05_m0.1_w1.5,0.05,0.1,1.5,TSI_noise,0.9999173283576965
electricity,random-reset,stl,p96_k8,n0.05_m0.1_w1.5,0.05,0.1,1.5,TSI_mask,0.9999827742576599
electricity,random-reset,stl,p96_k8,n0.05_m0.1_w1.5,0.05,0.1,1.5,TSI_warp,0.9995554089546204
electricity,random-reset,stl,p96_k8,n0.05_m0.1_w1.5,0.05,0.1,1.5,GSP_noise,-0.012638896703720093
electricity,random-reset,stl,p96_k8,n0.05_m0.1_w1.5,0.05,0.1,1.5,GSP_mask,0.0008223354816436768
electricity,random-reset,stl,p96_k8,n0.05_m0.1_w1.5,0.05,0.1,1.5,GSP_warp,0.013623729348182678
electricity,random-reset,stl,p96_k12,n0.05_m0.1_w1.5,0.05,0.1,1.5,LCS_clean,-0.22849425673484802
electricity,random-reset,stl,p96_k12,n0.05_m0.1_w1.5,0.05,0.1,1.5,LCS_noise,-0.21707800030708313
electricity,random-reset,stl,p96_k12,n0.05_m0.1_w1.5,0.05,0.1,1.5,LCS_mask,-0.2294245958328247
electricity,random-reset,stl,p96_k12,n0.05_m0.1_w1.5,0.05,0.1,1.5,LCS_warp,-0.24327507615089417
electricity,random-reset,stl,p96_k12,n0.05_m0.1_w1.5,0.05,0.1,1.5,TSI_noise,0.9999173283576965
electricity,random-reset,stl,p96_k12,n0.05_m0.1_w1.5,0.05,0.1,1.5,TSI_mask,0.9999827742576599
electricity,random-reset,stl,p96_k12,n0.05_m0.1_w1.5,0.05,0.1,1.5,TSI_warp,0.9995554089546204
electricity,random-reset,stl,p96_k12,n0.05_m0.1_w1.5,0.05,0.1,1.5,GSP_noise,-0.011416256427764893
electricity,random-reset,stl,p96_k12,n0.05_m0.1_w1.5,0.05,0.1,1.5,GSP_mask,0.0009303390979766846
electricity,random-reset,stl,p96_k12,n0.05_m0.1_w1.5,0.05,0.1,1.5,GSP_warp,0.014780819416046143
electricity,random-reset,phase8,na,n0.05_m0.1_w2,0.05,0.1,2.0,LCS_clean,-0.0685289204120636
electricity,random-reset,phase8,na,n0.05_m0.1_w2,0.05,0.1,2.0,LCS_noise,-0.049828361719846725
electricity,random-reset,phase8,na,n0.05_m0.1_w2,0.05,0.1,2.0,LCS_mask,-0.06674207746982574
electricity,random-reset,phase8,na,n0.05_m0.1_w2,0.05,0.1,2.0,LCS_warp,-0.05496898293495178
electricity,random-reset,phase8,na,n0.05_m0.1_w2,0.05,0.1,2.0,TSI_noise,0.9999147057533264
electricity,random-reset,phase8,na,n0.05_m0.1_w2,0.05,0.1,2.0,TSI_mask,0.9999819397926331
electricity,random-reset,phase8,na,n0.05_m0.1_w2,0.05,0.1,2.0,TSI_warp,0.9992350339889526
electricity,random-reset,phase8,na,n0.05_m0.1_w2,0.05,0.1,2.0,GSP_noise,-0.018700558692216873
electricity,random-reset,phase8,na,n0.05_m0.1_w2,0.05,0.1,2.0,GSP_mask,-0.001786842942237854
electricity,random-reset,phase8,na,n0.05_m0.1_w2,0.05,0.1,2.0,GSP_warp,-0.013559937477111816
electricity,random-reset,stl,p24_k4,n0.05_m0.1_w2,0.05,0.1,2.0,LCS_clean,-0.022040951997041702
electricity,random-reset,stl,p24_k4,n0.05_m0.1_w2,0.05,0.1,2.0,LCS_noise,-0.012588133104145527
electricity,random-reset,stl,p24_k4,n0.05_m0.1_w2,0.05,0.1,2.0,LCS_mask,-0.022215932607650757
electricity,random-reset,stl,p24_k4,n0.05_m0.1_w2,0.05,0.1,2.0,LCS_warp,-0.014508804306387901
electricity,random-reset,stl,p24_k4,n0.05_m0.1_w2,0.05,0.1,2.0,TSI_noise,0.9999147057533264
electricity,random-reset,stl,p24_k4,n0.05_m0.1_w2,0.05,0.1,2.0,TSI_mask,0.9999819397926331
electricity,random-reset,stl,p24_k4,n0.05_m0.1_w2,0.05,0.1,2.0,TSI_warp,0.9992350339889526
electricity,random-reset,stl,p24_k4,n0.05_m0.1_w2,0.05,0.1,2.0,GSP_noise,-0.009452818892896175
electricity,random-reset,stl,p24_k4,n0.05_m0.1_w2,0.05,0.1,2.0,GSP_mask,0.00017498061060905457
electricity,random-reset,stl,p24_k4,n0.05_m0.1_w2,0.05,0.1,2.0,GSP_warp,-0.007532147690653801
electricity,random-reset,stl,p24_k8,n0.05_m0.1_w2,0.05,0.1,2.0,LCS_clean,-0.03387261554598808
electricity,random-reset,stl,p24_k8,n0.05_m0.1_w2,0.05,0.1,2.0,LCS_noise,-0.024355573579669
electricity,random-reset,stl,p24_k8,n0.05_m0.1_w2,0.05,0.1,2.0,LCS_mask,-0.03344365581870079
electricity,random-reset,stl,p24_k8,n0.05_m0.1_w2,0.05,0.1,2.0,LCS_warp,-0.02357596717774868
electricity,random-reset,stl,p24_k8,n0.05_m0.1_w2,0.05,0.1,2.0,TSI_noise,0.9999147057533264
electricity,random-reset,stl,p24_k8,n0.05_m0.1_w2,0.05,0.1,2.0,TSI_mask,0.9999819397926331
electricity,random-reset,stl,p24_k8,n0.05_m0.1_w2,0.05,0.1,2.0,TSI_warp,0.9992350339889526
electricity,random-reset,stl,p24_k8,n0.05_m0.1_w2,0.05,0.1,2.0,GSP_noise,-0.009517041966319084
electricity,random-reset,stl,p24_k8,n0.05_m0.1_w2,0.05,0.1,2.0,GSP_mask,-0.0004289597272872925
electricity,random-reset,stl,p24_k8,n0.05_m0.1_w2,0.05,0.1,2.0,GSP_warp,-0.010296648368239403
electricity,random-reset,stl,p24_k12,n0.05_m0.1_w2,0.05,0.1,2.0,LCS_clean,-0.18947455286979675
electricity,random-reset,stl,p24_k12,n0.05_m0.1_w2,0.05,0.1,2.0,LCS_noise,-0.18362343311309814
electricity,random-reset,stl,p24_k12,n0.05_m0.1_w2,0.05,0.1,2.0,LCS_mask,-0.19005979597568512
electricity,random-reset,stl,p24_k12,n0.05_m0.1_w2,0.05,0.1,2.0,LCS_warp,-0.23912867903709412
electricity,random-reset,stl,p24_k12,n0.05_m0.1_w2,0.05,0.1,2.0,TSI_noise,0.9999147057533264
electricity,random-reset,stl,p24_k12,n0.05_m0.1_w2,0.05,0.1,2.0,TSI_mask,0.9999819397926331
electricity,random-reset,stl,p24_k12,n0.05_m0.1_w2,0.05,0.1,2.0,TSI_warp,0.9992350339889526
electricity,random-reset,stl,p24_k12,n0.05_m0.1_w2,0.05,0.1,2.0,GSP_noise,-0.005851119756698608
electricity,random-reset,stl,p24_k12,n0.05_m0.1_w2,0.05,0.1,2.0,GSP_mask,0.0005852431058883667
electricity,random-reset,stl,p24_k12,n0.05_m0.1_w2,0.05,0.1,2.0,GSP_warp,0.04965412616729736
electricity,random-reset,stl,p48_k4,n0.05_m0.1_w2,0.05,0.1,2.0,LCS_clean,-0.029753893613815308
electricity,random-reset,stl,p48_k4,n0.05_m0.1_w2,0.05,0.1,2.0,LCS_noise,-0.023786088451743126
electricity,random-reset,stl,p48_k4,n0.05_m0.1_w2,0.05,0.1,2.0,LCS_mask,-0.030329223722219467
electricity,random-reset,stl,p48_k4,n0.05_m0.1_w2,0.05,0.1,2.0,LCS_warp,-0.03282840549945831
electricity,random-reset,stl,p48_k4,n0.05_m0.1_w2,0.05,0.1,2.0,TSI_noise,0.9999147057533264
electricity,random-reset,stl,p48_k4,n0.05_m0.1_w2,0.05,0.1,2.0,TSI_mask,0.9999819397926331
electricity,random-reset,stl,p48_k4,n0.05_m0.1_w2,0.05,0.1,2.0,TSI_warp,0.9992350339889526
electricity,random-reset,stl,p48_k4,n0.05_m0.1_w2,0.05,0.1,2.0,GSP_noise,-0.005967805162072182
electricity,random-reset,stl,p48_k4,n0.05_m0.1_w2,0.05,0.1,2.0,GSP_mask,0.0005753301084041595
electricity,random-reset,stl,p48_k4,n0.05_m0.1_w2,0.05,0.1,2.0,GSP_warp,0.0030745118856430054
electricity,random-reset,stl,p48_k8,n0.05_m0.1_w2,0.05,0.1,2.0,LCS_clean,-0.20137032866477966
electricity,random-reset,stl,p48_k8,n0.05_m0.1_w2,0.05,0.1,2.0,LCS_noise,-0.19695508480072021
electricity,random-reset,stl,p48_k8,n0.05_m0.1_w2,0.05,0.1,2.0,LCS_mask,-0.20243272185325623
electricity,random-reset,stl,p48_k8,n0.05_m0.1_w2,0.05,0.1,2.0,LCS_warp,-0.2300461083650589
electricity,random-reset,stl,p48_k8,n0.05_m0.1_w2,0.05,0.1,2.0,TSI_noise,0.9999147057533264
electricity,random-reset,stl,p48_k8,n0.05_m0.1_w2,0.05,0.1,2.0,TSI_mask,0.9999819397926331
electricity,random-reset,stl,p48_k8,n0.05_m0.1_w2,0.05,0.1,2.0,TSI_warp,0.9992350339889526
electricity,random-reset,stl,p48_k8,n0.05_m0.1_w2,0.05,0.1,2.0,GSP_noise,-0.004415243864059448
electricity,random-reset,stl,p48_k8,n0.05_m0.1_w2,0.05,0.1,2.0,GSP_mask,0.0010623931884765625
electricity,random-reset,stl,p48_k8,n0.05_m0.1_w2,0.05,0.1,2.0,GSP_warp,0.028675779700279236
electricity,random-reset,stl,p48_k12,n0.05_m0.1_w2,0.05,0.1,2.0,LCS_clean,-0.1944175660610199
electricity,random-reset,stl,p48_k12,n0.05_m0.1_w2,0.05,0.1,2.0,LCS_noise,-0.1930573582649231
electricity,random-reset,stl,p48_k12,n0.05_m0.1_w2,0.05,0.1,2.0,LCS_mask,-0.19571921229362488
electricity,random-reset,stl,p48_k12,n0.05_m0.1_w2,0.05,0.1,2.0,LCS_warp,-0.22567406296730042
electricity,random-reset,stl,p48_k12,n0.05_m0.1_w2,0.05,0.1,2.0,TSI_noise,0.9999147057533264
electricity,random-reset,stl,p48_k12,n0.05_m0.1_w2,0.05,0.1,2.0,TSI_mask,0.9999819397926331
electricity,random-reset,stl,p48_k12,n0.05_m0.1_w2,0.05,0.1,2.0,TSI_warp,0.9992350339889526
electricity,random-reset,stl,p48_k12,n0.05_m0.1_w2,0.05,0.1,2.0,GSP_noise,-0.0013602077960968018
electricity,random-reset,stl,p48_k12,n0.05_m0.1_w2,0.05,0.1,2.0,GSP_mask,0.0013016462326049805
electricity,random-reset,stl,p48_k12,n0.05_m0.1_w2,0.05,0.1,2.0,GSP_warp,0.03125649690628052
electricity,random-reset,stl,p96_k4,n0.05_m0.1_w2,0.05,0.1,2.0,LCS_clean,-0.23525123298168182
electricity,random-reset,stl,p96_k4,n0.05_m0.1_w2,0.05,0.1,2.0,LCS_noise,-0.22394156455993652
electricity,random-reset,stl,p96_k4,n0.05_m0.1_w2,0.05,0.1,2.0,LCS_mask,-0.23544836044311523
electricity,random-reset,stl,p96_k4,n0.05_m0.1_w2,0.05,0.1,2.0,LCS_warp,-0.2530859112739563
electricity,random-reset,stl,p96_k4,n0.05_m0.1_w2,0.05,0.1,2.0,TSI_noise,0.9999147057533264
electricity,random-reset,stl,p96_k4,n0.05_m0.1_w2,0.05,0.1,2.0,TSI_mask,0.9999819397926331
electricity,random-reset,stl,p96_k4,n0.05_m0.1_w2,0.05,0.1,2.0,TSI_warp,0.9992350339889526
electricity,random-reset,stl,p96_k4,n0.05_m0.1_w2,0.05,0.1,2.0,GSP_noise,-0.0113096684217453
electricity,random-reset,stl,p96_k4,n0.05_m0.1_w2,0.05,0.1,2.0,GSP_mask,0.00019712746143341064
electricity,random-reset,stl,p96_k4,n0.05_m0.1_w2,0.05,0.1,2.0,GSP_warp,0.017834678292274475
electricity,random-reset,stl,p96_k8,n0.05_m0.1_w2,0.05,0.1,2.0,LCS_clean,-0.2340952455997467
electricity,random-reset,stl,p96_k8,n0.05_m0.1_w2,0.05,0.1,2.0,LCS_noise,-0.2228056788444519
electricity,random-reset,stl,p96_k8,n0.05_m0.1_w2,0.05,0.1,2.0,LCS_mask,-0.23414453864097595
electricity,random-reset,stl,p96_k8,n0.05_m0.1_w2,0.05,0.1,2.0,LCS_warp,-0.2540094256401062
electricity,random-reset,stl,p96_k8,n0.05_m0.1_w2,0.05,0.1,2.0,TSI_noise,0.9999147057533264
electricity,random-reset,stl,p96_k8,n0.05_m0.1_w2,0.05,0.1,2.0,TSI_mask,0.9999819397926331
electricity,random-reset,stl,p96_k8,n0.05_m0.1_w2,0.05,0.1,2.0,TSI_warp,0.9992350339889526
electricity,random-reset,stl,p96_k8,n0.05_m0.1_w2,0.05,0.1,2.0,GSP_noise,-0.0112895667552948
electricity,random-reset,stl,p96_k8,n0.05_m0.1_w2,0.05,0.1,2.0,GSP_mask,4.929304122924805e-05
electricity,random-reset,stl,p96_k8,n0.05_m0.1_w2,0.05,0.1,2.0,GSP_warp,0.019914180040359497
electricity,random-reset,stl,p96_k12,n0.05_m0.1_w2,0.05,0.1,2.0,LCS_clean,-0.22849425673484802
electricity,random-reset,stl,p96_k12,n0.05_m0.1_w2,0.05,0.1,2.0,LCS_noise,-0.21817323565483093
electricity,random-reset,stl,p96_k12,n0.05_m0.1_w2,0.05,0.1,2.0,LCS_mask,-0.22881925106048584
electricity,random-reset,stl,p96_k12,n0.05_m0.1_w2,0.05,0.1,2.0,LCS_warp,-0.25147712230682373
electricity,random-reset,stl,p96_k12,n0.05_m0.1_w2,0.05,0.1,2.0,TSI_noise,0.9999147057533264
electricity,random-reset,stl,p96_k12,n0.05_m0.1_w2,0.05,0.1,2.0,TSI_mask,0.9999819397926331
electricity,random-reset,stl,p96_k12,n0.05_m0.1_w2,0.05,0.1,2.0,TSI_warp,0.9992350339889526
electricity,random-reset,stl,p96_k12,n0.05_m0.1_w2,0.05,0.1,2.0,GSP_noise,-0.01032102108001709
electricity,random-reset,stl,p96_k12,n0.05_m0.1_w2,0.05,0.1,2.0,GSP_mask,0.0003249943256378174
electricity,random-reset,stl,p96_k12,n0.05_m0.1_w2,0.05,0.1,2.0,GSP_warp,0.022982865571975708
electricity,random-reset,phase8,na,n0.05_m0.1_w3,0.05,0.1,3.0,LCS_clean,-0.0685289204120636
electricity,random-reset,phase8,na,n0.05_m0.1_w3,0.05,0.1,3.0,LCS_noise,-0.0497773215174675
electricity,random-reset,phase8,na,n0.05_m0.1_w3,0.05,0.1,3.0,LCS_mask,-0.06825630366802216
electricity,random-reset,phase8,na,n0.05_m0.1_w3,0.05,0.1,3.0,LCS_warp,-0.03795957937836647
electricity,random-reset,phase8,na,n0.05_m0.1_w3,0.05,0.1,3.0,TSI_noise,0.99991774559021
electricity,random-reset,phase8,na,n0.05_m0.1_w3,0.05,0.1,3.0,TSI_mask,0.9999810457229614
electricity,random-reset,phase8,na,n0.05_m0.1_w3,0.05,0.1,3.0,TSI_warp,0.9990172386169434
electricity,random-reset,phase8,na,n0.05_m0.1_w3,0.05,0.1,3.0,GSP_noise,-0.0187515988945961
electricity,random-reset,phase8,na,n0.05_m0.1_w3,0.05,0.1,3.0,GSP_mask,-0.00027261674404144287
electricity,random-reset,phase8,na,n0.05_m0.1_w3,0.05,0.1,3.0,GSP_warp,-0.03056934103369713
electricity,random-reset,stl,p24_k4,n0.05_m0.1_w3,0.05,0.1,3.0,LCS_clean,-0.022040951997041702
electricity,random-reset,stl,p24_k4,n0.05_m0.1_w3,0.05,0.1,3.0,LCS_noise,-0.011695921421051025
electricity,random-reset,stl,p24_k4,n0.05_m0.1_w3,0.05,0.1,3.0,LCS_mask,-0.022630129009485245
electricity,random-reset,stl,p24_k4,n0.05_m0.1_w3,0.05,0.1,3.0,LCS_warp,-0.01066223531961441
electricity,random-reset,stl,p24_k4,n0.05_m0.1_w3,0.05,0.1,3.0,TSI_noise,0.99991774559021
electricity,random-reset,stl,p24_k4,n0.05_m0.1_w3,0.05,0.1,3.0,TSI_mask,0.9999810457229614
electricity,random-reset,stl,p24_k4,n0.05_m0.1_w3,0.05,0.1,3.0,TSI_warp,0.9990172386169434
electricity,random-reset,stl,p24_k4,n0.05_m0.1_w3,0.05,0.1,3.0,GSP_noise,-0.010345030575990677
electricity,random-reset,stl,p24_k4,n0.05_m0.1_w3,0.05,0.1,3.0,GSP_mask,0.0005891770124435425
electricity,random-reset,stl,p24_k4,n0.05_m0.1_w3,0.05,0.1,3.0,GSP_warp,-0.011378716677427292
electricity,random-reset,stl,p24_k8,n0.05_m0.1_w3,0.05,0.1,3.0,LCS_clean,-0.03387261554598808
electricity,random-reset,stl,p24_k8,n0.05_m0.1_w3,0.05,0.1,3.0,LCS_noise,-0.024106722325086594
electricity,random-reset,stl,p24_k8,n0.05_m0.1_w3,0.05,0.1,3.0,LCS_mask,-0.03342641144990921
electricity,random-reset,stl,p24_k8,n0.05_m0.1_w3,0.05,0.1,3.0,LCS_warp,-0.028867311775684357
electricity,random-reset,stl,p24_k8,n0.05_m0.1_w3,0.05,0.1,3.0,TSI_noise,0.99991774559021
electricity,random-reset,stl,p24_k8,n0.05_m0.1_w3,0.05,0.1,3.0,TSI_mask,0.9999810457229614
electricity,random-reset,stl,p24_k8,n0.05_m0.1_w3,0.05,0.1,3.0,TSI_warp,0.9990172386169434
electricity,random-reset,stl,p24_k8,n0.05_m0.1_w3,0.05,0.1,3.0,GSP_noise,-0.00976589322090149
electricity,random-reset,stl,p24_k8,n0.05_m0.1_w3,0.05,0.1,3.0,GSP_mask,-0.0004462040960788727
electricity,random-reset,stl,p24_k8,n0.05_m0.1_w3,0.05,0.1,3.0,GSP_warp,-0.005005303770303726
electricity,random-reset,stl,p24_k12,n0.05_m0.1_w3,0.05,0.1,3.0,LCS_clean,-0.18947455286979675
electricity,random-reset,stl,p24_k12,n0.05_m0.1_w3,0.05,0.1,3.0,LCS_noise,-0.18411017954349518
electricity,random-reset,stl,p24_k12,n0.05_m0.1_w3,0.05,0.1,3.0,LCS_mask,-0.19089668989181519
electricity,random-reset,stl,p24_k12,n0.05_m0.1_w3,0.05,0.1,3.0,LCS_warp,-0.22920942306518555
electricity,random-reset,stl,p24_k12,n0.05_m0.1_w3,0.05,0.1,3.0,TSI_noise,0.99991774559021
electricity,random-reset,stl,p24_k12,n0.05_m0.1_w3,0.05,0.1,3.0,TSI_mask,0.9999810457229614
electricity,random-reset,stl,p24_k12,n0.05_m0.1_w3,0.05,0.1,3.0,TSI_warp,0.9990172386169434
electricity,random-reset,stl,p24_k12,n0.05_m0.1_w3,0.05,0.1,3.0,GSP_noise,-0.005364373326301575
electricity,random-reset,stl,p24_k12,n0.05_m0.1_w3,0.05,0.1,3.0,GSP_mask,0.0014221370220184326
electricity,random-reset,stl,p24_k12,n0.05_m0.1_w3,0.05,0.1,3.0,GSP_warp,0.039734870195388794
electricity,random-reset,stl,p48_k4,n0.05_m0.1_w3,0.05,0.1,3.0,LCS_clean,-0.029753893613815308
electricity,random-reset,stl,p48_k4,n0.05_m0.1_w3,0.05,0.1,3.0,LCS_noise,-0.02342361956834793
electricity,random-reset,stl,p48_k4,n0.05_m0.1_w3,0.05,0.1,3.0,LCS_mask,-0.030078865587711334
electricity,random-reset,stl,p48_k4,n0.05_m0.1_w3,0.05,0.1,3.0,LCS_warp,-0.019951820373535156
electricity,random-reset,stl,p48_k4,n0.05_m0.1_w3,0.05,0.1,3.0,TSI_noise,0.99991774559021
electricity,random-reset,stl,p48_k4,n0.05_m0.1_w3,0.05,0.1,3.0,TSI_mask,0.9999810457229614
electricity,random-reset,stl,p48_k4,n0.05_m0.1_w3,0.05,0.1,3.0,TSI_warp,0.9990172386169434
electricity,random-reset,stl,p48_k4,n0.05_m0.1_w3,0.05,0.1,3.0,GSP_noise,-0.006330274045467377
electricity,random-reset,stl,p48_k4,n0.05_m0.1_w3,0.05,0.1,3.0,GSP_mask,0.0003249719738960266
electricity,random-reset,stl,p48_k4,n0.05_m0.1_w3,0.05,0.1,3.0,GSP_warp,-0.009802073240280151
electricity,random-reset,stl,p48_k8,n0.05_m0.1_w3,0.05,0.1,3.0,LCS_clean,-0.20137032866477966
electricity,random-reset,stl,p48_k8,n0.05_m0.1_w3,0.05,0.1,3.0,LCS_noise,-0.19541743397712708
electricity,random-reset,stl,p48_k8,n0.05_m0.1_w3,0.05,0.1,3.0,LCS_mask,-0.20179483294487
electricity,random-reset,stl,p48_k8,n0.05_m0.1_w3,0.05,0.1,3.0,LCS_warp,-0.23365303874015808
electricity,random-reset,stl,p48_k8,n0.05_m0.1_w3,0.05,0.1,3.0,TSI_noise,0.99991774559021
electricity,random-reset,stl,p48_k8,n0.05_m0.1_w3,0.05,0.1,3.0,TSI_mask,0.9999810457229614
electricity,random-reset,stl,p48_k8,n0.05_m0.1_w3,0.05,0.1,3.0,TSI_warp,0.9990172386169434
electricity,random-reset,stl,p48_k8,n0.05_m0.1_w3,0.05,0.1,3.0,GSP_noise,-0.005952894687652588
electricity,random-reset,stl,p48_k8,n0.05_m0.1_w3,0.05,0.1,3.0,GSP_mask,0.00042450428009033203
electricity,random-reset,stl,p48_k8,n0.05_m0.1_w3,0.05,0.1,3.0,GSP_warp,0.03228271007537842
electricity,random-reset,stl,p48_k12,n0.05_m0.1_w3,0.05,0.1,3.0,LCS_clean,-0.1944175660610199
electricity,random-reset,stl,p48_k12,n0.05_m0.1_w3,0.05,0.1,3.0,LCS_noise,-0.19141675531864166
electricity,random-reset,stl,p48_k12,n0.05_m0.1_w3,0.05,0.1,3.0,LCS_mask,-0.19509389996528625
electricity,random-reset,stl,p48_k12,n0.05_m0.1_w3,0.05,0.1,3.0,LCS_warp,-0.22981585562229156
electricity,random-reset,stl,p48_k12,n0.05_m0.1_w3,0.05,0.1,3.0,TSI_noise,0.99991774559021
electricity,random-reset,stl,p48_k12,n0.05_m0.1_w3,0.05,0.1,3.0,TSI_mask,0.9999810457229614
electricity,random-reset,stl,p48_k12,n0.05_m0.1_w3,0.05,0.1,3.0,TSI_warp,0.9990172386169434
electricity,random-reset,stl,p48_k12,n0.05_m0.1_w3,0.05,0.1,3.0,GSP_noise,-0.003000810742378235
electricity,random-reset,stl,p48_k12,n0.05_m0.1_w3,0.05,0.1,3.0,GSP_mask,0.0006763339042663574
electricity,random-reset,stl,p48_k12,n0.05_m0.1_w3,0.05,0.1,3.0,GSP_warp,0.03539828956127167
electricity,random-reset,stl,p96_k4,n0.05_m0.1_w3,0.05,0.1,3.0,LCS_clean,-0.23525123298168182
electricity,random-reset,stl,p96_k4,n0.05_m0.1_w3,0.05,0.1,3.0,LCS_noise,-0.22209055721759796
electricity,random-reset,stl,p96_k4,n0.05_m0.1_w3,0.05,0.1,3.0,LCS_mask,-0.23533576726913452
electricity,random-reset,stl,p96_k4,n0.05_m0.1_w3,0.05,0.1,3.0,LCS_warp,-0.25039994716644287
electricity,random-reset,stl,p96_k4,n0.05_m0.1_w3,0.05,0.1,3.0,TSI_noise,0.99991774559021
electricity,random-reset,stl,p96_k4,n0.05_m0.1_w3,0.05,0.1,3.0,TSI_mask,0.9999810457229614
electricity,random-reset,stl,p96_k4,n0.05_m0.1_w3,0.05,0.1,3.0,TSI_warp,0.9990172386169434
electricity,random-reset,stl,p96_k4,n0.05_m0.1_w3,0.05,0.1,3.0,GSP_noise,-0.013160675764083862
electricity,random-reset,stl,p96_k4,n0.05_m0.1_w3,0.05,0.1,3.0,GSP_mask,8.453428745269775e-05
electricity,random-reset,stl,p96_k4,n0.05_m0.1_w3,0.05,0.1,3.0,GSP_warp,0.015148714184761047
electricity,random-reset,stl,p96_k8,n0.05_m0.1_w3,0.05,0.1,3.0,LCS_clean,-0.2340952455997467
electricity,random-reset,stl,p96_k8,n0.05_m0.1_w3,0.05,0.1,3.0,LCS_noise,-0.22093115746974945
electricity,random-reset,stl,p96_k8,n0.05_m0.1_w3,0.05,0.1,3.0,LCS_mask,-0.2342149019241333
electricity,random-reset,stl,p96_k8,n0.05_m0.1_w3,0.05,0.1,3.0,LCS_warp,-0.25425955653190613
electricity,random-reset,stl,p96_k8,n0.05_m0.1_w3,0.05,0.1,3.0,TSI_noise,0.99991774559021
electricity,random-reset,stl,p96_k8,n0.05_m0.1_w3,0.05,0.1,3.0,TSI_mask,0.9999810457229614
electricity,random-reset,stl,p96_k8,n0.05_m0.1_w3,0.05,0.1,3.0,TSI_warp,0.9990172386169434
electricity,random-reset,stl,p96_k8,n0.05_m0.1_w3,0.05,0.1,3.0,GSP_noise,-0.013164088129997253
electricity,random-reset,stl,p96_k8,n0.05_m0.1_w3,0.05,0.1,3.0,GSP_mask,0.00011965632438659668
electricity,random-reset,stl,p96_k8,n0.05_m0.1_w3,0.05,0.1,3.0,GSP_warp,0.020164310932159424
electricity,random-reset,stl,p96_k12,n0.05_m0.1_w3,0.05,0.1,3.0,LCS_clean,-0.22849425673484802
electricity,random-reset,stl,p96_k12,n0.05_m0.1_w3,0.05,0.1,3.0,LCS_noise,-0.2163926661014557
electricity,random-reset,stl,p96_k12,n0.05_m0.1_w3,0.05,0.1,3.0,LCS_mask,-0.22903016209602356
electricity,random-reset,stl,p96_k12,n0.05_m0.1_w3,0.05,0.1,3.0,LCS_warp,-0.2562519311904907
electricity,random-reset,stl,p96_k12,n0.05_m0.1_w3,0.05,0.1,3.0,TSI_noise,0.99991774559021
electricity,random-reset,stl,p96_k12,n0.05_m0.1_w3,0.05,0.1,3.0,TSI_mask,0.9999810457229614
electricity,random-reset,stl,p96_k12,n0.05_m0.1_w3,0.05,0.1,3.0,TSI_warp,0.9990172386169434
electricity,random-reset,stl,p96_k12,n0.05_m0.1_w3,0.05,0.1,3.0,GSP_noise,-0.012101590633392334
electricity,random-reset,stl,p96_k12,n0.05_m0.1_w3,0.05,0.1,3.0,GSP_mask,0.0005359053611755371
electricity,random-reset,stl,p96_k12,n0.05_m0.1_w3,0.05,0.1,3.0,GSP_warp,0.0277576744556427
